/home/peter/miniconda3/envs/Attention-stability/lib/python3.8/site-packages/timm/models/layers/__init__.py:49: FutureWarning: Importing from timm.models.layers is deprecated, please import via timm.layers
  warnings.warn(f"Importing from {__name__} is deprecated, please import via timm.layers", FutureWarning)
/home/peter/research/Mask2Former/mask2former/modeling/pixel_decoder/msdeformattn.py:314: FutureWarning: `torch.cuda.amp.autocast(args...)` is deprecated. Please use `torch.amp.autocast('cuda', args...)` instead.
  @autocast(enabled=False)
Loading config custom_configs/training/csfd_swinb_90k.yaml with yaml.unsafe_load. Your machine may be at risk if the file contains malicious content.
Loading config custom_configs/training/../../configs/cityscapes/semantic-segmentation/swin/../Base-Cityscapes-SemanticSegmentation.yaml with yaml.unsafe_load. Your machine may be at risk if the file contains malicious content.

=== Registering DG datasets (19-class Cityscapes label space) ===
[cityscapes] cityscapes_fine_sem_seg_train already registered by detectron2 builtin
[cityscapes] cityscapes_fine_sem_seg_val already registered by detectron2 builtin
[bdd100k] preparing labels...
[bdd100k] registered bdd100k_sem_seg_train (7000 samples)
[bdd100k] registered bdd100k_sem_seg_val (1000 samples)
[gta5] preparing labels...
[gta5] registered gta5_sem_seg_val (24966 samples)
[mapillary] preparing labels...
[mapillary] config_v2.0.json: matched 29/124 classes -> 19-class
[mapillary] removed existing registration for mapillary_vistas_sem_seg_train
[mapillary] removed existing registration for mapillary_vistas_sem_seg_val
[mapillary] registered mapillary_vistas_sem_seg_train (18000 samples)
[mapillary] registered mapillary_vistas_sem_seg_val (2000 samples)
[acdc] registered acdc_sem_seg_val
[acdc] registered acdc_fog_sem_seg_val
[acdc] registered acdc_night_sem_seg_val
[acdc] registered acdc_rain_sem_seg_val
[acdc] registered acdc_snow_sem_seg_val
=== Registration complete ===

[mask2former.datasets] Note: Could not import custom datasets: No module named 'mask2former.datasets'
Command Line Args: Namespace(config_file='custom_configs/training/csfd_swinb_90k.yaml', dist_url='tcp://127.0.0.1:50153', eval_only=True, machine_rank=0, num_gpus=1, num_machines=1, opts=['MODEL.CSFD.USE_GATE', 'False', 'MODEL.WEIGHTS', 'experiments/training_outputs/csfd_ablation_robust_only/model_final.pth', 'DATASETS.TEST', '("gta5_sem_seg_val",)', 'OUTPUT_DIR', 'experiments/ablation_results/robust_only'], resume=False)
[08/06 16:31:39 detectron2]: Rank of current process: 0. World size: 1
[08/06 16:31:39 detectron2]: Environment info:
-------------------------------  -----------------------------------------------------------------------------------------------------
sys.platform                     linux
Python                           3.8.20 (default, Oct  3 2024, 15:24:27) [GCC 11.2.0]
numpy                            1.24.4
detectron2                       0.6 @/home/peter/research/detectron2/detectron2
Compiler                         GCC 11.4
CUDA compiler                    CUDA 12.1
detectron2 arch flags            8.6
DETECTRON2_ENV_MODULE            <not set>
PyTorch                          2.4.0+cu121 @/home/peter/miniconda3/envs/Attention-stability/lib/python3.8/site-packages/torch
PyTorch debug build              False
torch._C._GLIBCXX_USE_CXX11_ABI  False
GPU available                    Yes
GPU 0                            NVIDIA GeForce RTX 3090 (arch=8.6)
Driver version                   591.86
CUDA_HOME                        /usr/local/cuda-12.1
TORCH_CUDA_ARCH_LIST             8.6
Pillow                           10.4.0
torchvision                      0.19.0+cu121 @/home/peter/miniconda3/envs/Attention-stability/lib/python3.8/site-packages/torchvision
torchvision arch flags           5.0, 6.0, 7.0, 7.5, 8.0, 8.6, 9.0
fvcore                           0.1.5.post20221221
iopath                           0.1.9
cv2                              4.13.0
-------------------------------  -----------------------------------------------------------------------------------------------------
PyTorch built with:
  - GCC 9.3
  - C++ Version: 201703
  - Intel(R) oneAPI Math Kernel Library Version 2022.2-Product Build 20220804 for Intel(R) 64 architecture applications
  - Intel(R) MKL-DNN v3.4.2 (Git Hash 1137e04ec0b5251ca2b4400a4fd3c667ce843d67)
  - OpenMP 201511 (a.k.a. OpenMP 4.5)
  - LAPACK is enabled (usually provided by MKL)
  - NNPACK is enabled
  - CPU capability usage: AVX2
  - CUDA Runtime 12.1
  - NVCC architecture flags: -gencode;arch=compute_50,code=sm_50;-gencode;arch=compute_60,code=sm_60;-gencode;arch=compute_70,code=sm_70;-gencode;arch=compute_75,code=sm_75;-gencode;arch=compute_80,code=sm_80;-gencode;arch=compute_86,code=sm_86;-gencode;arch=compute_90,code=sm_90
  - CuDNN 90.1  (built against CUDA 12.4)
  - Magma 2.6.1
  - Build settings: BLAS_INFO=mkl, BUILD_TYPE=Release, CUDA_VERSION=12.1, CUDNN_VERSION=9.1.0, CXX_COMPILER=/opt/rh/devtoolset-9/root/usr/bin/c++, CXX_FLAGS= -D_GLIBCXX_USE_CXX11_ABI=0 -fabi-version=11 -fvisibility-inlines-hidden -DUSE_PTHREADPOOL -DNDEBUG -DUSE_KINETO -DLIBKINETO_NOROCTRACER -DUSE_FBGEMM -DUSE_PYTORCH_QNNPACK -DUSE_XNNPACK -DSYMBOLICATE_MOBILE_DEBUG_HANDLE -O2 -fPIC -Wall -Wextra -Werror=return-type -Werror=non-virtual-dtor -Werror=bool-operation -Wnarrowing -Wno-missing-field-initializers -Wno-type-limits -Wno-array-bounds -Wno-unknown-pragmas -Wno-unused-parameter -Wno-unused-function -Wno-unused-result -Wno-strict-overflow -Wno-strict-aliasing -Wno-stringop-overflow -Wsuggest-override -Wno-psabi -Wno-error=pedantic -Wno-error=old-style-cast -Wno-missing-braces -fdiagnostics-color=always -faligned-new -Wno-unused-but-set-variable -Wno-maybe-uninitialized -fno-math-errno -fno-trapping-math -Werror=format -Wno-stringop-overflow, LAPACK_INFO=mkl, PERF_WITH_AVX=1, PERF_WITH_AVX2=1, PERF_WITH_AVX512=1, TORCH_VERSION=2.4.0, USE_CUDA=ON, USE_CUDNN=ON, USE_CUSPARSELT=1, USE_EXCEPTION_PTR=1, USE_GFLAGS=OFF, USE_GLOG=OFF, USE_GLOO=ON, USE_MKL=ON, USE_MKLDNN=ON, USE_MPI=OFF, USE_NCCL=1, USE_NNPACK=ON, USE_OPENMP=ON, USE_ROCM=OFF, USE_ROCM_KERNEL_ASSERT=OFF, 

[08/06 16:31:39 detectron2]: Command line arguments: Namespace(config_file='custom_configs/training/csfd_swinb_90k.yaml', dist_url='tcp://127.0.0.1:50153', eval_only=True, machine_rank=0, num_gpus=1, num_machines=1, opts=['MODEL.CSFD.USE_GATE', 'False', 'MODEL.WEIGHTS', 'experiments/training_outputs/csfd_ablation_robust_only/model_final.pth', 'DATASETS.TEST', '("gta5_sem_seg_val",)', 'OUTPUT_DIR', 'experiments/ablation_results/robust_only'], resume=False)
[08/06 16:31:39 detectron2]: Contents of args.config_file=custom_configs/training/csfd_swinb_90k.yaml:
_BASE_: "../../configs/cityscapes/semantic-segmentation/swin/maskformer2_swin_base_IN21k_384_bs16_90k.yaml"
 
MODEL:
  BACKBONE:
    FREEZE_AT: 0
  WEIGHTS: "pretrained_weights/swin_base_patch4_window12_384_22k.pkl"
  SWIN:
    PRETRAIN_IMG_SIZE: 384
    WINDOW_SIZE: 12
    EMBED_DIM: 128
    DEPTHS: [2, 2, 18, 2]
    NUM_HEADS: [4, 8, 16, 32]
  MASK_FORMER:
    DEC_LAYERS: 10
  CSFD:
    ENABLED: True
    KERNEL_SIZE: 7
    INIT_SIGMA: 2.0
    REDUCTION: 4
 
SOLVER:
  IMS_PER_BATCH: 4
  BASE_LR: 0.0001
  WEIGHT_DECAY: 0.05
  MAX_ITER: 90000
  LR_SCHEDULER_NAME: "WarmupPolyLR"
  WARMUP_FACTOR: 1.0
  WARMUP_ITERS: 0
  POLY_LR_POWER: 0.9
  POLY_LR_CONSTANT_ENDING: 0.0
 
INPUT:
  MIN_SIZE_TRAIN: !!python/object/apply:eval ["[int(x * 0.1 * 1024) for x in range(5, 21)]"]
  MIN_SIZE_TRAIN_SAMPLING: "choice"
  MIN_SIZE_TEST: 1024
  MAX_SIZE_TRAIN: 4096
  MAX_SIZE_TEST: 2048
  CROP:
    ENABLED: True
    TYPE: "absolute"
    SIZE: (512, 1024)
    SINGLE_CATEGORY_MAX_AREA: 1.0
  COLOR_AUG_SSD: True
  FORMAT: "RGB"
 
DATALOADER:
  NUM_WORKERS: 4
 
OUTPUT_DIR: "experiments/training_outputs/csfd_swinb_90k"

[08/06 16:31:39 detectron2]: Running with full config:
CUDNN_BENCHMARK: false
DATALOADER:
  ASPECT_RATIO_GROUPING: true
  FILTER_EMPTY_ANNOTATIONS: true
  NUM_WORKERS: 4
  REPEAT_SQRT: true
  REPEAT_THRESHOLD: 0.0
  SAMPLER_TRAIN: TrainingSampler
DATASETS:
  PRECOMPUTED_PROPOSAL_TOPK_TEST: 1000
  PRECOMPUTED_PROPOSAL_TOPK_TRAIN: 2000
  PROPOSAL_FILES_TEST: []
  PROPOSAL_FILES_TRAIN: []
  TEST:
  - gta5_sem_seg_val
  TRAIN:
  - cityscapes_fine_sem_seg_train
FLOAT32_PRECISION: ''
GLOBAL:
  HACK: 1.0
INPUT:
  COLOR_AUG_SSD: true
  CROP:
    ENABLED: true
    SINGLE_CATEGORY_MAX_AREA: 1.0
    SIZE:
    - 512
    - 1024
    TYPE: absolute
  DATASET_MAPPER_NAME: mask_former_semantic
  FORMAT: RGB
  IMAGE_SIZE: 1024
  MASK_FORMAT: polygon
  MAX_SCALE: 2.0
  MAX_SIZE_TEST: 2048
  MAX_SIZE_TRAIN: 4096
  MIN_SCALE: 0.1
  MIN_SIZE_TEST: 1024
  MIN_SIZE_TRAIN:
  - 512
  - 614
  - 716
  - 819
  - 921
  - 1024
  - 1126
  - 1228
  - 1331
  - 1433
  - 1536
  - 1638
  - 1740
  - 1843
  - 1945
  - 2048
  MIN_SIZE_TRAIN_SAMPLING: choice
  RANDOM_FLIP: horizontal
  SIZE_DIVISIBILITY: -1
MODEL:
  ANCHOR_GENERATOR:
    ANGLES:
    - - -90
      - 0
      - 90
    ASPECT_RATIOS:
    - - 0.5
      - 1.0
      - 2.0
    NAME: DefaultAnchorGenerator
    OFFSET: 0.0
    SIZES:
    - - 32
      - 64
      - 128
      - 256
      - 512
  BACKBONE:
    FREEZE_AT: 0
    NAME: D2SwinTransformer
  CSFD:
    ENABLED: true
    INIT_SIGMA: 2.0
    KERNEL_SIZE: 7
    REDUCTION: 4
    STYLE_AUG:
      ENABLED: false
      MODE: full
      PROB: 0.5
      SEVERITY: 1.0
    USE_GATE: false
    USE_ROBUSTIFIER: true
  DEVICE: cuda
  FPN:
    FUSE_TYPE: sum
    IN_FEATURES: []
    NORM: ''
    OUT_CHANNELS: 256
  KEYPOINT_ON: false
  LOAD_PROPOSALS: false
  MASK_FORMER:
    CLASS_WEIGHT: 2.0
    DEC_LAYERS: 10
    DEEP_SUPERVISION: true
    DICE_WEIGHT: 5.0
    DIM_FEEDFORWARD: 2048
    DROPOUT: 0.0
    ENC_LAYERS: 0
    ENFORCE_INPUT_PROJ: false
    HIDDEN_DIM: 256
    IMPORTANCE_SAMPLE_RATIO: 0.75
    MASK_WEIGHT: 5.0
    NHEADS: 8
    NO_OBJECT_WEIGHT: 0.1
    NUM_OBJECT_QUERIES: 100
    OVERSAMPLE_RATIO: 3.0
    PRE_NORM: false
    SIZE_DIVISIBILITY: 32
    TEST:
      INSTANCE_ON: false
      OBJECT_MASK_THRESHOLD: 0.8
      OVERLAP_THRESHOLD: 0.8
      PANOPTIC_ON: false
      SEMANTIC_ON: true
      SEM_SEG_POSTPROCESSING_BEFORE_INFERENCE: false
    TRAIN_NUM_POINTS: 12544
    TRANSFORMER_DECODER_NAME: MultiScaleMaskedTransformerDecoder
    TRANSFORMER_IN_FEATURE: multi_scale_pixel_decoder
  MASK_ON: false
  META_ARCHITECTURE: MaskFormer
  PANOPTIC_FPN:
    COMBINE:
      ENABLED: true
      INSTANCES_CONFIDENCE_THRESH: 0.5
      OVERLAP_THRESH: 0.5
      STUFF_AREA_LIMIT: 4096
    INSTANCE_LOSS_WEIGHT: 1.0
  PIXEL_MEAN:
  - 123.675
  - 116.28
  - 103.53
  PIXEL_STD:
  - 58.395
  - 57.12
  - 57.375
  PROPOSAL_GENERATOR:
    MIN_SIZE: 0
    NAME: RPN
  RESNETS:
    DEFORM_MODULATED: false
    DEFORM_NUM_GROUPS: 1
    DEFORM_ON_PER_STAGE:
    - false
    - false
    - false
    - false
    DEPTH: 50
    NORM: SyncBN
    NUM_GROUPS: 1
    OUT_FEATURES:
    - res2
    - res3
    - res4
    - res5
    RES2_OUT_CHANNELS: 256
    RES4_DILATION: 1
    RES5_DILATION: 1
    RES5_MULTI_GRID:
    - 1
    - 1
    - 1
    STEM_OUT_CHANNELS: 64
    STEM_TYPE: basic
    STRIDE_IN_1X1: false
    WIDTH_PER_GROUP: 64
  RETINANET:
    BBOX_REG_LOSS_TYPE: smooth_l1
    BBOX_REG_WEIGHTS: &id002
    - 1.0
    - 1.0
    - 1.0
    - 1.0
    FOCAL_LOSS_ALPHA: 0.25
    FOCAL_LOSS_GAMMA: 2.0
    IN_FEATURES:
    - p3
    - p4
    - p5
    - p6
    - p7
    IOU_LABELS:
    - 0
    - -1
    - 1
    IOU_THRESHOLDS:
    - 0.4
    - 0.5
    NMS_THRESH_TEST: 0.5
    NORM: ''
    NUM_CLASSES: 80
    NUM_CONVS: 4
    PRIOR_PROB: 0.01
    SCORE_THRESH_TEST: 0.05
    SMOOTH_L1_LOSS_BETA: 0.1
    TOPK_CANDIDATES_TEST: 1000
  ROI_BOX_CASCADE_HEAD:
    BBOX_REG_WEIGHTS:
    - &id001
      - 10.0
      - 10.0
      - 5.0
      - 5.0
    - - 20.0
      - 20.0
      - 10.0
      - 10.0
    - - 30.0
      - 30.0
      - 15.0
      - 15.0
    IOUS:
    - 0.5
    - 0.6
    - 0.7
  ROI_BOX_HEAD:
    BBOX_REG_LOSS_TYPE: smooth_l1
    BBOX_REG_LOSS_WEIGHT: 1.0
    BBOX_REG_WEIGHTS: *id001
    CLS_AGNOSTIC_BBOX_REG: false
    CONV_DIM: 256
    FC_DIM: 1024
    FED_LOSS_FREQ_WEIGHT_POWER: 0.5
    FED_LOSS_NUM_CLASSES: 50
    NAME: ''
    NORM: ''
    NUM_CONV: 0
    NUM_FC: 0
    POOLER_RESOLUTION: 14
    POOLER_SAMPLING_RATIO: 0
    POOLER_TYPE: ROIAlignV2
    SMOOTH_L1_BETA: 0.0
    TRAIN_ON_PRED_BOXES: false
    USE_FED_LOSS: false
    USE_SIGMOID_CE: false
  ROI_HEADS:
    BATCH_SIZE_PER_IMAGE: 512
    IN_FEATURES:
    - res4
    IOU_LABELS:
    - 0
    - 1
    IOU_THRESHOLDS:
    - 0.5
    NAME: Res5ROIHeads
    NMS_THRESH_TEST: 0.5
    NUM_CLASSES: 80
    POSITIVE_FRACTION: 0.25
    PROPOSAL_APPEND_GT: true
    SCORE_THRESH_TEST: 0.05
  ROI_KEYPOINT_HEAD:
    CONV_DIMS:
    - 512
    - 512
    - 512
    - 512
    - 512
    - 512
    - 512
    - 512
    LOSS_WEIGHT: 1.0
    MIN_KEYPOINTS_PER_IMAGE: 1
    NAME: KRCNNConvDeconvUpsampleHead
    NORMALIZE_LOSS_BY_VISIBLE_KEYPOINTS: true
    NUM_KEYPOINTS: 17
    POOLER_RESOLUTION: 14
    POOLER_SAMPLING_RATIO: 0
    POOLER_TYPE: ROIAlignV2
  ROI_MASK_HEAD:
    CLS_AGNOSTIC_MASK: false
    CONV_DIM: 256
    NAME: MaskRCNNConvUpsampleHead
    NORM: ''
    NUM_CONV: 0
    POOLER_RESOLUTION: 14
    POOLER_SAMPLING_RATIO: 0
    POOLER_TYPE: ROIAlignV2
  RPN:
    BATCH_SIZE_PER_IMAGE: 256
    BBOX_REG_LOSS_TYPE: smooth_l1
    BBOX_REG_LOSS_WEIGHT: 1.0
    BBOX_REG_WEIGHTS: *id002
    BOUNDARY_THRESH: -1
    CONV_DIMS:
    - -1
    HEAD_NAME: StandardRPNHead
    IN_FEATURES:
    - res4
    IOU_LABELS:
    - 0
    - -1
    - 1
    IOU_THRESHOLDS:
    - 0.3
    - 0.7
    LOSS_WEIGHT: 1.0
    NMS_THRESH: 0.7
    POSITIVE_FRACTION: 0.5
    POST_NMS_TOPK_TEST: 1000
    POST_NMS_TOPK_TRAIN: 2000
    PRE_NMS_TOPK_TEST: 6000
    PRE_NMS_TOPK_TRAIN: 12000
    SMOOTH_L1_BETA: 0.0
  SEM_SEG_HEAD:
    ASPP_CHANNELS: 256
    ASPP_DILATIONS:
    - 6
    - 12
    - 18
    ASPP_DROPOUT: 0.1
    COMMON_STRIDE: 4
    CONVS_DIM: 256
    DEFORMABLE_TRANSFORMER_ENCODER_IN_FEATURES:
    - res3
    - res4
    - res5
    DEFORMABLE_TRANSFORMER_ENCODER_N_HEADS: 8
    DEFORMABLE_TRANSFORMER_ENCODER_N_POINTS: 4
    IGNORE_VALUE: 255
    IN_FEATURES:
    - res2
    - res3
    - res4
    - res5
    LOSS_TYPE: hard_pixel_mining
    LOSS_WEIGHT: 1.0
    MASK_DIM: 256
    NAME: MaskFormerHead
    NORM: GN
    NUM_CLASSES: 19
    PIXEL_DECODER_NAME: MSDeformAttnPixelDecoder
    PROJECT_CHANNELS:
    - 48
    PROJECT_FEATURES:
    - res2
    TRANSFORMER_ENC_LAYERS: 6
    USE_DEPTHWISE_SEPARABLE_CONV: false
  SWIN:
    APE: false
    ATTN_DROP_RATE: 0.0
    DEPTHS:
    - 2
    - 2
    - 18
    - 2
    DROP_PATH_RATE: 0.3
    DROP_RATE: 0.0
    EMBED_DIM: 128
    MLP_RATIO: 4.0
    NUM_HEADS:
    - 4
    - 8
    - 16
    - 32
    OUT_FEATURES:
    - res2
    - res3
    - res4
    - res5
    PATCH_NORM: true
    PATCH_SIZE: 4
    PRETRAIN_IMG_SIZE: 384
    QKV_BIAS: true
    QK_SCALE: null
    USE_CHECKPOINT: false
    WINDOW_SIZE: 12
  WEIGHTS: experiments/training_outputs/csfd_ablation_robust_only/model_final.pth
OUTPUT_DIR: experiments/ablation_results/robust_only
SEED: -1
SOLVER:
  AMP:
    ENABLED: true
  BACKBONE_MULTIPLIER: 0.1
  BASE_LR: 0.0001
  BASE_LR_END: 0.0
  BIAS_LR_FACTOR: 1.0
  CHECKPOINT_PERIOD: 5000
  CLIP_GRADIENTS:
    CLIP_TYPE: full_model
    CLIP_VALUE: 0.01
    ENABLED: true
    NORM_TYPE: 2.0
  GAMMA: 0.1
  IMS_PER_BATCH: 4
  LR_SCHEDULER_NAME: WarmupPolyLR
  MAX_ITER: 90000
  MOMENTUM: 0.9
  NESTEROV: false
  NUM_DECAYS: 3
  OPTIMIZER: ADAMW
  POLY_LR_CONSTANT_ENDING: 0.0
  POLY_LR_POWER: 0.9
  REFERENCE_WORLD_SIZE: 0
  RESCALE_INTERVAL: false
  STEPS:
  - 30000
  WARMUP_FACTOR: 1.0
  WARMUP_ITERS: 0
  WARMUP_METHOD: linear
  WEIGHT_DECAY: 0.05
  WEIGHT_DECAY_BIAS: null
  WEIGHT_DECAY_EMBED: 0.0
  WEIGHT_DECAY_NORM: 0.0
TEST:
  AUG:
    ENABLED: false
    FLIP: true
    MAX_SIZE: 4096
    MIN_SIZES:
    - 512
    - 768
    - 1024
    - 1280
    - 1536
    - 1792
  DETECTIONS_PER_IMAGE: 100
  EVAL_PERIOD: 5000
  EXPECTED_RESULTS: []
  KEYPOINT_OKS_SIGMAS: []
  PRECISE_BN:
    ENABLED: false
    NUM_ITER: 200
VERSION: 2
VIS_PERIOD: 0

[08/06 16:31:39 detectron2]: Full config saved to experiments/ablation_results/robust_only/config.yaml
[08/06 16:31:40 d2.utils.env]: Using a generated random seed 42569708
[08/06 16:31:40 mask2former.modeling.meta_arch.mask_former_head]: [CSFD] Enabled: kernel_size=7, params=179,457
[08/06 16:31:40 d2.engine.defaults]: Model:
MaskFormer(
  (backbone): D2SwinTransformer(
    (patch_embed): PatchEmbed(
      (proj): Conv2d(3, 128, kernel_size=(4, 4), stride=(4, 4))
      (norm): LayerNorm((128,), eps=1e-05, elementwise_affine=True)
    )
    (pos_drop): Dropout(p=0.0, inplace=False)
    (layers): ModuleList(
      (0): BasicLayer(
        (blocks): ModuleList(
          (0): SwinTransformerBlock(
            (norm1): LayerNorm((128,), eps=1e-05, elementwise_affine=True)
            (attn): WindowAttention(
              (qkv): Linear(in_features=128, out_features=384, bias=True)
              (attn_drop): Dropout(p=0.0, inplace=False)
              (proj): Linear(in_features=128, out_features=128, bias=True)
              (proj_drop): Dropout(p=0.0, inplace=False)
              (softmax): Softmax(dim=-1)
            )
            (drop_path): Identity()
            (norm2): LayerNorm((128,), eps=1e-05, elementwise_affine=True)
            (mlp): Mlp(
              (fc1): Linear(in_features=128, out_features=512, bias=True)
              (act): GELU(approximate='none')
              (fc2): Linear(in_features=512, out_features=128, bias=True)
              (drop): Dropout(p=0.0, inplace=False)
            )
          )
          (1): SwinTransformerBlock(
            (norm1): LayerNorm((128,), eps=1e-05, elementwise_affine=True)
            (attn): WindowAttention(
              (qkv): Linear(in_features=128, out_features=384, bias=True)
              (attn_drop): Dropout(p=0.0, inplace=False)
              (proj): Linear(in_features=128, out_features=128, bias=True)
              (proj_drop): Dropout(p=0.0, inplace=False)
              (softmax): Softmax(dim=-1)
            )
            (drop_path): DropPath(drop_prob=0.013)
            (norm2): LayerNorm((128,), eps=1e-05, elementwise_affine=True)
            (mlp): Mlp(
              (fc1): Linear(in_features=128, out_features=512, bias=True)
              (act): GELU(approximate='none')
              (fc2): Linear(in_features=512, out_features=128, bias=True)
              (drop): Dropout(p=0.0, inplace=False)
            )
          )
        )
        (downsample): PatchMerging(
          (reduction): Linear(in_features=512, out_features=256, bias=False)
          (norm): LayerNorm((512,), eps=1e-05, elementwise_affine=True)
        )
      )
      (1): BasicLayer(
        (blocks): ModuleList(
          (0): SwinTransformerBlock(
            (norm1): LayerNorm((256,), eps=1e-05, elementwise_affine=True)
            (attn): WindowAttention(
              (qkv): Linear(in_features=256, out_features=768, bias=True)
              (attn_drop): Dropout(p=0.0, inplace=False)
              (proj): Linear(in_features=256, out_features=256, bias=True)
              (proj_drop): Dropout(p=0.0, inplace=False)
              (softmax): Softmax(dim=-1)
            )
            (drop_path): DropPath(drop_prob=0.026)
            (norm2): LayerNorm((256,), eps=1e-05, elementwise_affine=True)
            (mlp): Mlp(
              (fc1): Linear(in_features=256, out_features=1024, bias=True)
              (act): GELU(approximate='none')
              (fc2): Linear(in_features=1024, out_features=256, bias=True)
              (drop): Dropout(p=0.0, inplace=False)
            )
          )
          (1): SwinTransformerBlock(
            (norm1): LayerNorm((256,), eps=1e-05, elementwise_affine=True)
            (attn): WindowAttention(
              (qkv): Linear(in_features=256, out_features=768, bias=True)
              (attn_drop): Dropout(p=0.0, inplace=False)
              (proj): Linear(in_features=256, out_features=256, bias=True)
              (proj_drop): Dropout(p=0.0, inplace=False)
              (softmax): Softmax(dim=-1)
            )
            (drop_path): DropPath(drop_prob=0.039)
            (norm2): LayerNorm((256,), eps=1e-05, elementwise_affine=True)
            (mlp): Mlp(
              (fc1): Linear(in_features=256, out_features=1024, bias=True)
              (act): GELU(approximate='none')
              (fc2): Linear(in_features=1024, out_features=256, bias=True)
              (drop): Dropout(p=0.0, inplace=False)
            )
          )
        )
        (downsample): PatchMerging(
          (reduction): Linear(in_features=1024, out_features=512, bias=False)
          (norm): LayerNorm((1024,), eps=1e-05, elementwise_affine=True)
        )
      )
      (2): BasicLayer(
        (blocks): ModuleList(
          (0): SwinTransformerBlock(
            (norm1): LayerNorm((512,), eps=1e-05, elementwise_affine=True)
            (attn): WindowAttention(
              (qkv): Linear(in_features=512, out_features=1536, bias=True)
              (attn_drop): Dropout(p=0.0, inplace=False)
              (proj): Linear(in_features=512, out_features=512, bias=True)
              (proj_drop): Dropout(p=0.0, inplace=False)
              (softmax): Softmax(dim=-1)
            )
            (drop_path): DropPath(drop_prob=0.052)
            (norm2): LayerNorm((512,), eps=1e-05, elementwise_affine=True)
            (mlp): Mlp(
              (fc1): Linear(in_features=512, out_features=2048, bias=True)
              (act): GELU(approximate='none')
              (fc2): Linear(in_features=2048, out_features=512, bias=True)
              (drop): Dropout(p=0.0, inplace=False)
            )
          )
          (1): SwinTransformerBlock(
            (norm1): LayerNorm((512,), eps=1e-05, elementwise_affine=True)
            (attn): WindowAttention(
              (qkv): Linear(in_features=512, out_features=1536, bias=True)
              (attn_drop): Dropout(p=0.0, inplace=False)
              (proj): Linear(in_features=512, out_features=512, bias=True)
              (proj_drop): Dropout(p=0.0, inplace=False)
              (softmax): Softmax(dim=-1)
            )
            (drop_path): DropPath(drop_prob=0.065)
            (norm2): LayerNorm((512,), eps=1e-05, elementwise_affine=True)
            (mlp): Mlp(
              (fc1): Linear(in_features=512, out_features=2048, bias=True)
              (act): GELU(approximate='none')
              (fc2): Linear(in_features=2048, out_features=512, bias=True)
              (drop): Dropout(p=0.0, inplace=False)
            )
          )
          (2): SwinTransformerBlock(
            (norm1): LayerNorm((512,), eps=1e-05, elementwise_affine=True)
            (attn): WindowAttention(
              (qkv): Linear(in_features=512, out_features=1536, bias=True)
              (attn_drop): Dropout(p=0.0, inplace=False)
              (proj): Linear(in_features=512, out_features=512, bias=True)
              (proj_drop): Dropout(p=0.0, inplace=False)
              (softmax): Softmax(dim=-1)
            )
            (drop_path): DropPath(drop_prob=0.078)
            (norm2): LayerNorm((512,), eps=1e-05, elementwise_affine=True)
            (mlp): Mlp(
              (fc1): Linear(in_features=512, out_features=2048, bias=True)
              (act): GELU(approximate='none')
              (fc2): Linear(in_features=2048, out_features=512, bias=True)
              (drop): Dropout(p=0.0, inplace=False)
            )
          )
          (3): SwinTransformerBlock(
            (norm1): LayerNorm((512,), eps=1e-05, elementwise_affine=True)
            (attn): WindowAttention(
              (qkv): Linear(in_features=512, out_features=1536, bias=True)
              (attn_drop): Dropout(p=0.0, inplace=False)
              (proj): Linear(in_features=512, out_features=512, bias=True)
              (proj_drop): Dropout(p=0.0, inplace=False)
              (softmax): Softmax(dim=-1)
            )
            (drop_path): DropPath(drop_prob=0.091)
            (norm2): LayerNorm((512,), eps=1e-05, elementwise_affine=True)
            (mlp): Mlp(
              (fc1): Linear(in_features=512, out_features=2048, bias=True)
              (act): GELU(approximate='none')
              (fc2): Linear(in_features=2048, out_features=512, bias=True)
              (drop): Dropout(p=0.0, inplace=False)
            )
          )
          (4): SwinTransformerBlock(
            (norm1): LayerNorm((512,), eps=1e-05, elementwise_affine=True)
            (attn): WindowAttention(
              (qkv): Linear(in_features=512, out_features=1536, bias=True)
              (attn_drop): Dropout(p=0.0, inplace=False)
              (proj): Linear(in_features=512, out_features=512, bias=True)
              (proj_drop): Dropout(p=0.0, inplace=False)
              (softmax): Softmax(dim=-1)
            )
            (drop_path): DropPath(drop_prob=0.104)
            (norm2): LayerNorm((512,), eps=1e-05, elementwise_affine=True)
            (mlp): Mlp(
              (fc1): Linear(in_features=512, out_features=2048, bias=True)
              (act): GELU(approximate='none')
              (fc2): Linear(in_features=2048, out_features=512, bias=True)
              (drop): Dropout(p=0.0, inplace=False)
            )
          )
          (5): SwinTransformerBlock(
            (norm1): LayerNorm((512,), eps=1e-05, elementwise_affine=True)
            (attn): WindowAttention(
              (qkv): Linear(in_features=512, out_features=1536, bias=True)
              (attn_drop): Dropout(p=0.0, inplace=False)
              (proj): Linear(in_features=512, out_features=512, bias=True)
              (proj_drop): Dropout(p=0.0, inplace=False)
              (softmax): Softmax(dim=-1)
            )
            (drop_path): DropPath(drop_prob=0.117)
            (norm2): LayerNorm((512,), eps=1e-05, elementwise_affine=True)
            (mlp): Mlp(
              (fc1): Linear(in_features=512, out_features=2048, bias=True)
              (act): GELU(approximate='none')
              (fc2): Linear(in_features=2048, out_features=512, bias=True)
              (drop): Dropout(p=0.0, inplace=False)
            )
          )
          (6): SwinTransformerBlock(
            (norm1): LayerNorm((512,), eps=1e-05, elementwise_affine=True)
            (attn): WindowAttention(
              (qkv): Linear(in_features=512, out_features=1536, bias=True)
              (attn_drop): Dropout(p=0.0, inplace=False)
              (proj): Linear(in_features=512, out_features=512, bias=True)
              (proj_drop): Dropout(p=0.0, inplace=False)
              (softmax): Softmax(dim=-1)
            )
            (drop_path): DropPath(drop_prob=0.130)
            (norm2): LayerNorm((512,), eps=1e-05, elementwise_affine=True)
            (mlp): Mlp(
              (fc1): Linear(in_features=512, out_features=2048, bias=True)
              (act): GELU(approximate='none')
              (fc2): Linear(in_features=2048, out_features=512, bias=True)
              (drop): Dropout(p=0.0, inplace=False)
            )
          )
          (7): SwinTransformerBlock(
            (norm1): LayerNorm((512,), eps=1e-05, elementwise_affine=True)
            (attn): WindowAttention(
              (qkv): Linear(in_features=512, out_features=1536, bias=True)
              (attn_drop): Dropout(p=0.0, inplace=False)
              (proj): Linear(in_features=512, out_features=512, bias=True)
              (proj_drop): Dropout(p=0.0, inplace=False)
              (softmax): Softmax(dim=-1)
            )
            (drop_path): DropPath(drop_prob=0.143)
            (norm2): LayerNorm((512,), eps=1e-05, elementwise_affine=True)
            (mlp): Mlp(
              (fc1): Linear(in_features=512, out_features=2048, bias=True)
              (act): GELU(approximate='none')
              (fc2): Linear(in_features=2048, out_features=512, bias=True)
              (drop): Dropout(p=0.0, inplace=False)
            )
          )
          (8): SwinTransformerBlock(
            (norm1): LayerNorm((512,), eps=1e-05, elementwise_affine=True)
            (attn): WindowAttention(
              (qkv): Linear(in_features=512, out_features=1536, bias=True)
              (attn_drop): Dropout(p=0.0, inplace=False)
              (proj): Linear(in_features=512, out_features=512, bias=True)
              (proj_drop): Dropout(p=0.0, inplace=False)
              (softmax): Softmax(dim=-1)
            )
            (drop_path): DropPath(drop_prob=0.157)
            (norm2): LayerNorm((512,), eps=1e-05, elementwise_affine=True)
            (mlp): Mlp(
              (fc1): Linear(in_features=512, out_features=2048, bias=True)
              (act): GELU(approximate='none')
              (fc2): Linear(in_features=2048, out_features=512, bias=True)
              (drop): Dropout(p=0.0, inplace=False)
            )
          )
          (9): SwinTransformerBlock(
            (norm1): LayerNorm((512,), eps=1e-05, elementwise_affine=True)
            (attn): WindowAttention(
              (qkv): Linear(in_features=512, out_features=1536, bias=True)
              (attn_drop): Dropout(p=0.0, inplace=False)
              (proj): Linear(in_features=512, out_features=512, bias=True)
              (proj_drop): Dropout(p=0.0, inplace=False)
              (softmax): Softmax(dim=-1)
            )
            (drop_path): DropPath(drop_prob=0.170)
            (norm2): LayerNorm((512,), eps=1e-05, elementwise_affine=True)
            (mlp): Mlp(
              (fc1): Linear(in_features=512, out_features=2048, bias=True)
              (act): GELU(approximate='none')
              (fc2): Linear(in_features=2048, out_features=512, bias=True)
              (drop): Dropout(p=0.0, inplace=False)
            )
          )
          (10): SwinTransformerBlock(
            (norm1): LayerNorm((512,), eps=1e-05, elementwise_affine=True)
            (attn): WindowAttention(
              (qkv): Linear(in_features=512, out_features=1536, bias=True)
              (attn_drop): Dropout(p=0.0, inplace=False)
              (proj): Linear(in_features=512, out_features=512, bias=True)
              (proj_drop): Dropout(p=0.0, inplace=False)
              (softmax): Softmax(dim=-1)
            )
            (drop_path): DropPath(drop_prob=0.183)
            (norm2): LayerNorm((512,), eps=1e-05, elementwise_affine=True)
            (mlp): Mlp(
              (fc1): Linear(in_features=512, out_features=2048, bias=True)
              (act): GELU(approximate='none')
              (fc2): Linear(in_features=2048, out_features=512, bias=True)
              (drop): Dropout(p=0.0, inplace=False)
            )
          )
          (11): SwinTransformerBlock(
            (norm1): LayerNorm((512,), eps=1e-05, elementwise_affine=True)
            (attn): WindowAttention(
              (qkv): Linear(in_features=512, out_features=1536, bias=True)
              (attn_drop): Dropout(p=0.0, inplace=False)
              (proj): Linear(in_features=512, out_features=512, bias=True)
              (proj_drop): Dropout(p=0.0, inplace=False)
              (softmax): Softmax(dim=-1)
            )
            (drop_path): DropPath(drop_prob=0.196)
            (norm2): LayerNorm((512,), eps=1e-05, elementwise_affine=True)
            (mlp): Mlp(
              (fc1): Linear(in_features=512, out_features=2048, bias=True)
              (act): GELU(approximate='none')
              (fc2): Linear(in_features=2048, out_features=512, bias=True)
              (drop): Dropout(p=0.0, inplace=False)
            )
          )
          (12): SwinTransformerBlock(
            (norm1): LayerNorm((512,), eps=1e-05, elementwise_affine=True)
            (attn): WindowAttention(
              (qkv): Linear(in_features=512, out_features=1536, bias=True)
              (attn_drop): Dropout(p=0.0, inplace=False)
              (proj): Linear(in_features=512, out_features=512, bias=True)
              (proj_drop): Dropout(p=0.0, inplace=False)
              (softmax): Softmax(dim=-1)
            )
            (drop_path): DropPath(drop_prob=0.209)
            (norm2): LayerNorm((512,), eps=1e-05, elementwise_affine=True)
            (mlp): Mlp(
              (fc1): Linear(in_features=512, out_features=2048, bias=True)
              (act): GELU(approximate='none')
              (fc2): Linear(in_features=2048, out_features=512, bias=True)
              (drop): Dropout(p=0.0, inplace=False)
            )
          )
          (13): SwinTransformerBlock(
            (norm1): LayerNorm((512,), eps=1e-05, elementwise_affine=True)
            (attn): WindowAttention(
              (qkv): Linear(in_features=512, out_features=1536, bias=True)
              (attn_drop): Dropout(p=0.0, inplace=False)
              (proj): Linear(in_features=512, out_features=512, bias=True)
              (proj_drop): Dropout(p=0.0, inplace=False)
              (softmax): Softmax(dim=-1)
            )
            (drop_path): DropPath(drop_prob=0.222)
            (norm2): LayerNorm((512,), eps=1e-05, elementwise_affine=True)
            (mlp): Mlp(
              (fc1): Linear(in_features=512, out_features=2048, bias=True)
              (act): GELU(approximate='none')
              (fc2): Linear(in_features=2048, out_features=512, bias=True)
              (drop): Dropout(p=0.0, inplace=False)
            )
          )
          (14): SwinTransformerBlock(
            (norm1): LayerNorm((512,), eps=1e-05, elementwise_affine=True)
            (attn): WindowAttention(
              (qkv): Linear(in_features=512, out_features=1536, bias=True)
              (attn_drop): Dropout(p=0.0, inplace=False)
              (proj): Linear(in_features=512, out_features=512, bias=True)
              (proj_drop): Dropout(p=0.0, inplace=False)
              (softmax): Softmax(dim=-1)
            )
            (drop_path): DropPath(drop_prob=0.235)
            (norm2): LayerNorm((512,), eps=1e-05, elementwise_affine=True)
            (mlp): Mlp(
              (fc1): Linear(in_features=512, out_features=2048, bias=True)
              (act): GELU(approximate='none')
              (fc2): Linear(in_features=2048, out_features=512, bias=True)
              (drop): Dropout(p=0.0, inplace=False)
            )
          )
          (15): SwinTransformerBlock(
            (norm1): LayerNorm((512,), eps=1e-05, elementwise_affine=True)
            (attn): WindowAttention(
              (qkv): Linear(in_features=512, out_features=1536, bias=True)
              (attn_drop): Dropout(p=0.0, inplace=False)
              (proj): Linear(in_features=512, out_features=512, bias=True)
              (proj_drop): Dropout(p=0.0, inplace=False)
              (softmax): Softmax(dim=-1)
            )
            (drop_path): DropPath(drop_prob=0.248)
            (norm2): LayerNorm((512,), eps=1e-05, elementwise_affine=True)
            (mlp): Mlp(
              (fc1): Linear(in_features=512, out_features=2048, bias=True)
              (act): GELU(approximate='none')
              (fc2): Linear(in_features=2048, out_features=512, bias=True)
              (drop): Dropout(p=0.0, inplace=False)
            )
          )
          (16): SwinTransformerBlock(
            (norm1): LayerNorm((512,), eps=1e-05, elementwise_affine=True)
            (attn): WindowAttention(
              (qkv): Linear(in_features=512, out_features=1536, bias=True)
              (attn_drop): Dropout(p=0.0, inplace=False)
              (proj): Linear(in_features=512, out_features=512, bias=True)
              (proj_drop): Dropout(p=0.0, inplace=False)
              (softmax): Softmax(dim=-1)
            )
            (drop_path): DropPath(drop_prob=0.261)
            (norm2): LayerNorm((512,), eps=1e-05, elementwise_affine=True)
            (mlp): Mlp(
              (fc1): Linear(in_features=512, out_features=2048, bias=True)
              (act): GELU(approximate='none')
              (fc2): Linear(in_features=2048, out_features=512, bias=True)
              (drop): Dropout(p=0.0, inplace=False)
            )
          )
          (17): SwinTransformerBlock(
            (norm1): LayerNorm((512,), eps=1e-05, elementwise_affine=True)
            (attn): WindowAttention(
              (qkv): Linear(in_features=512, out_features=1536, bias=True)
              (attn_drop): Dropout(p=0.0, inplace=False)
              (proj): Linear(in_features=512, out_features=512, bias=True)
              (proj_drop): Dropout(p=0.0, inplace=False)
              (softmax): Softmax(dim=-1)
            )
            (drop_path): DropPath(drop_prob=0.274)
            (norm2): LayerNorm((512,), eps=1e-05, elementwise_affine=True)
            (mlp): Mlp(
              (fc1): Linear(in_features=512, out_features=2048, bias=True)
              (act): GELU(approximate='none')
              (fc2): Linear(in_features=2048, out_features=512, bias=True)
              (drop): Dropout(p=0.0, inplace=False)
            )
          )
        )
        (downsample): PatchMerging(
          (reduction): Linear(in_features=2048, out_features=1024, bias=False)
          (norm): LayerNorm((2048,), eps=1e-05, elementwise_affine=True)
        )
      )
      (3): BasicLayer(
        (blocks): ModuleList(
          (0): SwinTransformerBlock(
            (norm1): LayerNorm((1024,), eps=1e-05, elementwise_affine=True)
            (attn): WindowAttention(
              (qkv): Linear(in_features=1024, out_features=3072, bias=True)
              (attn_drop): Dropout(p=0.0, inplace=False)
              (proj): Linear(in_features=1024, out_features=1024, bias=True)
              (proj_drop): Dropout(p=0.0, inplace=False)
              (softmax): Softmax(dim=-1)
            )
            (drop_path): DropPath(drop_prob=0.287)
            (norm2): LayerNorm((1024,), eps=1e-05, elementwise_affine=True)
            (mlp): Mlp(
              (fc1): Linear(in_features=1024, out_features=4096, bias=True)
              (act): GELU(approximate='none')
              (fc2): Linear(in_features=4096, out_features=1024, bias=True)
              (drop): Dropout(p=0.0, inplace=False)
            )
          )
          (1): SwinTransformerBlock(
            (norm1): LayerNorm((1024,), eps=1e-05, elementwise_affine=True)
            (attn): WindowAttention(
              (qkv): Linear(in_features=1024, out_features=3072, bias=True)
              (attn_drop): Dropout(p=0.0, inplace=False)
              (proj): Linear(in_features=1024, out_features=1024, bias=True)
              (proj_drop): Dropout(p=0.0, inplace=False)
              (softmax): Softmax(dim=-1)
            )
            (drop_path): DropPath(drop_prob=0.300)
            (norm2): LayerNorm((1024,), eps=1e-05, elementwise_affine=True)
            (mlp): Mlp(
              (fc1): Linear(in_features=1024, out_features=4096, bias=True)
              (act): GELU(approximate='none')
              (fc2): Linear(in_features=4096, out_features=1024, bias=True)
              (drop): Dropout(p=0.0, inplace=False)
            )
          )
        )
      )
    )
    (norm0): LayerNorm((128,), eps=1e-05, elementwise_affine=True)
    (norm1): LayerNorm((256,), eps=1e-05, elementwise_affine=True)
    (norm2): LayerNorm((512,), eps=1e-05, elementwise_affine=True)
    (norm3): LayerNorm((1024,), eps=1e-05, elementwise_affine=True)
  )
  (sem_seg_head): MaskFormerHead(
    (pixel_decoder): MSDeformAttnPixelDecoder(
      (input_proj): ModuleList(
        (0): Sequential(
          (0): Conv2d(1024, 256, kernel_size=(1, 1), stride=(1, 1))
          (1): GroupNorm(32, 256, eps=1e-05, affine=True)
        )
        (1): Sequential(
          (0): Conv2d(512, 256, kernel_size=(1, 1), stride=(1, 1))
          (1): GroupNorm(32, 256, eps=1e-05, affine=True)
        )
        (2): Sequential(
          (0): Conv2d(256, 256, kernel_size=(1, 1), stride=(1, 1))
          (1): GroupNorm(32, 256, eps=1e-05, affine=True)
        )
      )
      (transformer): MSDeformAttnTransformerEncoderOnly(
        (encoder): MSDeformAttnTransformerEncoder(
          (layers): ModuleList(
            (0-5): 6 x MSDeformAttnTransformerEncoderLayer(
              (self_attn): MSDeformAttn(
                (sampling_offsets): Linear(in_features=256, out_features=192, bias=True)
                (attention_weights): Linear(in_features=256, out_features=96, bias=True)
                (value_proj): Linear(in_features=256, out_features=256, bias=True)
                (output_proj): Linear(in_features=256, out_features=256, bias=True)
              )
              (dropout1): Dropout(p=0.0, inplace=False)
              (norm1): LayerNorm((256,), eps=1e-05, elementwise_affine=True)
              (linear1): Linear(in_features=256, out_features=1024, bias=True)
              (dropout2): Dropout(p=0.0, inplace=False)
              (linear2): Linear(in_features=1024, out_features=256, bias=True)
              (dropout3): Dropout(p=0.0, inplace=False)
              (norm2): LayerNorm((256,), eps=1e-05, elementwise_affine=True)
            )
          )
        )
      )
      (pe_layer): Positional encoding PositionEmbeddingSine
          num_pos_feats: 128
          temperature: 10000
          normalize: True
          scale: 6.283185307179586
      (mask_features): Conv2d(256, 256, kernel_size=(1, 1), stride=(1, 1))
      (adapter_1): Conv2d(
        128, 256, kernel_size=(1, 1), stride=(1, 1), bias=False
        (norm): GroupNorm(32, 256, eps=1e-05, affine=True)
      )
      (layer_1): Conv2d(
        256, 256, kernel_size=(3, 3), stride=(1, 1), padding=(1, 1), bias=False
        (norm): GroupNorm(32, 256, eps=1e-05, affine=True)
      )
    )
    (predictor): MultiScaleMaskedTransformerDecoder(
      (pe_layer): Positional encoding PositionEmbeddingSine
          num_pos_feats: 128
          temperature: 10000
          normalize: True
          scale: 6.283185307179586
      (transformer_self_attention_layers): ModuleList(
        (0-8): 9 x SelfAttentionLayer(
          (self_attn): MultiheadAttention(
            (out_proj): NonDynamicallyQuantizableLinear(in_features=256, out_features=256, bias=True)
          )
          (norm): LayerNorm((256,), eps=1e-05, elementwise_affine=True)
          (dropout): Dropout(p=0.0, inplace=False)
        )
      )
      (transformer_cross_attention_layers): ModuleList(
        (0-8): 9 x CrossAttentionLayer(
          (multihead_attn): MultiheadAttention(
            (out_proj): NonDynamicallyQuantizableLinear(in_features=256, out_features=256, bias=True)
          )
          (norm): LayerNorm((256,), eps=1e-05, elementwise_affine=True)
          (dropout): Dropout(p=0.0, inplace=False)
        )
      )
      (transformer_ffn_layers): ModuleList(
        (0-8): 9 x FFNLayer(
          (linear1): Linear(in_features=256, out_features=2048, bias=True)
          (dropout): Dropout(p=0.0, inplace=False)
          (linear2): Linear(in_features=2048, out_features=256, bias=True)
          (norm): LayerNorm((256,), eps=1e-05, elementwise_affine=True)
        )
      )
      (decoder_norm): LayerNorm((256,), eps=1e-05, elementwise_affine=True)
      (query_feat): Embedding(100, 256)
      (query_embed): Embedding(100, 256)
      (level_embed): Embedding(3, 256)
      (input_proj): ModuleList(
        (0-2): 3 x Sequential()
      )
      (class_embed): Linear(in_features=256, out_features=20, bias=True)
      (mask_embed): MLP(
        (layers): ModuleList(
          (0-2): 3 x Linear(in_features=256, out_features=256, bias=True)
        )
      )
    )
    (csfd): CSFD(
      in_channels=256, kernel_size=7, params=179.5K
      (low_pass): LearnableGaussianLowPass(
        (conv): Conv2d(256, 256, kernel_size=(7, 7), stride=(1, 1), padding=(3, 3), groups=256, bias=False)
      )
      (style_robustifier): StyleRobustifier(
        (norm): InstanceNorm2d(256, eps=1e-05, momentum=0.1, affine=True, track_running_stats=False)
        (transform): Sequential(
          (0): Conv2d(256, 64, kernel_size=(1, 1), stride=(1, 1), bias=False)
          (1): ReLU(inplace=True)
          (2): Conv2d(64, 256, kernel_size=(1, 1), stride=(1, 1), bias=False)
        )
      )
      (gate): SpatialGate(
        (gate_net): Sequential(
          (0): Conv2d(512, 256, kernel_size=(1, 1), stride=(1, 1), bias=False)
          (1): ReLU(inplace=True)
          (2): Conv2d(256, 256, kernel_size=(3, 3), stride=(1, 1), padding=(1, 1), groups=256, bias=False)
          (3): ReLU(inplace=True)
          (4): Conv2d(256, 1, kernel_size=(1, 1), stride=(1, 1))
        )
      )
    )
  )
  (criterion): Criterion SetCriterion
      matcher: Matcher HungarianMatcher
          cost_class: 2.0
          cost_mask: 5.0
          cost_dice: 5.0
      losses: ['labels', 'masks']
      weight_dict: {'loss_ce': 2.0, 'loss_mask': 5.0, 'loss_dice': 5.0, 'loss_ce_0': 2.0, 'loss_mask_0': 5.0, 'loss_dice_0': 5.0, 'loss_ce_1': 2.0, 'loss_mask_1': 5.0, 'loss_dice_1': 5.0, 'loss_ce_2': 2.0, 'loss_mask_2': 5.0, 'loss_dice_2': 5.0, 'loss_ce_3': 2.0, 'loss_mask_3': 5.0, 'loss_dice_3': 5.0, 'loss_ce_4': 2.0, 'loss_mask_4': 5.0, 'loss_dice_4': 5.0, 'loss_ce_5': 2.0, 'loss_mask_5': 5.0, 'loss_dice_5': 5.0, 'loss_ce_6': 2.0, 'loss_mask_6': 5.0, 'loss_dice_6': 5.0, 'loss_ce_7': 2.0, 'loss_mask_7': 5.0, 'loss_dice_7': 5.0, 'loss_ce_8': 2.0, 'loss_mask_8': 5.0, 'loss_dice_8': 5.0}
      num_classes: 19
      eos_coef: 0.1
      num_points: 12544
      oversample_ratio: 3.0
      importance_sample_ratio: 0.75
)
[08/06 16:31:40 d2.checkpoint.detection_checkpoint]: [DetectionCheckpointer] Loading from experiments/training_outputs/csfd_ablation_robust_only/model_final.pth ...
[08/06 16:31:40 fvcore.common.checkpoint]: [Checkpointer] Loading from experiments/training_outputs/csfd_ablation_robust_only/model_final.pth ...
[gta5] 24904 valid pairs, 62 skipped (size mismatch)
[08/06 16:35:07 d2.data.dataset_mapper]: [DatasetMapper] Augmentations used in inference: [ResizeShortestEdge(short_edge_length=(1024, 1024), max_size=2048, sample_style='choice')]
[08/06 16:35:07 d2.data.common]: Serializing the dataset using: <class 'detectron2.data.common._TorchSerializedList'>
[08/06 16:35:07 d2.data.common]: Serializing 24904 elements to byte tensors and concatenating them all ...
[08/06 16:35:07 d2.data.common]: Serialized dataset takes 4.77 MiB
[gta5] 24904 valid pairs, 62 skipped (size mismatch)
[08/06 16:38:19 d2.evaluation.evaluator]: Start inference on 24904 batches
/home/peter/miniconda3/envs/Attention-stability/lib/python3.8/site-packages/torch/functional.py:513: UserWarning: torch.meshgrid: in an upcoming release, it will be required to pass the indexing argument. (Triggered internally at ../aten/src/ATen/native/TensorShape.cpp:3609.)
  return _VF.meshgrid(tensors, **kwargs)  # type: ignore[attr-defined]
/home/peter/miniconda3/envs/Attention-stability/lib/python3.8/site-packages/fvcore/common/checkpoint.py:252: FutureWarning: You are using `torch.load` with `weights_only=False` (the current default value), which uses the default pickle module implicitly. It is possible to construct malicious pickle data which will execute arbitrary code during unpickling (See https://github.com/pytorch/pytorch/blob/main/SECURITY.md#untrusted-models for more details). In a future release, the default value for `weights_only` will be flipped to `True`. This limits the functions that could be executed during unpickling. Arbitrary objects will no longer be allowed to be loaded via this mode unless they are explicitly allowlisted by the user via `torch.serialization.add_safe_globals`. We recommend you start setting `weights_only=True` for any use case where you don't have full control of the loaded file. Please open an issue on GitHub for any issues related to this experimental feature.
  return torch.load(f, map_location=torch.device("cpu"))
[08/06 16:38:24 d2.evaluation.evaluator]: Inference done 11/24904. Dataloading: 0.0018 s/iter. Inference: 0.2293 s/iter. Eval: 0.0760 s/iter. Total: 0.3070 s/iter. ETA=2:07:22
[08/06 16:38:29 d2.evaluation.evaluator]: Inference done 24/24904. Dataloading: 0.0022 s/iter. Inference: 0.2304 s/iter. Eval: 0.0741 s/iter. Total: 0.3068 s/iter. ETA=2:07:13
[08/06 16:38:34 d2.evaluation.evaluator]: Inference done 41/24904. Dataloading: 0.0023 s/iter. Inference: 0.2293 s/iter. Eval: 0.0735 s/iter. Total: 0.3051 s/iter. ETA=2:06:25
[08/06 16:38:40 d2.evaluation.evaluator]: Inference done 58/24904. Dataloading: 0.0024 s/iter. Inference: 0.2289 s/iter. Eval: 0.0737 s/iter. Total: 0.3049 s/iter. ETA=2:06:16
[08/06 16:38:45 d2.evaluation.evaluator]: Inference done 75/24904. Dataloading: 0.0024 s/iter. Inference: 0.2289 s/iter. Eval: 0.0748 s/iter. Total: 0.3061 s/iter. ETA=2:06:40
[08/06 16:38:50 d2.evaluation.evaluator]: Inference done 92/24904. Dataloading: 0.0024 s/iter. Inference: 0.2291 s/iter. Eval: 0.0753 s/iter. Total: 0.3068 s/iter. ETA=2:06:52
[08/06 16:38:55 d2.evaluation.evaluator]: Inference done 109/24904. Dataloading: 0.0024 s/iter. Inference: 0.2292 s/iter. Eval: 0.0756 s/iter. Total: 0.3072 s/iter. ETA=2:06:57
[08/06 16:39:00 d2.evaluation.evaluator]: Inference done 121/24904. Dataloading: 0.0024 s/iter. Inference: 0.2292 s/iter. Eval: 0.0758 s/iter. Total: 0.3075 s/iter. ETA=2:06:59
[08/06 16:39:06 d2.evaluation.evaluator]: Inference done 138/24904. Dataloading: 0.0024 s/iter. Inference: 0.2293 s/iter. Eval: 0.0759 s/iter. Total: 0.3076 s/iter. ETA=2:06:58
[08/06 16:39:11 d2.evaluation.evaluator]: Inference done 155/24904. Dataloading: 0.0024 s/iter. Inference: 0.2293 s/iter. Eval: 0.0756 s/iter. Total: 0.3074 s/iter. ETA=2:06:48
[08/06 16:39:16 d2.evaluation.evaluator]: Inference done 172/24904. Dataloading: 0.0024 s/iter. Inference: 0.2294 s/iter. Eval: 0.0755 s/iter. Total: 0.3074 s/iter. ETA=2:06:42
[08/06 16:39:21 d2.evaluation.evaluator]: Inference done 189/24904. Dataloading: 0.0024 s/iter. Inference: 0.2295 s/iter. Eval: 0.0757 s/iter. Total: 0.3077 s/iter. ETA=2:06:43
[08/06 16:39:27 d2.evaluation.evaluator]: Inference done 206/24904. Dataloading: 0.0025 s/iter. Inference: 0.2295 s/iter. Eval: 0.0759 s/iter. Total: 0.3079 s/iter. ETA=2:06:44
[08/06 16:39:32 d2.evaluation.evaluator]: Inference done 223/24904. Dataloading: 0.0025 s/iter. Inference: 0.2296 s/iter. Eval: 0.0761 s/iter. Total: 0.3082 s/iter. ETA=2:06:45
[08/06 16:39:37 d2.evaluation.evaluator]: Inference done 235/24904. Dataloading: 0.0025 s/iter. Inference: 0.2296 s/iter. Eval: 0.0762 s/iter. Total: 0.3083 s/iter. ETA=2:06:45
[08/06 16:39:42 d2.evaluation.evaluator]: Inference done 252/24904. Dataloading: 0.0025 s/iter. Inference: 0.2296 s/iter. Eval: 0.0764 s/iter. Total: 0.3085 s/iter. ETA=2:06:46
[08/06 16:39:48 d2.evaluation.evaluator]: Inference done 269/24904. Dataloading: 0.0025 s/iter. Inference: 0.2296 s/iter. Eval: 0.0766 s/iter. Total: 0.3088 s/iter. ETA=2:06:46
[08/06 16:39:53 d2.evaluation.evaluator]: Inference done 285/24904. Dataloading: 0.0025 s/iter. Inference: 0.2297 s/iter. Eval: 0.0769 s/iter. Total: 0.3091 s/iter. ETA=2:06:49
[08/06 16:39:58 d2.evaluation.evaluator]: Inference done 301/24904. Dataloading: 0.0025 s/iter. Inference: 0.2298 s/iter. Eval: 0.0771 s/iter. Total: 0.3094 s/iter. ETA=2:06:52
[08/06 16:40:03 d2.evaluation.evaluator]: Inference done 317/24904. Dataloading: 0.0025 s/iter. Inference: 0.2299 s/iter. Eval: 0.0772 s/iter. Total: 0.3097 s/iter. ETA=2:06:54
[08/06 16:40:08 d2.evaluation.evaluator]: Inference done 331/24904. Dataloading: 0.0025 s/iter. Inference: 0.2300 s/iter. Eval: 0.0776 s/iter. Total: 0.3101 s/iter. ETA=2:07:01
[08/06 16:40:14 d2.evaluation.evaluator]: Inference done 347/24904. Dataloading: 0.0025 s/iter. Inference: 0.2301 s/iter. Eval: 0.0779 s/iter. Total: 0.3106 s/iter. ETA=2:07:07
[08/06 16:40:19 d2.evaluation.evaluator]: Inference done 363/24904. Dataloading: 0.0025 s/iter. Inference: 0.2302 s/iter. Eval: 0.0782 s/iter. Total: 0.3109 s/iter. ETA=2:07:10
[08/06 16:40:24 d2.evaluation.evaluator]: Inference done 379/24904. Dataloading: 0.0025 s/iter. Inference: 0.2303 s/iter. Eval: 0.0784 s/iter. Total: 0.3112 s/iter. ETA=2:07:11
[08/06 16:40:29 d2.evaluation.evaluator]: Inference done 395/24904. Dataloading: 0.0025 s/iter. Inference: 0.2304 s/iter. Eval: 0.0785 s/iter. Total: 0.3114 s/iter. ETA=2:07:12
[08/06 16:40:34 d2.evaluation.evaluator]: Inference done 411/24904. Dataloading: 0.0025 s/iter. Inference: 0.2306 s/iter. Eval: 0.0786 s/iter. Total: 0.3117 s/iter. ETA=2:07:13
[08/06 16:40:39 d2.evaluation.evaluator]: Inference done 427/24904. Dataloading: 0.0025 s/iter. Inference: 0.2306 s/iter. Eval: 0.0787 s/iter. Total: 0.3119 s/iter. ETA=2:07:14
[08/06 16:40:44 d2.evaluation.evaluator]: Inference done 439/24904. Dataloading: 0.0025 s/iter. Inference: 0.2307 s/iter. Eval: 0.0788 s/iter. Total: 0.3121 s/iter. ETA=2:07:14
[08/06 16:40:49 d2.evaluation.evaluator]: Inference done 455/24904. Dataloading: 0.0025 s/iter. Inference: 0.2309 s/iter. Eval: 0.0790 s/iter. Total: 0.3124 s/iter. ETA=2:07:17
[08/06 16:40:54 d2.evaluation.evaluator]: Inference done 471/24904. Dataloading: 0.0025 s/iter. Inference: 0.2310 s/iter. Eval: 0.0791 s/iter. Total: 0.3126 s/iter. ETA=2:07:17
[08/06 16:40:59 d2.evaluation.evaluator]: Inference done 487/24904. Dataloading: 0.0025 s/iter. Inference: 0.2311 s/iter. Eval: 0.0791 s/iter. Total: 0.3128 s/iter. ETA=2:07:16
[08/06 16:41:04 d2.evaluation.evaluator]: Inference done 503/24904. Dataloading: 0.0025 s/iter. Inference: 0.2312 s/iter. Eval: 0.0791 s/iter. Total: 0.3129 s/iter. ETA=2:07:14
[08/06 16:41:09 d2.evaluation.evaluator]: Inference done 519/24904. Dataloading: 0.0025 s/iter. Inference: 0.2312 s/iter. Eval: 0.0791 s/iter. Total: 0.3130 s/iter. ETA=2:07:11
[08/06 16:41:15 d2.evaluation.evaluator]: Inference done 535/24904. Dataloading: 0.0025 s/iter. Inference: 0.2313 s/iter. Eval: 0.0791 s/iter. Total: 0.3130 s/iter. ETA=2:07:07
[08/06 16:41:20 d2.evaluation.evaluator]: Inference done 548/24904. Dataloading: 0.0025 s/iter. Inference: 0.2314 s/iter. Eval: 0.0791 s/iter. Total: 0.3130 s/iter. ETA=2:07:04
[08/06 16:41:25 d2.evaluation.evaluator]: Inference done 564/24904. Dataloading: 0.0025 s/iter. Inference: 0.2315 s/iter. Eval: 0.0791 s/iter. Total: 0.3132 s/iter. ETA=2:07:02
[08/06 16:41:30 d2.evaluation.evaluator]: Inference done 580/24904. Dataloading: 0.0025 s/iter. Inference: 0.2315 s/iter. Eval: 0.0791 s/iter. Total: 0.3131 s/iter. ETA=2:06:57
[08/06 16:41:35 d2.evaluation.evaluator]: Inference done 596/24904. Dataloading: 0.0025 s/iter. Inference: 0.2315 s/iter. Eval: 0.0791 s/iter. Total: 0.3132 s/iter. ETA=2:06:53
[08/06 16:41:40 d2.evaluation.evaluator]: Inference done 612/24904. Dataloading: 0.0025 s/iter. Inference: 0.2315 s/iter. Eval: 0.0792 s/iter. Total: 0.3133 s/iter. ETA=2:06:50
[08/06 16:41:45 d2.evaluation.evaluator]: Inference done 628/24904. Dataloading: 0.0025 s/iter. Inference: 0.2316 s/iter. Eval: 0.0793 s/iter. Total: 0.3134 s/iter. ETA=2:06:49
[08/06 16:41:51 d2.evaluation.evaluator]: Inference done 641/24904. Dataloading: 0.0025 s/iter. Inference: 0.2316 s/iter. Eval: 0.0794 s/iter. Total: 0.3136 s/iter. ETA=2:06:49
[08/06 16:41:56 d2.evaluation.evaluator]: Inference done 657/24904. Dataloading: 0.0025 s/iter. Inference: 0.2317 s/iter. Eval: 0.0795 s/iter. Total: 0.3138 s/iter. ETA=2:06:47
[08/06 16:42:01 d2.evaluation.evaluator]: Inference done 673/24904. Dataloading: 0.0025 s/iter. Inference: 0.2317 s/iter. Eval: 0.0794 s/iter. Total: 0.3137 s/iter. ETA=2:06:42
[08/06 16:42:06 d2.evaluation.evaluator]: Inference done 689/24904. Dataloading: 0.0025 s/iter. Inference: 0.2317 s/iter. Eval: 0.0794 s/iter. Total: 0.3137 s/iter. ETA=2:06:37
[08/06 16:42:11 d2.evaluation.evaluator]: Inference done 705/24904. Dataloading: 0.0025 s/iter. Inference: 0.2317 s/iter. Eval: 0.0794 s/iter. Total: 0.3138 s/iter. ETA=2:06:32
[08/06 16:42:16 d2.evaluation.evaluator]: Inference done 722/24904. Dataloading: 0.0025 s/iter. Inference: 0.2317 s/iter. Eval: 0.0793 s/iter. Total: 0.3137 s/iter. ETA=2:06:24
[08/06 16:42:21 d2.evaluation.evaluator]: Inference done 739/24904. Dataloading: 0.0025 s/iter. Inference: 0.2318 s/iter. Eval: 0.0792 s/iter. Total: 0.3135 s/iter. ETA=2:06:16
[08/06 16:42:26 d2.evaluation.evaluator]: Inference done 750/24904. Dataloading: 0.0025 s/iter. Inference: 0.2319 s/iter. Eval: 0.0791 s/iter. Total: 0.3135 s/iter. ETA=2:06:12
[08/06 16:42:32 d2.evaluation.evaluator]: Inference done 767/24904. Dataloading: 0.0025 s/iter. Inference: 0.2320 s/iter. Eval: 0.0789 s/iter. Total: 0.3134 s/iter. ETA=2:06:05
[08/06 16:42:37 d2.evaluation.evaluator]: Inference done 785/24904. Dataloading: 0.0025 s/iter. Inference: 0.2318 s/iter. Eval: 0.0786 s/iter. Total: 0.3129 s/iter. ETA=2:05:47
[08/06 16:42:42 d2.evaluation.evaluator]: Inference done 802/24904. Dataloading: 0.0025 s/iter. Inference: 0.2318 s/iter. Eval: 0.0784 s/iter. Total: 0.3128 s/iter. ETA=2:05:38
[08/06 16:42:47 d2.evaluation.evaluator]: Inference done 819/24904. Dataloading: 0.0025 s/iter. Inference: 0.2318 s/iter. Eval: 0.0783 s/iter. Total: 0.3127 s/iter. ETA=2:05:31
[08/06 16:42:53 d2.evaluation.evaluator]: Inference done 836/24904. Dataloading: 0.0025 s/iter. Inference: 0.2318 s/iter. Eval: 0.0782 s/iter. Total: 0.3126 s/iter. ETA=2:05:23
[08/06 16:42:58 d2.evaluation.evaluator]: Inference done 852/24904. Dataloading: 0.0025 s/iter. Inference: 0.2319 s/iter. Eval: 0.0782 s/iter. Total: 0.3126 s/iter. ETA=2:05:19
[08/06 16:43:03 d2.evaluation.evaluator]: Inference done 864/24904. Dataloading: 0.0025 s/iter. Inference: 0.2319 s/iter. Eval: 0.0781 s/iter. Total: 0.3126 s/iter. ETA=2:05:14
[08/06 16:43:08 d2.evaluation.evaluator]: Inference done 881/24904. Dataloading: 0.0025 s/iter. Inference: 0.2320 s/iter. Eval: 0.0780 s/iter. Total: 0.3126 s/iter. ETA=2:05:09
[08/06 16:43:13 d2.evaluation.evaluator]: Inference done 898/24904. Dataloading: 0.0025 s/iter. Inference: 0.2320 s/iter. Eval: 0.0780 s/iter. Total: 0.3126 s/iter. ETA=2:05:03
[08/06 16:43:19 d2.evaluation.evaluator]: Inference done 915/24904. Dataloading: 0.0025 s/iter. Inference: 0.2320 s/iter. Eval: 0.0779 s/iter. Total: 0.3125 s/iter. ETA=2:04:57
[08/06 16:43:24 d2.evaluation.evaluator]: Inference done 932/24904. Dataloading: 0.0025 s/iter. Inference: 0.2321 s/iter. Eval: 0.0778 s/iter. Total: 0.3125 s/iter. ETA=2:04:51
[08/06 16:43:29 d2.evaluation.evaluator]: Inference done 948/24904. Dataloading: 0.0025 s/iter. Inference: 0.2321 s/iter. Eval: 0.0779 s/iter. Total: 0.3126 s/iter. ETA=2:04:48
[08/06 16:43:34 d2.evaluation.evaluator]: Inference done 960/24904. Dataloading: 0.0026 s/iter. Inference: 0.2321 s/iter. Eval: 0.0779 s/iter. Total: 0.3127 s/iter. ETA=2:04:46
[08/06 16:43:39 d2.evaluation.evaluator]: Inference done 976/24904. Dataloading: 0.0026 s/iter. Inference: 0.2322 s/iter. Eval: 0.0780 s/iter. Total: 0.3128 s/iter. ETA=2:04:43
[08/06 16:43:44 d2.evaluation.evaluator]: Inference done 992/24904. Dataloading: 0.0026 s/iter. Inference: 0.2322 s/iter. Eval: 0.0780 s/iter. Total: 0.3128 s/iter. ETA=2:04:38
[08/06 16:43:49 d2.evaluation.evaluator]: Inference done 1009/24904. Dataloading: 0.0026 s/iter. Inference: 0.2322 s/iter. Eval: 0.0779 s/iter. Total: 0.3127 s/iter. ETA=2:04:32
[08/06 16:43:54 d2.evaluation.evaluator]: Inference done 1025/24904. Dataloading: 0.0026 s/iter. Inference: 0.2323 s/iter. Eval: 0.0779 s/iter. Total: 0.3127 s/iter. ETA=2:04:27
[08/06 16:44:00 d2.evaluation.evaluator]: Inference done 1042/24904. Dataloading: 0.0026 s/iter. Inference: 0.2323 s/iter. Eval: 0.0777 s/iter. Total: 0.3126 s/iter. ETA=2:04:20
[08/06 16:44:05 d2.evaluation.evaluator]: Inference done 1059/24904. Dataloading: 0.0026 s/iter. Inference: 0.2323 s/iter. Eval: 0.0777 s/iter. Total: 0.3126 s/iter. ETA=2:04:14
[08/06 16:44:10 d2.evaluation.evaluator]: Inference done 1071/24904. Dataloading: 0.0026 s/iter. Inference: 0.2324 s/iter. Eval: 0.0776 s/iter. Total: 0.3126 s/iter. ETA=2:04:11
[08/06 16:44:15 d2.evaluation.evaluator]: Inference done 1087/24904. Dataloading: 0.0026 s/iter. Inference: 0.2324 s/iter. Eval: 0.0776 s/iter. Total: 0.3127 s/iter. ETA=2:04:06
[08/06 16:44:20 d2.evaluation.evaluator]: Inference done 1104/24904. Dataloading: 0.0026 s/iter. Inference: 0.2325 s/iter. Eval: 0.0776 s/iter. Total: 0.3126 s/iter. ETA=2:04:00
[08/06 16:44:26 d2.evaluation.evaluator]: Inference done 1121/24904. Dataloading: 0.0026 s/iter. Inference: 0.2325 s/iter. Eval: 0.0775 s/iter. Total: 0.3126 s/iter. ETA=2:03:55
[08/06 16:44:31 d2.evaluation.evaluator]: Inference done 1138/24904. Dataloading: 0.0026 s/iter. Inference: 0.2325 s/iter. Eval: 0.0775 s/iter. Total: 0.3126 s/iter. ETA=2:03:49
[08/06 16:44:36 d2.evaluation.evaluator]: Inference done 1155/24904. Dataloading: 0.0026 s/iter. Inference: 0.2326 s/iter. Eval: 0.0774 s/iter. Total: 0.3126 s/iter. ETA=2:03:43
[08/06 16:44:42 d2.evaluation.evaluator]: Inference done 1168/24904. Dataloading: 0.0026 s/iter. Inference: 0.2326 s/iter. Eval: 0.0774 s/iter. Total: 0.3126 s/iter. ETA=2:03:39
[08/06 16:44:47 d2.evaluation.evaluator]: Inference done 1185/24904. Dataloading: 0.0026 s/iter. Inference: 0.2326 s/iter. Eval: 0.0773 s/iter. Total: 0.3126 s/iter. ETA=2:03:34
[08/06 16:44:52 d2.evaluation.evaluator]: Inference done 1201/24904. Dataloading: 0.0026 s/iter. Inference: 0.2327 s/iter. Eval: 0.0773 s/iter. Total: 0.3126 s/iter. ETA=2:03:29
[08/06 16:44:57 d2.evaluation.evaluator]: Inference done 1217/24904. Dataloading: 0.0026 s/iter. Inference: 0.2327 s/iter. Eval: 0.0773 s/iter. Total: 0.3126 s/iter. ETA=2:03:24
[08/06 16:45:02 d2.evaluation.evaluator]: Inference done 1233/24904. Dataloading: 0.0026 s/iter. Inference: 0.2328 s/iter. Eval: 0.0772 s/iter. Total: 0.3126 s/iter. ETA=2:03:19
[08/06 16:45:07 d2.evaluation.evaluator]: Inference done 1250/24904. Dataloading: 0.0026 s/iter. Inference: 0.2328 s/iter. Eval: 0.0772 s/iter. Total: 0.3126 s/iter. ETA=2:03:14
[08/06 16:45:13 d2.evaluation.evaluator]: Inference done 1267/24904. Dataloading: 0.0026 s/iter. Inference: 0.2328 s/iter. Eval: 0.0771 s/iter. Total: 0.3126 s/iter. ETA=2:03:08
[08/06 16:45:18 d2.evaluation.evaluator]: Inference done 1279/24904. Dataloading: 0.0026 s/iter. Inference: 0.2328 s/iter. Eval: 0.0771 s/iter. Total: 0.3126 s/iter. ETA=2:03:04
[08/06 16:45:23 d2.evaluation.evaluator]: Inference done 1295/24904. Dataloading: 0.0026 s/iter. Inference: 0.2328 s/iter. Eval: 0.0771 s/iter. Total: 0.3126 s/iter. ETA=2:02:59
[08/06 16:45:28 d2.evaluation.evaluator]: Inference done 1311/24904. Dataloading: 0.0026 s/iter. Inference: 0.2329 s/iter. Eval: 0.0771 s/iter. Total: 0.3126 s/iter. ETA=2:02:55
[08/06 16:45:33 d2.evaluation.evaluator]: Inference done 1327/24904. Dataloading: 0.0026 s/iter. Inference: 0.2329 s/iter. Eval: 0.0772 s/iter. Total: 0.3127 s/iter. ETA=2:02:52
[08/06 16:45:38 d2.evaluation.evaluator]: Inference done 1343/24904. Dataloading: 0.0026 s/iter. Inference: 0.2329 s/iter. Eval: 0.0771 s/iter. Total: 0.3127 s/iter. ETA=2:02:47
[08/06 16:45:43 d2.evaluation.evaluator]: Inference done 1359/24904. Dataloading: 0.0026 s/iter. Inference: 0.2330 s/iter. Eval: 0.0771 s/iter. Total: 0.3127 s/iter. ETA=2:02:43
[08/06 16:45:48 d2.evaluation.evaluator]: Inference done 1375/24904. Dataloading: 0.0026 s/iter. Inference: 0.2330 s/iter. Eval: 0.0772 s/iter. Total: 0.3128 s/iter. ETA=2:02:39
[08/06 16:45:53 d2.evaluation.evaluator]: Inference done 1387/24904. Dataloading: 0.0026 s/iter. Inference: 0.2330 s/iter. Eval: 0.0772 s/iter. Total: 0.3128 s/iter. ETA=2:02:36
[08/06 16:45:58 d2.evaluation.evaluator]: Inference done 1403/24904. Dataloading: 0.0026 s/iter. Inference: 0.2330 s/iter. Eval: 0.0772 s/iter. Total: 0.3129 s/iter. ETA=2:02:32
[08/06 16:46:03 d2.evaluation.evaluator]: Inference done 1419/24904. Dataloading: 0.0026 s/iter. Inference: 0.2331 s/iter. Eval: 0.0772 s/iter. Total: 0.3129 s/iter. ETA=2:02:29
[08/06 16:46:08 d2.evaluation.evaluator]: Inference done 1435/24904. Dataloading: 0.0026 s/iter. Inference: 0.2331 s/iter. Eval: 0.0772 s/iter. Total: 0.3129 s/iter. ETA=2:02:24
[08/06 16:46:13 d2.evaluation.evaluator]: Inference done 1451/24904. Dataloading: 0.0026 s/iter. Inference: 0.2331 s/iter. Eval: 0.0772 s/iter. Total: 0.3130 s/iter. ETA=2:02:19
[08/06 16:46:18 d2.evaluation.evaluator]: Inference done 1467/24904. Dataloading: 0.0026 s/iter. Inference: 0.2332 s/iter. Eval: 0.0772 s/iter. Total: 0.3130 s/iter. ETA=2:02:15
[08/06 16:46:24 d2.evaluation.evaluator]: Inference done 1480/24904. Dataloading: 0.0026 s/iter. Inference: 0.2332 s/iter. Eval: 0.0772 s/iter. Total: 0.3130 s/iter. ETA=2:02:11
[08/06 16:46:29 d2.evaluation.evaluator]: Inference done 1497/24904. Dataloading: 0.0026 s/iter. Inference: 0.2332 s/iter. Eval: 0.0771 s/iter. Total: 0.3130 s/iter. ETA=2:02:05
[08/06 16:46:34 d2.evaluation.evaluator]: Inference done 1513/24904. Dataloading: 0.0026 s/iter. Inference: 0.2332 s/iter. Eval: 0.0771 s/iter. Total: 0.3130 s/iter. ETA=2:02:00
[08/06 16:46:39 d2.evaluation.evaluator]: Inference done 1529/24904. Dataloading: 0.0026 s/iter. Inference: 0.2332 s/iter. Eval: 0.0771 s/iter. Total: 0.3130 s/iter. ETA=2:01:55
[08/06 16:46:44 d2.evaluation.evaluator]: Inference done 1545/24904. Dataloading: 0.0026 s/iter. Inference: 0.2333 s/iter. Eval: 0.0771 s/iter. Total: 0.3130 s/iter. ETA=2:01:50
[08/06 16:46:49 d2.evaluation.evaluator]: Inference done 1561/24904. Dataloading: 0.0026 s/iter. Inference: 0.2333 s/iter. Eval: 0.0771 s/iter. Total: 0.3130 s/iter. ETA=2:01:46
[08/06 16:46:54 d2.evaluation.evaluator]: Inference done 1577/24904. Dataloading: 0.0026 s/iter. Inference: 0.2333 s/iter. Eval: 0.0770 s/iter. Total: 0.3130 s/iter. ETA=2:01:41
[08/06 16:46:59 d2.evaluation.evaluator]: Inference done 1589/24904. Dataloading: 0.0026 s/iter. Inference: 0.2333 s/iter. Eval: 0.0771 s/iter. Total: 0.3130 s/iter. ETA=2:01:38
[08/06 16:47:04 d2.evaluation.evaluator]: Inference done 1605/24904. Dataloading: 0.0026 s/iter. Inference: 0.2333 s/iter. Eval: 0.0771 s/iter. Total: 0.3131 s/iter. ETA=2:01:33
[08/06 16:47:09 d2.evaluation.evaluator]: Inference done 1621/24904. Dataloading: 0.0026 s/iter. Inference: 0.2334 s/iter. Eval: 0.0771 s/iter. Total: 0.3131 s/iter. ETA=2:01:28
[08/06 16:47:14 d2.evaluation.evaluator]: Inference done 1637/24904. Dataloading: 0.0026 s/iter. Inference: 0.2334 s/iter. Eval: 0.0770 s/iter. Total: 0.3131 s/iter. ETA=2:01:24
[08/06 16:47:19 d2.evaluation.evaluator]: Inference done 1653/24904. Dataloading: 0.0026 s/iter. Inference: 0.2334 s/iter. Eval: 0.0770 s/iter. Total: 0.3131 s/iter. ETA=2:01:19
[08/06 16:47:24 d2.evaluation.evaluator]: Inference done 1669/24904. Dataloading: 0.0026 s/iter. Inference: 0.2334 s/iter. Eval: 0.0770 s/iter. Total: 0.3131 s/iter. ETA=2:01:14
[08/06 16:47:29 d2.evaluation.evaluator]: Inference done 1685/24904. Dataloading: 0.0026 s/iter. Inference: 0.2334 s/iter. Eval: 0.0770 s/iter. Total: 0.3131 s/iter. ETA=2:01:09
[08/06 16:47:35 d2.evaluation.evaluator]: Inference done 1697/24904. Dataloading: 0.0026 s/iter. Inference: 0.2334 s/iter. Eval: 0.0770 s/iter. Total: 0.3131 s/iter. ETA=2:01:06
[08/06 16:47:40 d2.evaluation.evaluator]: Inference done 1713/24904. Dataloading: 0.0026 s/iter. Inference: 0.2335 s/iter. Eval: 0.0770 s/iter. Total: 0.3131 s/iter. ETA=2:01:01
[08/06 16:47:45 d2.evaluation.evaluator]: Inference done 1729/24904. Dataloading: 0.0026 s/iter. Inference: 0.2335 s/iter. Eval: 0.0770 s/iter. Total: 0.3131 s/iter. ETA=2:00:56
[08/06 16:47:50 d2.evaluation.evaluator]: Inference done 1745/24904. Dataloading: 0.0026 s/iter. Inference: 0.2335 s/iter. Eval: 0.0770 s/iter. Total: 0.3131 s/iter. ETA=2:00:51
[08/06 16:47:55 d2.evaluation.evaluator]: Inference done 1761/24904. Dataloading: 0.0026 s/iter. Inference: 0.2335 s/iter. Eval: 0.0770 s/iter. Total: 0.3131 s/iter. ETA=2:00:46
[08/06 16:48:00 d2.evaluation.evaluator]: Inference done 1777/24904. Dataloading: 0.0026 s/iter. Inference: 0.2335 s/iter. Eval: 0.0770 s/iter. Total: 0.3131 s/iter. ETA=2:00:41
[08/06 16:48:06 d2.evaluation.evaluator]: Inference done 1793/24904. Dataloading: 0.0026 s/iter. Inference: 0.2335 s/iter. Eval: 0.0770 s/iter. Total: 0.3131 s/iter. ETA=2:00:36
[08/06 16:48:11 d2.evaluation.evaluator]: Inference done 1810/24904. Dataloading: 0.0026 s/iter. Inference: 0.2335 s/iter. Eval: 0.0769 s/iter. Total: 0.3131 s/iter. ETA=2:00:31
[08/06 16:48:16 d2.evaluation.evaluator]: Inference done 1826/24904. Dataloading: 0.0026 s/iter. Inference: 0.2335 s/iter. Eval: 0.0769 s/iter. Total: 0.3131 s/iter. ETA=2:00:26
[08/06 16:48:22 d2.evaluation.evaluator]: Inference done 1842/24904. Dataloading: 0.0026 s/iter. Inference: 0.2336 s/iter. Eval: 0.0769 s/iter. Total: 0.3132 s/iter. ETA=2:00:22
[08/06 16:48:27 d2.evaluation.evaluator]: Inference done 1859/24904. Dataloading: 0.0026 s/iter. Inference: 0.2336 s/iter. Eval: 0.0768 s/iter. Total: 0.3131 s/iter. ETA=2:00:15
[08/06 16:48:32 d2.evaluation.evaluator]: Inference done 1876/24904. Dataloading: 0.0026 s/iter. Inference: 0.2336 s/iter. Eval: 0.0768 s/iter. Total: 0.3131 s/iter. ETA=2:00:09
[08/06 16:48:37 d2.evaluation.evaluator]: Inference done 1892/24904. Dataloading: 0.0026 s/iter. Inference: 0.2336 s/iter. Eval: 0.0768 s/iter. Total: 0.3131 s/iter. ETA=2:00:04
[08/06 16:48:42 d2.evaluation.evaluator]: Inference done 1904/24904. Dataloading: 0.0026 s/iter. Inference: 0.2336 s/iter. Eval: 0.0768 s/iter. Total: 0.3131 s/iter. ETA=2:00:01
[08/06 16:48:47 d2.evaluation.evaluator]: Inference done 1920/24904. Dataloading: 0.0026 s/iter. Inference: 0.2337 s/iter. Eval: 0.0768 s/iter. Total: 0.3131 s/iter. ETA=1:59:56
[08/06 16:48:53 d2.evaluation.evaluator]: Inference done 1937/24904. Dataloading: 0.0026 s/iter. Inference: 0.2336 s/iter. Eval: 0.0768 s/iter. Total: 0.3131 s/iter. ETA=1:59:50
[08/06 16:48:58 d2.evaluation.evaluator]: Inference done 1954/24904. Dataloading: 0.0026 s/iter. Inference: 0.2336 s/iter. Eval: 0.0768 s/iter. Total: 0.3131 s/iter. ETA=1:59:44
[08/06 16:49:03 d2.evaluation.evaluator]: Inference done 1971/24904. Dataloading: 0.0026 s/iter. Inference: 0.2336 s/iter. Eval: 0.0767 s/iter. Total: 0.3130 s/iter. ETA=1:59:38
[08/06 16:49:08 d2.evaluation.evaluator]: Inference done 1988/24904. Dataloading: 0.0026 s/iter. Inference: 0.2336 s/iter. Eval: 0.0767 s/iter. Total: 0.3130 s/iter. ETA=1:59:33
[08/06 16:49:15 d2.evaluation.evaluator]: Inference done 2003/24904. Dataloading: 0.0026 s/iter. Inference: 0.2336 s/iter. Eval: 0.0767 s/iter. Total: 0.3130 s/iter. ETA=1:59:28
[08/06 16:49:20 d2.evaluation.evaluator]: Inference done 2019/24904. Dataloading: 0.0026 s/iter. Inference: 0.2337 s/iter. Eval: 0.0767 s/iter. Total: 0.3131 s/iter. ETA=1:59:24
[08/06 16:49:25 d2.evaluation.evaluator]: Inference done 2036/24904. Dataloading: 0.0026 s/iter. Inference: 0.2337 s/iter. Eval: 0.0767 s/iter. Total: 0.3130 s/iter. ETA=1:59:17
[08/06 16:49:30 d2.evaluation.evaluator]: Inference done 2053/24904. Dataloading: 0.0026 s/iter. Inference: 0.2336 s/iter. Eval: 0.0766 s/iter. Total: 0.3130 s/iter. ETA=1:59:11
[08/06 16:49:35 d2.evaluation.evaluator]: Inference done 2070/24904. Dataloading: 0.0026 s/iter. Inference: 0.2336 s/iter. Eval: 0.0766 s/iter. Total: 0.3129 s/iter. ETA=1:59:04
[08/06 16:49:40 d2.evaluation.evaluator]: Inference done 2086/24904. Dataloading: 0.0026 s/iter. Inference: 0.2336 s/iter. Eval: 0.0766 s/iter. Total: 0.3129 s/iter. ETA=1:58:59
[08/06 16:49:45 d2.evaluation.evaluator]: Inference done 2102/24904. Dataloading: 0.0026 s/iter. Inference: 0.2336 s/iter. Eval: 0.0767 s/iter. Total: 0.3130 s/iter. ETA=1:58:55
[08/06 16:49:51 d2.evaluation.evaluator]: Inference done 2113/24904. Dataloading: 0.0026 s/iter. Inference: 0.2337 s/iter. Eval: 0.0767 s/iter. Total: 0.3130 s/iter. ETA=1:58:54
[08/06 16:49:56 d2.evaluation.evaluator]: Inference done 2130/24904. Dataloading: 0.0026 s/iter. Inference: 0.2337 s/iter. Eval: 0.0767 s/iter. Total: 0.3130 s/iter. ETA=1:58:48
[08/06 16:50:01 d2.evaluation.evaluator]: Inference done 2147/24904. Dataloading: 0.0026 s/iter. Inference: 0.2336 s/iter. Eval: 0.0767 s/iter. Total: 0.3130 s/iter. ETA=1:58:42
[08/06 16:50:06 d2.evaluation.evaluator]: Inference done 2164/24904. Dataloading: 0.0026 s/iter. Inference: 0.2336 s/iter. Eval: 0.0766 s/iter. Total: 0.3129 s/iter. ETA=1:58:35
[08/06 16:50:12 d2.evaluation.evaluator]: Inference done 2181/24904. Dataloading: 0.0026 s/iter. Inference: 0.2336 s/iter. Eval: 0.0766 s/iter. Total: 0.3129 s/iter. ETA=1:58:29
[08/06 16:50:17 d2.evaluation.evaluator]: Inference done 2198/24904. Dataloading: 0.0026 s/iter. Inference: 0.2336 s/iter. Eval: 0.0766 s/iter. Total: 0.3129 s/iter. ETA=1:58:24
[08/06 16:50:23 d2.evaluation.evaluator]: Inference done 2213/24904. Dataloading: 0.0026 s/iter. Inference: 0.2337 s/iter. Eval: 0.0766 s/iter. Total: 0.3130 s/iter. ETA=1:58:21
[08/06 16:50:28 d2.evaluation.evaluator]: Inference done 2229/24904. Dataloading: 0.0026 s/iter. Inference: 0.2337 s/iter. Eval: 0.0766 s/iter. Total: 0.3130 s/iter. ETA=1:58:16
[08/06 16:50:33 d2.evaluation.evaluator]: Inference done 2246/24904. Dataloading: 0.0026 s/iter. Inference: 0.2337 s/iter. Eval: 0.0765 s/iter. Total: 0.3129 s/iter. ETA=1:58:09
[08/06 16:50:39 d2.evaluation.evaluator]: Inference done 2263/24904. Dataloading: 0.0026 s/iter. Inference: 0.2336 s/iter. Eval: 0.0765 s/iter. Total: 0.3128 s/iter. ETA=1:58:02
[08/06 16:50:44 d2.evaluation.evaluator]: Inference done 2280/24904. Dataloading: 0.0026 s/iter. Inference: 0.2336 s/iter. Eval: 0.0765 s/iter. Total: 0.3128 s/iter. ETA=1:57:56
[08/06 16:50:49 d2.evaluation.evaluator]: Inference done 2296/24904. Dataloading: 0.0026 s/iter. Inference: 0.2336 s/iter. Eval: 0.0765 s/iter. Total: 0.3128 s/iter. ETA=1:57:51
[08/06 16:50:54 d2.evaluation.evaluator]: Inference done 2312/24904. Dataloading: 0.0026 s/iter. Inference: 0.2336 s/iter. Eval: 0.0765 s/iter. Total: 0.3128 s/iter. ETA=1:57:47
[08/06 16:50:59 d2.evaluation.evaluator]: Inference done 2323/24904. Dataloading: 0.0026 s/iter. Inference: 0.2337 s/iter. Eval: 0.0765 s/iter. Total: 0.3128 s/iter. ETA=1:57:44
[08/06 16:51:04 d2.evaluation.evaluator]: Inference done 2339/24904. Dataloading: 0.0026 s/iter. Inference: 0.2337 s/iter. Eval: 0.0765 s/iter. Total: 0.3129 s/iter. ETA=1:57:39
[08/06 16:51:09 d2.evaluation.evaluator]: Inference done 2355/24904. Dataloading: 0.0026 s/iter. Inference: 0.2337 s/iter. Eval: 0.0765 s/iter. Total: 0.3129 s/iter. ETA=1:57:34
[08/06 16:51:14 d2.evaluation.evaluator]: Inference done 2371/24904. Dataloading: 0.0026 s/iter. Inference: 0.2337 s/iter. Eval: 0.0765 s/iter. Total: 0.3129 s/iter. ETA=1:57:30
[08/06 16:51:19 d2.evaluation.evaluator]: Inference done 2387/24904. Dataloading: 0.0026 s/iter. Inference: 0.2337 s/iter. Eval: 0.0765 s/iter. Total: 0.3129 s/iter. ETA=1:57:26
[08/06 16:51:24 d2.evaluation.evaluator]: Inference done 2403/24904. Dataloading: 0.0026 s/iter. Inference: 0.2337 s/iter. Eval: 0.0765 s/iter. Total: 0.3130 s/iter. ETA=1:57:21
[08/06 16:51:29 d2.evaluation.evaluator]: Inference done 2419/24904. Dataloading: 0.0026 s/iter. Inference: 0.2338 s/iter. Eval: 0.0766 s/iter. Total: 0.3130 s/iter. ETA=1:57:17
[08/06 16:51:35 d2.evaluation.evaluator]: Inference done 2431/24904. Dataloading: 0.0026 s/iter. Inference: 0.2338 s/iter. Eval: 0.0766 s/iter. Total: 0.3130 s/iter. ETA=1:57:13
[08/06 16:51:40 d2.evaluation.evaluator]: Inference done 2447/24904. Dataloading: 0.0026 s/iter. Inference: 0.2338 s/iter. Eval: 0.0766 s/iter. Total: 0.3130 s/iter. ETA=1:57:09
[08/06 16:51:45 d2.evaluation.evaluator]: Inference done 2463/24904. Dataloading: 0.0026 s/iter. Inference: 0.2338 s/iter. Eval: 0.0766 s/iter. Total: 0.3130 s/iter. ETA=1:57:04
[08/06 16:51:50 d2.evaluation.evaluator]: Inference done 2479/24904. Dataloading: 0.0026 s/iter. Inference: 0.2338 s/iter. Eval: 0.0766 s/iter. Total: 0.3130 s/iter. ETA=1:56:59
[08/06 16:51:55 d2.evaluation.evaluator]: Inference done 2495/24904. Dataloading: 0.0026 s/iter. Inference: 0.2338 s/iter. Eval: 0.0766 s/iter. Total: 0.3130 s/iter. ETA=1:56:54
[08/06 16:52:00 d2.evaluation.evaluator]: Inference done 2511/24904. Dataloading: 0.0026 s/iter. Inference: 0.2338 s/iter. Eval: 0.0766 s/iter. Total: 0.3131 s/iter. ETA=1:56:50
[08/06 16:52:06 d2.evaluation.evaluator]: Inference done 2526/24904. Dataloading: 0.0026 s/iter. Inference: 0.2338 s/iter. Eval: 0.0766 s/iter. Total: 0.3131 s/iter. ETA=1:56:45
[08/06 16:52:11 d2.evaluation.evaluator]: Inference done 2543/24904. Dataloading: 0.0026 s/iter. Inference: 0.2338 s/iter. Eval: 0.0766 s/iter. Total: 0.3130 s/iter. ETA=1:56:39
[08/06 16:52:16 d2.evaluation.evaluator]: Inference done 2559/24904. Dataloading: 0.0026 s/iter. Inference: 0.2338 s/iter. Eval: 0.0766 s/iter. Total: 0.3131 s/iter. ETA=1:56:35
[08/06 16:52:21 d2.evaluation.evaluator]: Inference done 2575/24904. Dataloading: 0.0026 s/iter. Inference: 0.2338 s/iter. Eval: 0.0765 s/iter. Total: 0.3131 s/iter. ETA=1:56:30
[08/06 16:52:26 d2.evaluation.evaluator]: Inference done 2592/24904. Dataloading: 0.0026 s/iter. Inference: 0.2338 s/iter. Eval: 0.0765 s/iter. Total: 0.3130 s/iter. ETA=1:56:24
[08/06 16:52:31 d2.evaluation.evaluator]: Inference done 2608/24904. Dataloading: 0.0026 s/iter. Inference: 0.2338 s/iter. Eval: 0.0765 s/iter. Total: 0.3130 s/iter. ETA=1:56:19
[08/06 16:52:37 d2.evaluation.evaluator]: Inference done 2624/24904. Dataloading: 0.0026 s/iter. Inference: 0.2338 s/iter. Eval: 0.0765 s/iter. Total: 0.3131 s/iter. ETA=1:56:15
[08/06 16:52:42 d2.evaluation.evaluator]: Inference done 2636/24904. Dataloading: 0.0026 s/iter. Inference: 0.2339 s/iter. Eval: 0.0766 s/iter. Total: 0.3131 s/iter. ETA=1:56:12
[08/06 16:52:47 d2.evaluation.evaluator]: Inference done 2653/24904. Dataloading: 0.0026 s/iter. Inference: 0.2339 s/iter. Eval: 0.0766 s/iter. Total: 0.3131 s/iter. ETA=1:56:06
[08/06 16:52:52 d2.evaluation.evaluator]: Inference done 2669/24904. Dataloading: 0.0026 s/iter. Inference: 0.2339 s/iter. Eval: 0.0766 s/iter. Total: 0.3131 s/iter. ETA=1:56:02
[08/06 16:52:57 d2.evaluation.evaluator]: Inference done 2685/24904. Dataloading: 0.0026 s/iter. Inference: 0.2339 s/iter. Eval: 0.0766 s/iter. Total: 0.3131 s/iter. ETA=1:55:57
[08/06 16:53:02 d2.evaluation.evaluator]: Inference done 2701/24904. Dataloading: 0.0026 s/iter. Inference: 0.2339 s/iter. Eval: 0.0766 s/iter. Total: 0.3131 s/iter. ETA=1:55:52
[08/06 16:53:07 d2.evaluation.evaluator]: Inference done 2717/24904. Dataloading: 0.0026 s/iter. Inference: 0.2339 s/iter. Eval: 0.0766 s/iter. Total: 0.3131 s/iter. ETA=1:55:47
[08/06 16:53:12 d2.evaluation.evaluator]: Inference done 2733/24904. Dataloading: 0.0026 s/iter. Inference: 0.2339 s/iter. Eval: 0.0766 s/iter. Total: 0.3131 s/iter. ETA=1:55:42
[08/06 16:53:18 d2.evaluation.evaluator]: Inference done 2745/24904. Dataloading: 0.0026 s/iter. Inference: 0.2339 s/iter. Eval: 0.0766 s/iter. Total: 0.3131 s/iter. ETA=1:55:38
[08/06 16:53:23 d2.evaluation.evaluator]: Inference done 2762/24904. Dataloading: 0.0026 s/iter. Inference: 0.2339 s/iter. Eval: 0.0765 s/iter. Total: 0.3131 s/iter. ETA=1:55:33
[08/06 16:53:28 d2.evaluation.evaluator]: Inference done 2779/24904. Dataloading: 0.0026 s/iter. Inference: 0.2339 s/iter. Eval: 0.0765 s/iter. Total: 0.3131 s/iter. ETA=1:55:27
[08/06 16:53:33 d2.evaluation.evaluator]: Inference done 2795/24904. Dataloading: 0.0026 s/iter. Inference: 0.2339 s/iter. Eval: 0.0765 s/iter. Total: 0.3131 s/iter. ETA=1:55:22
[08/06 16:53:38 d2.evaluation.evaluator]: Inference done 2811/24904. Dataloading: 0.0026 s/iter. Inference: 0.2340 s/iter. Eval: 0.0765 s/iter. Total: 0.3132 s/iter. ETA=1:55:19
[08/06 16:53:43 d2.evaluation.evaluator]: Inference done 2827/24904. Dataloading: 0.0026 s/iter. Inference: 0.2340 s/iter. Eval: 0.0765 s/iter. Total: 0.3132 s/iter. ETA=1:55:14
[08/06 16:53:49 d2.evaluation.evaluator]: Inference done 2839/24904. Dataloading: 0.0026 s/iter. Inference: 0.2340 s/iter. Eval: 0.0765 s/iter. Total: 0.3132 s/iter. ETA=1:55:10
[08/06 16:53:54 d2.evaluation.evaluator]: Inference done 2855/24904. Dataloading: 0.0026 s/iter. Inference: 0.2340 s/iter. Eval: 0.0765 s/iter. Total: 0.3132 s/iter. ETA=1:55:06
[08/06 16:53:59 d2.evaluation.evaluator]: Inference done 2871/24904. Dataloading: 0.0026 s/iter. Inference: 0.2340 s/iter. Eval: 0.0765 s/iter. Total: 0.3132 s/iter. ETA=1:55:01
[08/06 16:54:04 d2.evaluation.evaluator]: Inference done 2887/24904. Dataloading: 0.0026 s/iter. Inference: 0.2340 s/iter. Eval: 0.0765 s/iter. Total: 0.3132 s/iter. ETA=1:54:56
[08/06 16:54:09 d2.evaluation.evaluator]: Inference done 2903/24904. Dataloading: 0.0026 s/iter. Inference: 0.2340 s/iter. Eval: 0.0766 s/iter. Total: 0.3133 s/iter. ETA=1:54:51
[08/06 16:54:14 d2.evaluation.evaluator]: Inference done 2919/24904. Dataloading: 0.0026 s/iter. Inference: 0.2340 s/iter. Eval: 0.0766 s/iter. Total: 0.3133 s/iter. ETA=1:54:47
[08/06 16:54:19 d2.evaluation.evaluator]: Inference done 2935/24904. Dataloading: 0.0026 s/iter. Inference: 0.2340 s/iter. Eval: 0.0766 s/iter. Total: 0.3133 s/iter. ETA=1:54:42
[08/06 16:54:24 d2.evaluation.evaluator]: Inference done 2947/24904. Dataloading: 0.0026 s/iter. Inference: 0.2340 s/iter. Eval: 0.0766 s/iter. Total: 0.3133 s/iter. ETA=1:54:38
[08/06 16:54:29 d2.evaluation.evaluator]: Inference done 2963/24904. Dataloading: 0.0026 s/iter. Inference: 0.2340 s/iter. Eval: 0.0766 s/iter. Total: 0.3133 s/iter. ETA=1:54:33
[08/06 16:54:34 d2.evaluation.evaluator]: Inference done 2980/24904. Dataloading: 0.0026 s/iter. Inference: 0.2340 s/iter. Eval: 0.0765 s/iter. Total: 0.3133 s/iter. ETA=1:54:28
[08/06 16:54:40 d2.evaluation.evaluator]: Inference done 2997/24904. Dataloading: 0.0026 s/iter. Inference: 0.2340 s/iter. Eval: 0.0765 s/iter. Total: 0.3133 s/iter. ETA=1:54:22
[08/06 16:54:45 d2.evaluation.evaluator]: Inference done 3013/24904. Dataloading: 0.0026 s/iter. Inference: 0.2340 s/iter. Eval: 0.0765 s/iter. Total: 0.3133 s/iter. ETA=1:54:17
[08/06 16:54:50 d2.evaluation.evaluator]: Inference done 3029/24904. Dataloading: 0.0026 s/iter. Inference: 0.2340 s/iter. Eval: 0.0766 s/iter. Total: 0.3133 s/iter. ETA=1:54:12
[08/06 16:54:55 d2.evaluation.evaluator]: Inference done 3045/24904. Dataloading: 0.0026 s/iter. Inference: 0.2340 s/iter. Eval: 0.0765 s/iter. Total: 0.3133 s/iter. ETA=1:54:07
[08/06 16:55:00 d2.evaluation.evaluator]: Inference done 3057/24904. Dataloading: 0.0026 s/iter. Inference: 0.2340 s/iter. Eval: 0.0765 s/iter. Total: 0.3133 s/iter. ETA=1:54:03
[08/06 16:55:05 d2.evaluation.evaluator]: Inference done 3074/24904. Dataloading: 0.0026 s/iter. Inference: 0.2340 s/iter. Eval: 0.0765 s/iter. Total: 0.3133 s/iter. ETA=1:53:58
[08/06 16:55:11 d2.evaluation.evaluator]: Inference done 3091/24904. Dataloading: 0.0026 s/iter. Inference: 0.2340 s/iter. Eval: 0.0765 s/iter. Total: 0.3132 s/iter. ETA=1:53:52
[08/06 16:55:16 d2.evaluation.evaluator]: Inference done 3108/24904. Dataloading: 0.0026 s/iter. Inference: 0.2340 s/iter. Eval: 0.0765 s/iter. Total: 0.3132 s/iter. ETA=1:53:47
[08/06 16:55:21 d2.evaluation.evaluator]: Inference done 3125/24904. Dataloading: 0.0026 s/iter. Inference: 0.2340 s/iter. Eval: 0.0765 s/iter. Total: 0.3132 s/iter. ETA=1:53:41
[08/06 16:55:26 d2.evaluation.evaluator]: Inference done 3141/24904. Dataloading: 0.0026 s/iter. Inference: 0.2340 s/iter. Eval: 0.0765 s/iter. Total: 0.3132 s/iter. ETA=1:53:36
[08/06 16:55:31 d2.evaluation.evaluator]: Inference done 3152/24904. Dataloading: 0.0026 s/iter. Inference: 0.2340 s/iter. Eval: 0.0765 s/iter. Total: 0.3132 s/iter. ETA=1:53:33
[08/06 16:55:36 d2.evaluation.evaluator]: Inference done 3168/24904. Dataloading: 0.0026 s/iter. Inference: 0.2340 s/iter. Eval: 0.0765 s/iter. Total: 0.3132 s/iter. ETA=1:53:28
[08/06 16:55:41 d2.evaluation.evaluator]: Inference done 3185/24904. Dataloading: 0.0026 s/iter. Inference: 0.2340 s/iter. Eval: 0.0765 s/iter. Total: 0.3132 s/iter. ETA=1:53:23
[08/06 16:55:47 d2.evaluation.evaluator]: Inference done 3202/24904. Dataloading: 0.0026 s/iter. Inference: 0.2340 s/iter. Eval: 0.0765 s/iter. Total: 0.3132 s/iter. ETA=1:53:17
[08/06 16:55:52 d2.evaluation.evaluator]: Inference done 3218/24904. Dataloading: 0.0026 s/iter. Inference: 0.2340 s/iter. Eval: 0.0765 s/iter. Total: 0.3132 s/iter. ETA=1:53:12
[08/06 16:55:57 d2.evaluation.evaluator]: Inference done 3235/24904. Dataloading: 0.0026 s/iter. Inference: 0.2340 s/iter. Eval: 0.0765 s/iter. Total: 0.3132 s/iter. ETA=1:53:06
[08/06 16:56:02 d2.evaluation.evaluator]: Inference done 3251/24904. Dataloading: 0.0026 s/iter. Inference: 0.2341 s/iter. Eval: 0.0765 s/iter. Total: 0.3132 s/iter. ETA=1:53:02
[08/06 16:56:07 d2.evaluation.evaluator]: Inference done 3263/24904. Dataloading: 0.0026 s/iter. Inference: 0.2341 s/iter. Eval: 0.0765 s/iter. Total: 0.3132 s/iter. ETA=1:52:58
[08/06 16:56:12 d2.evaluation.evaluator]: Inference done 3279/24904. Dataloading: 0.0026 s/iter. Inference: 0.2341 s/iter. Eval: 0.0765 s/iter. Total: 0.3132 s/iter. ETA=1:52:53
[08/06 16:56:17 d2.evaluation.evaluator]: Inference done 3295/24904. Dataloading: 0.0026 s/iter. Inference: 0.2341 s/iter. Eval: 0.0765 s/iter. Total: 0.3132 s/iter. ETA=1:52:48
[08/06 16:56:22 d2.evaluation.evaluator]: Inference done 3311/24904. Dataloading: 0.0026 s/iter. Inference: 0.2341 s/iter. Eval: 0.0765 s/iter. Total: 0.3133 s/iter. ETA=1:52:44
[08/06 16:56:27 d2.evaluation.evaluator]: Inference done 3327/24904. Dataloading: 0.0026 s/iter. Inference: 0.2341 s/iter. Eval: 0.0765 s/iter. Total: 0.3133 s/iter. ETA=1:52:39
[08/06 16:56:32 d2.evaluation.evaluator]: Inference done 3343/24904. Dataloading: 0.0026 s/iter. Inference: 0.2341 s/iter. Eval: 0.0765 s/iter. Total: 0.3133 s/iter. ETA=1:52:34
[08/06 16:56:38 d2.evaluation.evaluator]: Inference done 3359/24904. Dataloading: 0.0026 s/iter. Inference: 0.2341 s/iter. Eval: 0.0765 s/iter. Total: 0.3133 s/iter. ETA=1:52:30
[08/06 16:56:43 d2.evaluation.evaluator]: Inference done 3371/24904. Dataloading: 0.0026 s/iter. Inference: 0.2341 s/iter. Eval: 0.0765 s/iter. Total: 0.3133 s/iter. ETA=1:52:26
[08/06 16:56:48 d2.evaluation.evaluator]: Inference done 3387/24904. Dataloading: 0.0026 s/iter. Inference: 0.2341 s/iter. Eval: 0.0766 s/iter. Total: 0.3134 s/iter. ETA=1:52:22
[08/06 16:56:53 d2.evaluation.evaluator]: Inference done 3403/24904. Dataloading: 0.0026 s/iter. Inference: 0.2341 s/iter. Eval: 0.0766 s/iter. Total: 0.3134 s/iter. ETA=1:52:17
[08/06 16:56:58 d2.evaluation.evaluator]: Inference done 3419/24904. Dataloading: 0.0026 s/iter. Inference: 0.2341 s/iter. Eval: 0.0766 s/iter. Total: 0.3134 s/iter. ETA=1:52:12
[08/06 16:57:03 d2.evaluation.evaluator]: Inference done 3435/24904. Dataloading: 0.0026 s/iter. Inference: 0.2341 s/iter. Eval: 0.0766 s/iter. Total: 0.3134 s/iter. ETA=1:52:07
[08/06 16:57:08 d2.evaluation.evaluator]: Inference done 3452/24904. Dataloading: 0.0026 s/iter. Inference: 0.2341 s/iter. Eval: 0.0765 s/iter. Total: 0.3134 s/iter. ETA=1:52:02
[08/06 16:57:13 d2.evaluation.evaluator]: Inference done 3464/24904. Dataloading: 0.0026 s/iter. Inference: 0.2341 s/iter. Eval: 0.0765 s/iter. Total: 0.3133 s/iter. ETA=1:51:58
[08/06 16:57:19 d2.evaluation.evaluator]: Inference done 3481/24904. Dataloading: 0.0026 s/iter. Inference: 0.2342 s/iter. Eval: 0.0765 s/iter. Total: 0.3133 s/iter. ETA=1:51:52
[08/06 16:57:24 d2.evaluation.evaluator]: Inference done 3497/24904. Dataloading: 0.0026 s/iter. Inference: 0.2342 s/iter. Eval: 0.0765 s/iter. Total: 0.3133 s/iter. ETA=1:51:47
[08/06 16:57:29 d2.evaluation.evaluator]: Inference done 3513/24904. Dataloading: 0.0026 s/iter. Inference: 0.2342 s/iter. Eval: 0.0765 s/iter. Total: 0.3133 s/iter. ETA=1:51:42
[08/06 16:57:34 d2.evaluation.evaluator]: Inference done 3530/24904. Dataloading: 0.0026 s/iter. Inference: 0.2342 s/iter. Eval: 0.0764 s/iter. Total: 0.3133 s/iter. ETA=1:51:36
[08/06 16:57:39 d2.evaluation.evaluator]: Inference done 3547/24904. Dataloading: 0.0026 s/iter. Inference: 0.2342 s/iter. Eval: 0.0764 s/iter. Total: 0.3133 s/iter. ETA=1:51:31
[08/06 16:57:45 d2.evaluation.evaluator]: Inference done 3564/24904. Dataloading: 0.0026 s/iter. Inference: 0.2342 s/iter. Eval: 0.0764 s/iter. Total: 0.3133 s/iter. ETA=1:51:25
[08/06 16:57:50 d2.evaluation.evaluator]: Inference done 3576/24904. Dataloading: 0.0026 s/iter. Inference: 0.2342 s/iter. Eval: 0.0763 s/iter. Total: 0.3133 s/iter. ETA=1:51:21
[08/06 16:57:55 d2.evaluation.evaluator]: Inference done 3593/24904. Dataloading: 0.0026 s/iter. Inference: 0.2342 s/iter. Eval: 0.0763 s/iter. Total: 0.3133 s/iter. ETA=1:51:16
[08/06 16:58:00 d2.evaluation.evaluator]: Inference done 3609/24904. Dataloading: 0.0026 s/iter. Inference: 0.2343 s/iter. Eval: 0.0763 s/iter. Total: 0.3133 s/iter. ETA=1:51:11
[08/06 16:58:05 d2.evaluation.evaluator]: Inference done 3625/24904. Dataloading: 0.0026 s/iter. Inference: 0.2343 s/iter. Eval: 0.0763 s/iter. Total: 0.3133 s/iter. ETA=1:51:06
[08/06 16:58:10 d2.evaluation.evaluator]: Inference done 3641/24904. Dataloading: 0.0026 s/iter. Inference: 0.2343 s/iter. Eval: 0.0763 s/iter. Total: 0.3133 s/iter. ETA=1:51:02
[08/06 16:58:15 d2.evaluation.evaluator]: Inference done 3657/24904. Dataloading: 0.0026 s/iter. Inference: 0.2343 s/iter. Eval: 0.0763 s/iter. Total: 0.3133 s/iter. ETA=1:50:57
[08/06 16:58:22 d2.evaluation.evaluator]: Inference done 3673/24904. Dataloading: 0.0026 s/iter. Inference: 0.2343 s/iter. Eval: 0.0763 s/iter. Total: 0.3133 s/iter. ETA=1:50:52
[08/06 16:58:27 d2.evaluation.evaluator]: Inference done 3689/24904. Dataloading: 0.0026 s/iter. Inference: 0.2343 s/iter. Eval: 0.0763 s/iter. Total: 0.3134 s/iter. ETA=1:50:47
[08/06 16:58:32 d2.evaluation.evaluator]: Inference done 3705/24904. Dataloading: 0.0026 s/iter. Inference: 0.2343 s/iter. Eval: 0.0764 s/iter. Total: 0.3134 s/iter. ETA=1:50:43
[08/06 16:58:37 d2.evaluation.evaluator]: Inference done 3721/24904. Dataloading: 0.0026 s/iter. Inference: 0.2343 s/iter. Eval: 0.0764 s/iter. Total: 0.3134 s/iter. ETA=1:50:38
[08/06 16:58:42 d2.evaluation.evaluator]: Inference done 3737/24904. Dataloading: 0.0026 s/iter. Inference: 0.2343 s/iter. Eval: 0.0764 s/iter. Total: 0.3134 s/iter. ETA=1:50:33
[08/06 16:58:47 d2.evaluation.evaluator]: Inference done 3753/24904. Dataloading: 0.0026 s/iter. Inference: 0.2343 s/iter. Eval: 0.0764 s/iter. Total: 0.3134 s/iter. ETA=1:50:28
[08/06 16:58:52 d2.evaluation.evaluator]: Inference done 3769/24904. Dataloading: 0.0026 s/iter. Inference: 0.2343 s/iter. Eval: 0.0764 s/iter. Total: 0.3134 s/iter. ETA=1:50:23
[08/06 16:58:57 d2.evaluation.evaluator]: Inference done 3781/24904. Dataloading: 0.0026 s/iter. Inference: 0.2343 s/iter. Eval: 0.0764 s/iter. Total: 0.3134 s/iter. ETA=1:50:20
[08/06 16:59:02 d2.evaluation.evaluator]: Inference done 3797/24904. Dataloading: 0.0026 s/iter. Inference: 0.2343 s/iter. Eval: 0.0764 s/iter. Total: 0.3135 s/iter. ETA=1:50:16
[08/06 16:59:07 d2.evaluation.evaluator]: Inference done 3813/24904. Dataloading: 0.0026 s/iter. Inference: 0.2343 s/iter. Eval: 0.0764 s/iter. Total: 0.3135 s/iter. ETA=1:50:11
[08/06 16:59:12 d2.evaluation.evaluator]: Inference done 3829/24904. Dataloading: 0.0026 s/iter. Inference: 0.2344 s/iter. Eval: 0.0764 s/iter. Total: 0.3135 s/iter. ETA=1:50:06
[08/06 16:59:17 d2.evaluation.evaluator]: Inference done 3845/24904. Dataloading: 0.0026 s/iter. Inference: 0.2344 s/iter. Eval: 0.0764 s/iter. Total: 0.3135 s/iter. ETA=1:50:01
[08/06 16:59:23 d2.evaluation.evaluator]: Inference done 3861/24904. Dataloading: 0.0027 s/iter. Inference: 0.2344 s/iter. Eval: 0.0764 s/iter. Total: 0.3135 s/iter. ETA=1:49:56
[08/06 16:59:28 d2.evaluation.evaluator]: Inference done 3878/24904. Dataloading: 0.0027 s/iter. Inference: 0.2344 s/iter. Eval: 0.0764 s/iter. Total: 0.3135 s/iter. ETA=1:49:51
[08/06 16:59:33 d2.evaluation.evaluator]: Inference done 3890/24904. Dataloading: 0.0027 s/iter. Inference: 0.2344 s/iter. Eval: 0.0764 s/iter. Total: 0.3135 s/iter. ETA=1:49:47
[08/06 16:59:38 d2.evaluation.evaluator]: Inference done 3906/24904. Dataloading: 0.0027 s/iter. Inference: 0.2344 s/iter. Eval: 0.0764 s/iter. Total: 0.3135 s/iter. ETA=1:49:42
[08/06 16:59:43 d2.evaluation.evaluator]: Inference done 3922/24904. Dataloading: 0.0027 s/iter. Inference: 0.2344 s/iter. Eval: 0.0764 s/iter. Total: 0.3135 s/iter. ETA=1:49:37
[08/06 16:59:48 d2.evaluation.evaluator]: Inference done 3939/24904. Dataloading: 0.0027 s/iter. Inference: 0.2344 s/iter. Eval: 0.0764 s/iter. Total: 0.3135 s/iter. ETA=1:49:31
[08/06 16:59:54 d2.evaluation.evaluator]: Inference done 3956/24904. Dataloading: 0.0027 s/iter. Inference: 0.2344 s/iter. Eval: 0.0763 s/iter. Total: 0.3135 s/iter. ETA=1:49:26
[08/06 16:59:59 d2.evaluation.evaluator]: Inference done 3972/24904. Dataloading: 0.0027 s/iter. Inference: 0.2344 s/iter. Eval: 0.0763 s/iter. Total: 0.3135 s/iter. ETA=1:49:21
[08/06 17:00:04 d2.evaluation.evaluator]: Inference done 3986/24904. Dataloading: 0.0027 s/iter. Inference: 0.2344 s/iter. Eval: 0.0763 s/iter. Total: 0.3135 s/iter. ETA=1:49:17
[08/06 17:00:10 d2.evaluation.evaluator]: Inference done 4003/24904. Dataloading: 0.0027 s/iter. Inference: 0.2344 s/iter. Eval: 0.0763 s/iter. Total: 0.3135 s/iter. ETA=1:49:11
[08/06 17:00:15 d2.evaluation.evaluator]: Inference done 4020/24904. Dataloading: 0.0027 s/iter. Inference: 0.2344 s/iter. Eval: 0.0763 s/iter. Total: 0.3134 s/iter. ETA=1:49:06
[08/06 17:00:20 d2.evaluation.evaluator]: Inference done 4037/24904. Dataloading: 0.0027 s/iter. Inference: 0.2344 s/iter. Eval: 0.0763 s/iter. Total: 0.3134 s/iter. ETA=1:49:00
[08/06 17:00:26 d2.evaluation.evaluator]: Inference done 4054/24904. Dataloading: 0.0027 s/iter. Inference: 0.2344 s/iter. Eval: 0.0763 s/iter. Total: 0.3134 s/iter. ETA=1:48:54
[08/06 17:00:31 d2.evaluation.evaluator]: Inference done 4071/24904. Dataloading: 0.0027 s/iter. Inference: 0.2344 s/iter. Eval: 0.0763 s/iter. Total: 0.3134 s/iter. ETA=1:48:48
[08/06 17:00:36 d2.evaluation.evaluator]: Inference done 4088/24904. Dataloading: 0.0027 s/iter. Inference: 0.2344 s/iter. Eval: 0.0763 s/iter. Total: 0.3134 s/iter. ETA=1:48:43
[08/06 17:00:41 d2.evaluation.evaluator]: Inference done 4100/24904. Dataloading: 0.0027 s/iter. Inference: 0.2344 s/iter. Eval: 0.0763 s/iter. Total: 0.3134 s/iter. ETA=1:48:39
[08/06 17:00:46 d2.evaluation.evaluator]: Inference done 4116/24904. Dataloading: 0.0027 s/iter. Inference: 0.2344 s/iter. Eval: 0.0763 s/iter. Total: 0.3134 s/iter. ETA=1:48:34
[08/06 17:00:52 d2.evaluation.evaluator]: Inference done 4133/24904. Dataloading: 0.0027 s/iter. Inference: 0.2344 s/iter. Eval: 0.0763 s/iter. Total: 0.3134 s/iter. ETA=1:48:28
[08/06 17:00:57 d2.evaluation.evaluator]: Inference done 4150/24904. Dataloading: 0.0027 s/iter. Inference: 0.2344 s/iter. Eval: 0.0763 s/iter. Total: 0.3133 s/iter. ETA=1:48:23
[08/06 17:01:02 d2.evaluation.evaluator]: Inference done 4167/24904. Dataloading: 0.0027 s/iter. Inference: 0.2343 s/iter. Eval: 0.0763 s/iter. Total: 0.3133 s/iter. ETA=1:48:17
[08/06 17:01:07 d2.evaluation.evaluator]: Inference done 4183/24904. Dataloading: 0.0027 s/iter. Inference: 0.2343 s/iter. Eval: 0.0763 s/iter. Total: 0.3134 s/iter. ETA=1:48:12
[08/06 17:01:13 d2.evaluation.evaluator]: Inference done 4196/24904. Dataloading: 0.0027 s/iter. Inference: 0.2343 s/iter. Eval: 0.0763 s/iter. Total: 0.3134 s/iter. ETA=1:48:09
[08/06 17:01:18 d2.evaluation.evaluator]: Inference done 4212/24904. Dataloading: 0.0027 s/iter. Inference: 0.2344 s/iter. Eval: 0.0763 s/iter. Total: 0.3134 s/iter. ETA=1:48:04
[08/06 17:01:23 d2.evaluation.evaluator]: Inference done 4229/24904. Dataloading: 0.0027 s/iter. Inference: 0.2343 s/iter. Eval: 0.0763 s/iter. Total: 0.3134 s/iter. ETA=1:47:58
[08/06 17:01:28 d2.evaluation.evaluator]: Inference done 4246/24904. Dataloading: 0.0027 s/iter. Inference: 0.2343 s/iter. Eval: 0.0763 s/iter. Total: 0.3134 s/iter. ETA=1:47:53
[08/06 17:01:34 d2.evaluation.evaluator]: Inference done 4262/24904. Dataloading: 0.0027 s/iter. Inference: 0.2343 s/iter. Eval: 0.0763 s/iter. Total: 0.3134 s/iter. ETA=1:47:48
[08/06 17:01:39 d2.evaluation.evaluator]: Inference done 4278/24904. Dataloading: 0.0027 s/iter. Inference: 0.2343 s/iter. Eval: 0.0763 s/iter. Total: 0.3134 s/iter. ETA=1:47:43
[08/06 17:01:44 d2.evaluation.evaluator]: Inference done 4294/24904. Dataloading: 0.0027 s/iter. Inference: 0.2343 s/iter. Eval: 0.0763 s/iter. Total: 0.3134 s/iter. ETA=1:47:39
[08/06 17:01:49 d2.evaluation.evaluator]: Inference done 4306/24904. Dataloading: 0.0027 s/iter. Inference: 0.2343 s/iter. Eval: 0.0763 s/iter. Total: 0.3134 s/iter. ETA=1:47:35
[08/06 17:01:54 d2.evaluation.evaluator]: Inference done 4322/24904. Dataloading: 0.0027 s/iter. Inference: 0.2343 s/iter. Eval: 0.0763 s/iter. Total: 0.3134 s/iter. ETA=1:47:30
[08/06 17:01:59 d2.evaluation.evaluator]: Inference done 4339/24904. Dataloading: 0.0027 s/iter. Inference: 0.2343 s/iter. Eval: 0.0763 s/iter. Total: 0.3134 s/iter. ETA=1:47:25
[08/06 17:02:04 d2.evaluation.evaluator]: Inference done 4355/24904. Dataloading: 0.0027 s/iter. Inference: 0.2343 s/iter. Eval: 0.0763 s/iter. Total: 0.3134 s/iter. ETA=1:47:20
[08/06 17:02:09 d2.evaluation.evaluator]: Inference done 4371/24904. Dataloading: 0.0027 s/iter. Inference: 0.2343 s/iter. Eval: 0.0763 s/iter. Total: 0.3134 s/iter. ETA=1:47:15
[08/06 17:02:14 d2.evaluation.evaluator]: Inference done 4387/24904. Dataloading: 0.0027 s/iter. Inference: 0.2343 s/iter. Eval: 0.0763 s/iter. Total: 0.3134 s/iter. ETA=1:47:10
[08/06 17:02:20 d2.evaluation.evaluator]: Inference done 4404/24904. Dataloading: 0.0027 s/iter. Inference: 0.2343 s/iter. Eval: 0.0763 s/iter. Total: 0.3134 s/iter. ETA=1:47:04
[08/06 17:02:25 d2.evaluation.evaluator]: Inference done 4416/24904. Dataloading: 0.0027 s/iter. Inference: 0.2343 s/iter. Eval: 0.0763 s/iter. Total: 0.3134 s/iter. ETA=1:47:00
[08/06 17:02:30 d2.evaluation.evaluator]: Inference done 4433/24904. Dataloading: 0.0027 s/iter. Inference: 0.2343 s/iter. Eval: 0.0763 s/iter. Total: 0.3134 s/iter. ETA=1:46:55
[08/06 17:02:35 d2.evaluation.evaluator]: Inference done 4450/24904. Dataloading: 0.0027 s/iter. Inference: 0.2343 s/iter. Eval: 0.0763 s/iter. Total: 0.3134 s/iter. ETA=1:46:49
[08/06 17:02:41 d2.evaluation.evaluator]: Inference done 4467/24904. Dataloading: 0.0027 s/iter. Inference: 0.2343 s/iter. Eval: 0.0763 s/iter. Total: 0.3134 s/iter. ETA=1:46:44
[08/06 17:02:46 d2.evaluation.evaluator]: Inference done 4484/24904. Dataloading: 0.0027 s/iter. Inference: 0.2343 s/iter. Eval: 0.0763 s/iter. Total: 0.3134 s/iter. ETA=1:46:38
[08/06 17:02:51 d2.evaluation.evaluator]: Inference done 4501/24904. Dataloading: 0.0027 s/iter. Inference: 0.2343 s/iter. Eval: 0.0763 s/iter. Total: 0.3133 s/iter. ETA=1:46:33
[08/06 17:02:56 d2.evaluation.evaluator]: Inference done 4513/24904. Dataloading: 0.0027 s/iter. Inference: 0.2343 s/iter. Eval: 0.0763 s/iter. Total: 0.3133 s/iter. ETA=1:46:29
[08/06 17:03:02 d2.evaluation.evaluator]: Inference done 4530/24904. Dataloading: 0.0027 s/iter. Inference: 0.2343 s/iter. Eval: 0.0763 s/iter. Total: 0.3133 s/iter. ETA=1:46:23
[08/06 17:03:07 d2.evaluation.evaluator]: Inference done 4547/24904. Dataloading: 0.0027 s/iter. Inference: 0.2343 s/iter. Eval: 0.0762 s/iter. Total: 0.3133 s/iter. ETA=1:46:18
[08/06 17:03:12 d2.evaluation.evaluator]: Inference done 4563/24904. Dataloading: 0.0027 s/iter. Inference: 0.2343 s/iter. Eval: 0.0762 s/iter. Total: 0.3133 s/iter. ETA=1:46:13
[08/06 17:03:17 d2.evaluation.evaluator]: Inference done 4579/24904. Dataloading: 0.0027 s/iter. Inference: 0.2343 s/iter. Eval: 0.0762 s/iter. Total: 0.3133 s/iter. ETA=1:46:08
[08/06 17:03:22 d2.evaluation.evaluator]: Inference done 4595/24904. Dataloading: 0.0027 s/iter. Inference: 0.2343 s/iter. Eval: 0.0763 s/iter. Total: 0.3133 s/iter. ETA=1:46:03
[08/06 17:03:27 d2.evaluation.evaluator]: Inference done 4611/24904. Dataloading: 0.0027 s/iter. Inference: 0.2344 s/iter. Eval: 0.0763 s/iter. Total: 0.3133 s/iter. ETA=1:45:58
[08/06 17:03:32 d2.evaluation.evaluator]: Inference done 4623/24904. Dataloading: 0.0027 s/iter. Inference: 0.2344 s/iter. Eval: 0.0762 s/iter. Total: 0.3133 s/iter. ETA=1:45:54
[08/06 17:03:37 d2.evaluation.evaluator]: Inference done 4639/24904. Dataloading: 0.0027 s/iter. Inference: 0.2344 s/iter. Eval: 0.0762 s/iter. Total: 0.3133 s/iter. ETA=1:45:49
[08/06 17:03:42 d2.evaluation.evaluator]: Inference done 4655/24904. Dataloading: 0.0027 s/iter. Inference: 0.2344 s/iter. Eval: 0.0763 s/iter. Total: 0.3134 s/iter. ETA=1:45:45
[08/06 17:03:47 d2.evaluation.evaluator]: Inference done 4671/24904. Dataloading: 0.0027 s/iter. Inference: 0.2344 s/iter. Eval: 0.0763 s/iter. Total: 0.3134 s/iter. ETA=1:45:40
[08/06 17:03:52 d2.evaluation.evaluator]: Inference done 4687/24904. Dataloading: 0.0027 s/iter. Inference: 0.2344 s/iter. Eval: 0.0763 s/iter. Total: 0.3134 s/iter. ETA=1:45:35
[08/06 17:03:57 d2.evaluation.evaluator]: Inference done 4703/24904. Dataloading: 0.0027 s/iter. Inference: 0.2344 s/iter. Eval: 0.0763 s/iter. Total: 0.3134 s/iter. ETA=1:45:30
[08/06 17:04:04 d2.evaluation.evaluator]: Inference done 4719/24904. Dataloading: 0.0027 s/iter. Inference: 0.2344 s/iter. Eval: 0.0763 s/iter. Total: 0.3134 s/iter. ETA=1:45:25
[08/06 17:04:09 d2.evaluation.evaluator]: Inference done 4736/24904. Dataloading: 0.0027 s/iter. Inference: 0.2344 s/iter. Eval: 0.0763 s/iter. Total: 0.3134 s/iter. ETA=1:45:20
[08/06 17:04:14 d2.evaluation.evaluator]: Inference done 4752/24904. Dataloading: 0.0027 s/iter. Inference: 0.2344 s/iter. Eval: 0.0763 s/iter. Total: 0.3134 s/iter. ETA=1:45:14
[08/06 17:04:19 d2.evaluation.evaluator]: Inference done 4769/24904. Dataloading: 0.0027 s/iter. Inference: 0.2344 s/iter. Eval: 0.0763 s/iter. Total: 0.3134 s/iter. ETA=1:45:09
[08/06 17:04:25 d2.evaluation.evaluator]: Inference done 4785/24904. Dataloading: 0.0027 s/iter. Inference: 0.2344 s/iter. Eval: 0.0762 s/iter. Total: 0.3134 s/iter. ETA=1:45:04
[08/06 17:04:30 d2.evaluation.evaluator]: Inference done 4801/24904. Dataloading: 0.0027 s/iter. Inference: 0.2344 s/iter. Eval: 0.0762 s/iter. Total: 0.3134 s/iter. ETA=1:44:59
[08/06 17:04:35 d2.evaluation.evaluator]: Inference done 4817/24904. Dataloading: 0.0027 s/iter. Inference: 0.2344 s/iter. Eval: 0.0762 s/iter. Total: 0.3134 s/iter. ETA=1:44:54
[08/06 17:04:40 d2.evaluation.evaluator]: Inference done 4829/24904. Dataloading: 0.0027 s/iter. Inference: 0.2344 s/iter. Eval: 0.0762 s/iter. Total: 0.3134 s/iter. ETA=1:44:50
[08/06 17:04:45 d2.evaluation.evaluator]: Inference done 4845/24904. Dataloading: 0.0027 s/iter. Inference: 0.2344 s/iter. Eval: 0.0762 s/iter. Total: 0.3134 s/iter. ETA=1:44:45
[08/06 17:04:50 d2.evaluation.evaluator]: Inference done 4862/24904. Dataloading: 0.0027 s/iter. Inference: 0.2344 s/iter. Eval: 0.0762 s/iter. Total: 0.3134 s/iter. ETA=1:44:40
[08/06 17:04:55 d2.evaluation.evaluator]: Inference done 4878/24904. Dataloading: 0.0027 s/iter. Inference: 0.2344 s/iter. Eval: 0.0762 s/iter. Total: 0.3134 s/iter. ETA=1:44:35
[08/06 17:05:00 d2.evaluation.evaluator]: Inference done 4894/24904. Dataloading: 0.0027 s/iter. Inference: 0.2344 s/iter. Eval: 0.0762 s/iter. Total: 0.3134 s/iter. ETA=1:44:30
[08/06 17:05:05 d2.evaluation.evaluator]: Inference done 4910/24904. Dataloading: 0.0027 s/iter. Inference: 0.2344 s/iter. Eval: 0.0763 s/iter. Total: 0.3134 s/iter. ETA=1:44:26
[08/06 17:05:10 d2.evaluation.evaluator]: Inference done 4926/24904. Dataloading: 0.0027 s/iter. Inference: 0.2344 s/iter. Eval: 0.0763 s/iter. Total: 0.3134 s/iter. ETA=1:44:21
[08/06 17:05:15 d2.evaluation.evaluator]: Inference done 4938/24904. Dataloading: 0.0027 s/iter. Inference: 0.2344 s/iter. Eval: 0.0763 s/iter. Total: 0.3134 s/iter. ETA=1:44:17
[08/06 17:05:21 d2.evaluation.evaluator]: Inference done 4954/24904. Dataloading: 0.0027 s/iter. Inference: 0.2344 s/iter. Eval: 0.0763 s/iter. Total: 0.3134 s/iter. ETA=1:44:12
[08/06 17:05:26 d2.evaluation.evaluator]: Inference done 4970/24904. Dataloading: 0.0027 s/iter. Inference: 0.2344 s/iter. Eval: 0.0763 s/iter. Total: 0.3134 s/iter. ETA=1:44:08
[08/06 17:05:31 d2.evaluation.evaluator]: Inference done 4986/24904. Dataloading: 0.0027 s/iter. Inference: 0.2344 s/iter. Eval: 0.0763 s/iter. Total: 0.3134 s/iter. ETA=1:44:03
[08/06 17:05:36 d2.evaluation.evaluator]: Inference done 5003/24904. Dataloading: 0.0027 s/iter. Inference: 0.2344 s/iter. Eval: 0.0763 s/iter. Total: 0.3134 s/iter. ETA=1:43:57
[08/06 17:05:41 d2.evaluation.evaluator]: Inference done 5020/24904. Dataloading: 0.0027 s/iter. Inference: 0.2344 s/iter. Eval: 0.0763 s/iter. Total: 0.3134 s/iter. ETA=1:43:52
[08/06 17:05:46 d2.evaluation.evaluator]: Inference done 5032/24904. Dataloading: 0.0027 s/iter. Inference: 0.2344 s/iter. Eval: 0.0763 s/iter. Total: 0.3134 s/iter. ETA=1:43:48
[08/06 17:05:52 d2.evaluation.evaluator]: Inference done 5049/24904. Dataloading: 0.0027 s/iter. Inference: 0.2344 s/iter. Eval: 0.0763 s/iter. Total: 0.3134 s/iter. ETA=1:43:43
[08/06 17:05:57 d2.evaluation.evaluator]: Inference done 5066/24904. Dataloading: 0.0027 s/iter. Inference: 0.2344 s/iter. Eval: 0.0763 s/iter. Total: 0.3134 s/iter. ETA=1:43:37
[08/06 17:06:02 d2.evaluation.evaluator]: Inference done 5082/24904. Dataloading: 0.0027 s/iter. Inference: 0.2344 s/iter. Eval: 0.0763 s/iter. Total: 0.3134 s/iter. ETA=1:43:32
[08/06 17:06:07 d2.evaluation.evaluator]: Inference done 5098/24904. Dataloading: 0.0027 s/iter. Inference: 0.2344 s/iter. Eval: 0.0763 s/iter. Total: 0.3134 s/iter. ETA=1:43:27
[08/06 17:06:12 d2.evaluation.evaluator]: Inference done 5115/24904. Dataloading: 0.0027 s/iter. Inference: 0.2344 s/iter. Eval: 0.0763 s/iter. Total: 0.3134 s/iter. ETA=1:43:22
[08/06 17:06:18 d2.evaluation.evaluator]: Inference done 5131/24904. Dataloading: 0.0027 s/iter. Inference: 0.2344 s/iter. Eval: 0.0763 s/iter. Total: 0.3134 s/iter. ETA=1:43:17
[08/06 17:06:23 d2.evaluation.evaluator]: Inference done 5143/24904. Dataloading: 0.0027 s/iter. Inference: 0.2344 s/iter. Eval: 0.0763 s/iter. Total: 0.3135 s/iter. ETA=1:43:14
[08/06 17:06:28 d2.evaluation.evaluator]: Inference done 5159/24904. Dataloading: 0.0027 s/iter. Inference: 0.2344 s/iter. Eval: 0.0763 s/iter. Total: 0.3135 s/iter. ETA=1:43:09
[08/06 17:06:33 d2.evaluation.evaluator]: Inference done 5175/24904. Dataloading: 0.0027 s/iter. Inference: 0.2344 s/iter. Eval: 0.0763 s/iter. Total: 0.3135 s/iter. ETA=1:43:04
[08/06 17:06:38 d2.evaluation.evaluator]: Inference done 5191/24904. Dataloading: 0.0027 s/iter. Inference: 0.2344 s/iter. Eval: 0.0763 s/iter. Total: 0.3135 s/iter. ETA=1:42:59
[08/06 17:06:43 d2.evaluation.evaluator]: Inference done 5208/24904. Dataloading: 0.0027 s/iter. Inference: 0.2344 s/iter. Eval: 0.0763 s/iter. Total: 0.3134 s/iter. ETA=1:42:53
[08/06 17:06:48 d2.evaluation.evaluator]: Inference done 5224/24904. Dataloading: 0.0027 s/iter. Inference: 0.2344 s/iter. Eval: 0.0763 s/iter. Total: 0.3134 s/iter. ETA=1:42:48
[08/06 17:06:55 d2.evaluation.evaluator]: Inference done 5240/24904. Dataloading: 0.0027 s/iter. Inference: 0.2344 s/iter. Eval: 0.0763 s/iter. Total: 0.3134 s/iter. ETA=1:42:43
[08/06 17:07:00 d2.evaluation.evaluator]: Inference done 5256/24904. Dataloading: 0.0027 s/iter. Inference: 0.2344 s/iter. Eval: 0.0763 s/iter. Total: 0.3135 s/iter. ETA=1:42:38
[08/06 17:07:05 d2.evaluation.evaluator]: Inference done 5273/24904. Dataloading: 0.0027 s/iter. Inference: 0.2344 s/iter. Eval: 0.0763 s/iter. Total: 0.3135 s/iter. ETA=1:42:33
[08/06 17:07:10 d2.evaluation.evaluator]: Inference done 5290/24904. Dataloading: 0.0027 s/iter. Inference: 0.2344 s/iter. Eval: 0.0763 s/iter. Total: 0.3134 s/iter. ETA=1:42:27
[08/06 17:07:16 d2.evaluation.evaluator]: Inference done 5307/24904. Dataloading: 0.0027 s/iter. Inference: 0.2344 s/iter. Eval: 0.0763 s/iter. Total: 0.3134 s/iter. ETA=1:42:22
[08/06 17:07:21 d2.evaluation.evaluator]: Inference done 5324/24904. Dataloading: 0.0027 s/iter. Inference: 0.2344 s/iter. Eval: 0.0763 s/iter. Total: 0.3134 s/iter. ETA=1:42:16
[08/06 17:07:26 d2.evaluation.evaluator]: Inference done 5340/24904. Dataloading: 0.0027 s/iter. Inference: 0.2344 s/iter. Eval: 0.0763 s/iter. Total: 0.3134 s/iter. ETA=1:42:11
[08/06 17:07:31 d2.evaluation.evaluator]: Inference done 5351/24904. Dataloading: 0.0027 s/iter. Inference: 0.2344 s/iter. Eval: 0.0763 s/iter. Total: 0.3134 s/iter. ETA=1:42:08
[08/06 17:07:36 d2.evaluation.evaluator]: Inference done 5367/24904. Dataloading: 0.0027 s/iter. Inference: 0.2344 s/iter. Eval: 0.0763 s/iter. Total: 0.3134 s/iter. ETA=1:42:03
[08/06 17:07:41 d2.evaluation.evaluator]: Inference done 5383/24904. Dataloading: 0.0027 s/iter. Inference: 0.2344 s/iter. Eval: 0.0763 s/iter. Total: 0.3134 s/iter. ETA=1:41:58
[08/06 17:07:46 d2.evaluation.evaluator]: Inference done 5400/24904. Dataloading: 0.0027 s/iter. Inference: 0.2344 s/iter. Eval: 0.0763 s/iter. Total: 0.3134 s/iter. ETA=1:41:53
[08/06 17:07:52 d2.evaluation.evaluator]: Inference done 5417/24904. Dataloading: 0.0027 s/iter. Inference: 0.2344 s/iter. Eval: 0.0763 s/iter. Total: 0.3134 s/iter. ETA=1:41:47
[08/06 17:07:57 d2.evaluation.evaluator]: Inference done 5433/24904. Dataloading: 0.0027 s/iter. Inference: 0.2344 s/iter. Eval: 0.0763 s/iter. Total: 0.3134 s/iter. ETA=1:41:42
[08/06 17:08:02 d2.evaluation.evaluator]: Inference done 5449/24904. Dataloading: 0.0027 s/iter. Inference: 0.2344 s/iter. Eval: 0.0762 s/iter. Total: 0.3134 s/iter. ETA=1:41:37
[08/06 17:08:07 d2.evaluation.evaluator]: Inference done 5460/24904. Dataloading: 0.0027 s/iter. Inference: 0.2344 s/iter. Eval: 0.0763 s/iter. Total: 0.3134 s/iter. ETA=1:41:34
[08/06 17:08:12 d2.evaluation.evaluator]: Inference done 5477/24904. Dataloading: 0.0027 s/iter. Inference: 0.2344 s/iter. Eval: 0.0762 s/iter. Total: 0.3134 s/iter. ETA=1:41:28
[08/06 17:08:17 d2.evaluation.evaluator]: Inference done 5494/24904. Dataloading: 0.0027 s/iter. Inference: 0.2344 s/iter. Eval: 0.0762 s/iter. Total: 0.3134 s/iter. ETA=1:41:22
[08/06 17:08:22 d2.evaluation.evaluator]: Inference done 5510/24904. Dataloading: 0.0027 s/iter. Inference: 0.2344 s/iter. Eval: 0.0762 s/iter. Total: 0.3134 s/iter. ETA=1:41:18
[08/06 17:08:27 d2.evaluation.evaluator]: Inference done 5526/24904. Dataloading: 0.0027 s/iter. Inference: 0.2344 s/iter. Eval: 0.0762 s/iter. Total: 0.3134 s/iter. ETA=1:41:13
[08/06 17:08:32 d2.evaluation.evaluator]: Inference done 5542/24904. Dataloading: 0.0027 s/iter. Inference: 0.2344 s/iter. Eval: 0.0763 s/iter. Total: 0.3134 s/iter. ETA=1:41:08
[08/06 17:08:38 d2.evaluation.evaluator]: Inference done 5554/24904. Dataloading: 0.0027 s/iter. Inference: 0.2344 s/iter. Eval: 0.0763 s/iter. Total: 0.3134 s/iter. ETA=1:41:04
[08/06 17:08:43 d2.evaluation.evaluator]: Inference done 5570/24904. Dataloading: 0.0027 s/iter. Inference: 0.2344 s/iter. Eval: 0.0763 s/iter. Total: 0.3134 s/iter. ETA=1:40:59
[08/06 17:08:48 d2.evaluation.evaluator]: Inference done 5586/24904. Dataloading: 0.0027 s/iter. Inference: 0.2344 s/iter. Eval: 0.0762 s/iter. Total: 0.3134 s/iter. ETA=1:40:54
[08/06 17:08:53 d2.evaluation.evaluator]: Inference done 5603/24904. Dataloading: 0.0027 s/iter. Inference: 0.2344 s/iter. Eval: 0.0762 s/iter. Total: 0.3134 s/iter. ETA=1:40:48
[08/06 17:08:58 d2.evaluation.evaluator]: Inference done 5620/24904. Dataloading: 0.0027 s/iter. Inference: 0.2344 s/iter. Eval: 0.0762 s/iter. Total: 0.3134 s/iter. ETA=1:40:42
[08/06 17:09:03 d2.evaluation.evaluator]: Inference done 5636/24904. Dataloading: 0.0027 s/iter. Inference: 0.2344 s/iter. Eval: 0.0762 s/iter. Total: 0.3134 s/iter. ETA=1:40:37
[08/06 17:09:08 d2.evaluation.evaluator]: Inference done 5652/24904. Dataloading: 0.0027 s/iter. Inference: 0.2344 s/iter. Eval: 0.0762 s/iter. Total: 0.3134 s/iter. ETA=1:40:33
[08/06 17:09:13 d2.evaluation.evaluator]: Inference done 5663/24904. Dataloading: 0.0027 s/iter. Inference: 0.2344 s/iter. Eval: 0.0762 s/iter. Total: 0.3134 s/iter. ETA=1:40:29
[08/06 17:09:18 d2.evaluation.evaluator]: Inference done 5680/24904. Dataloading: 0.0027 s/iter. Inference: 0.2344 s/iter. Eval: 0.0762 s/iter. Total: 0.3134 s/iter. ETA=1:40:24
[08/06 17:09:24 d2.evaluation.evaluator]: Inference done 5697/24904. Dataloading: 0.0027 s/iter. Inference: 0.2344 s/iter. Eval: 0.0762 s/iter. Total: 0.3134 s/iter. ETA=1:40:18
[08/06 17:09:29 d2.evaluation.evaluator]: Inference done 5714/24904. Dataloading: 0.0027 s/iter. Inference: 0.2344 s/iter. Eval: 0.0762 s/iter. Total: 0.3133 s/iter. ETA=1:40:13
[08/06 17:09:34 d2.evaluation.evaluator]: Inference done 5731/24904. Dataloading: 0.0027 s/iter. Inference: 0.2344 s/iter. Eval: 0.0762 s/iter. Total: 0.3133 s/iter. ETA=1:40:07
[08/06 17:09:39 d2.evaluation.evaluator]: Inference done 5747/24904. Dataloading: 0.0027 s/iter. Inference: 0.2344 s/iter. Eval: 0.0762 s/iter. Total: 0.3133 s/iter. ETA=1:40:02
[08/06 17:09:44 d2.evaluation.evaluator]: Inference done 5763/24904. Dataloading: 0.0027 s/iter. Inference: 0.2344 s/iter. Eval: 0.0762 s/iter. Total: 0.3134 s/iter. ETA=1:39:58
[08/06 17:09:50 d2.evaluation.evaluator]: Inference done 5774/24904. Dataloading: 0.0027 s/iter. Inference: 0.2344 s/iter. Eval: 0.0762 s/iter. Total: 0.3134 s/iter. ETA=1:39:54
[08/06 17:09:55 d2.evaluation.evaluator]: Inference done 5791/24904. Dataloading: 0.0027 s/iter. Inference: 0.2344 s/iter. Eval: 0.0762 s/iter. Total: 0.3134 s/iter. ETA=1:39:49
[08/06 17:10:00 d2.evaluation.evaluator]: Inference done 5808/24904. Dataloading: 0.0027 s/iter. Inference: 0.2344 s/iter. Eval: 0.0762 s/iter. Total: 0.3134 s/iter. ETA=1:39:43
[08/06 17:10:05 d2.evaluation.evaluator]: Inference done 5825/24904. Dataloading: 0.0027 s/iter. Inference: 0.2344 s/iter. Eval: 0.0762 s/iter. Total: 0.3133 s/iter. ETA=1:39:37
[08/06 17:10:10 d2.evaluation.evaluator]: Inference done 5841/24904. Dataloading: 0.0027 s/iter. Inference: 0.2344 s/iter. Eval: 0.0762 s/iter. Total: 0.3133 s/iter. ETA=1:39:33
[08/06 17:10:15 d2.evaluation.evaluator]: Inference done 5857/24904. Dataloading: 0.0027 s/iter. Inference: 0.2344 s/iter. Eval: 0.0762 s/iter. Total: 0.3134 s/iter. ETA=1:39:28
[08/06 17:10:21 d2.evaluation.evaluator]: Inference done 5868/24904. Dataloading: 0.0027 s/iter. Inference: 0.2344 s/iter. Eval: 0.0762 s/iter. Total: 0.3134 s/iter. ETA=1:39:25
[08/06 17:10:26 d2.evaluation.evaluator]: Inference done 5884/24904. Dataloading: 0.0027 s/iter. Inference: 0.2344 s/iter. Eval: 0.0763 s/iter. Total: 0.3134 s/iter. ETA=1:39:20
[08/06 17:10:31 d2.evaluation.evaluator]: Inference done 5901/24904. Dataloading: 0.0027 s/iter. Inference: 0.2344 s/iter. Eval: 0.0763 s/iter. Total: 0.3134 s/iter. ETA=1:39:15
[08/06 17:10:36 d2.evaluation.evaluator]: Inference done 5918/24904. Dataloading: 0.0027 s/iter. Inference: 0.2344 s/iter. Eval: 0.0763 s/iter. Total: 0.3134 s/iter. ETA=1:39:09
[08/06 17:10:41 d2.evaluation.evaluator]: Inference done 5935/24904. Dataloading: 0.0027 s/iter. Inference: 0.2344 s/iter. Eval: 0.0763 s/iter. Total: 0.3134 s/iter. ETA=1:39:04
[08/06 17:10:47 d2.evaluation.evaluator]: Inference done 5951/24904. Dataloading: 0.0027 s/iter. Inference: 0.2344 s/iter. Eval: 0.0763 s/iter. Total: 0.3134 s/iter. ETA=1:38:59
[08/06 17:10:52 d2.evaluation.evaluator]: Inference done 5967/24904. Dataloading: 0.0027 s/iter. Inference: 0.2344 s/iter. Eval: 0.0763 s/iter. Total: 0.3134 s/iter. ETA=1:38:55
[08/06 17:10:57 d2.evaluation.evaluator]: Inference done 5978/24904. Dataloading: 0.0027 s/iter. Inference: 0.2344 s/iter. Eval: 0.0763 s/iter. Total: 0.3134 s/iter. ETA=1:38:51
[08/06 17:11:02 d2.evaluation.evaluator]: Inference done 5995/24904. Dataloading: 0.0027 s/iter. Inference: 0.2344 s/iter. Eval: 0.0763 s/iter. Total: 0.3134 s/iter. ETA=1:38:46
[08/06 17:11:07 d2.evaluation.evaluator]: Inference done 6012/24904. Dataloading: 0.0027 s/iter. Inference: 0.2344 s/iter. Eval: 0.0763 s/iter. Total: 0.3134 s/iter. ETA=1:38:40
[08/06 17:11:13 d2.evaluation.evaluator]: Inference done 6029/24904. Dataloading: 0.0027 s/iter. Inference: 0.2344 s/iter. Eval: 0.0763 s/iter. Total: 0.3134 s/iter. ETA=1:38:34
[08/06 17:11:18 d2.evaluation.evaluator]: Inference done 6045/24904. Dataloading: 0.0027 s/iter. Inference: 0.2344 s/iter. Eval: 0.0763 s/iter. Total: 0.3134 s/iter. ETA=1:38:29
[08/06 17:11:23 d2.evaluation.evaluator]: Inference done 6061/24904. Dataloading: 0.0027 s/iter. Inference: 0.2344 s/iter. Eval: 0.0763 s/iter. Total: 0.3134 s/iter. ETA=1:38:25
[08/06 17:11:30 d2.evaluation.evaluator]: Inference done 6077/24904. Dataloading: 0.0027 s/iter. Inference: 0.2344 s/iter. Eval: 0.0763 s/iter. Total: 0.3134 s/iter. ETA=1:38:20
[08/06 17:11:35 d2.evaluation.evaluator]: Inference done 6093/24904. Dataloading: 0.0027 s/iter. Inference: 0.2344 s/iter. Eval: 0.0763 s/iter. Total: 0.3134 s/iter. ETA=1:38:15
[08/06 17:11:40 d2.evaluation.evaluator]: Inference done 6109/24904. Dataloading: 0.0027 s/iter. Inference: 0.2344 s/iter. Eval: 0.0763 s/iter. Total: 0.3134 s/iter. ETA=1:38:10
[08/06 17:11:45 d2.evaluation.evaluator]: Inference done 6125/24904. Dataloading: 0.0027 s/iter. Inference: 0.2344 s/iter. Eval: 0.0763 s/iter. Total: 0.3134 s/iter. ETA=1:38:05
[08/06 17:11:50 d2.evaluation.evaluator]: Inference done 6142/24904. Dataloading: 0.0027 s/iter. Inference: 0.2344 s/iter. Eval: 0.0763 s/iter. Total: 0.3134 s/iter. ETA=1:38:00
[08/06 17:11:55 d2.evaluation.evaluator]: Inference done 6158/24904. Dataloading: 0.0027 s/iter. Inference: 0.2344 s/iter. Eval: 0.0763 s/iter. Total: 0.3134 s/iter. ETA=1:37:55
[08/06 17:12:00 d2.evaluation.evaluator]: Inference done 6174/24904. Dataloading: 0.0027 s/iter. Inference: 0.2344 s/iter. Eval: 0.0763 s/iter. Total: 0.3134 s/iter. ETA=1:37:50
[08/06 17:12:05 d2.evaluation.evaluator]: Inference done 6186/24904. Dataloading: 0.0027 s/iter. Inference: 0.2344 s/iter. Eval: 0.0763 s/iter. Total: 0.3134 s/iter. ETA=1:37:46
[08/06 17:12:10 d2.evaluation.evaluator]: Inference done 6202/24904. Dataloading: 0.0027 s/iter. Inference: 0.2344 s/iter. Eval: 0.0763 s/iter. Total: 0.3134 s/iter. ETA=1:37:41
[08/06 17:12:15 d2.evaluation.evaluator]: Inference done 6218/24904. Dataloading: 0.0027 s/iter. Inference: 0.2344 s/iter. Eval: 0.0763 s/iter. Total: 0.3134 s/iter. ETA=1:37:36
[08/06 17:12:20 d2.evaluation.evaluator]: Inference done 6234/24904. Dataloading: 0.0027 s/iter. Inference: 0.2344 s/iter. Eval: 0.0763 s/iter. Total: 0.3134 s/iter. ETA=1:37:31
[08/06 17:12:25 d2.evaluation.evaluator]: Inference done 6250/24904. Dataloading: 0.0027 s/iter. Inference: 0.2344 s/iter. Eval: 0.0763 s/iter. Total: 0.3134 s/iter. ETA=1:37:26
[08/06 17:12:30 d2.evaluation.evaluator]: Inference done 6266/24904. Dataloading: 0.0027 s/iter. Inference: 0.2344 s/iter. Eval: 0.0763 s/iter. Total: 0.3134 s/iter. ETA=1:37:21
[08/06 17:12:35 d2.evaluation.evaluator]: Inference done 6282/24904. Dataloading: 0.0027 s/iter. Inference: 0.2344 s/iter. Eval: 0.0763 s/iter. Total: 0.3134 s/iter. ETA=1:37:16
[08/06 17:12:41 d2.evaluation.evaluator]: Inference done 6294/24904. Dataloading: 0.0027 s/iter. Inference: 0.2344 s/iter. Eval: 0.0763 s/iter. Total: 0.3134 s/iter. ETA=1:37:13
[08/06 17:12:46 d2.evaluation.evaluator]: Inference done 6310/24904. Dataloading: 0.0027 s/iter. Inference: 0.2344 s/iter. Eval: 0.0763 s/iter. Total: 0.3134 s/iter. ETA=1:37:08
[08/06 17:12:51 d2.evaluation.evaluator]: Inference done 6326/24904. Dataloading: 0.0027 s/iter. Inference: 0.2344 s/iter. Eval: 0.0763 s/iter. Total: 0.3135 s/iter. ETA=1:37:03
[08/06 17:12:56 d2.evaluation.evaluator]: Inference done 6342/24904. Dataloading: 0.0027 s/iter. Inference: 0.2344 s/iter. Eval: 0.0763 s/iter. Total: 0.3135 s/iter. ETA=1:36:58
[08/06 17:13:01 d2.evaluation.evaluator]: Inference done 6358/24904. Dataloading: 0.0027 s/iter. Inference: 0.2344 s/iter. Eval: 0.0763 s/iter. Total: 0.3135 s/iter. ETA=1:36:53
[08/06 17:13:06 d2.evaluation.evaluator]: Inference done 6374/24904. Dataloading: 0.0027 s/iter. Inference: 0.2344 s/iter. Eval: 0.0763 s/iter. Total: 0.3135 s/iter. ETA=1:36:48
[08/06 17:13:12 d2.evaluation.evaluator]: Inference done 6389/24904. Dataloading: 0.0027 s/iter. Inference: 0.2344 s/iter. Eval: 0.0763 s/iter. Total: 0.3135 s/iter. ETA=1:36:43
[08/06 17:13:17 d2.evaluation.evaluator]: Inference done 6406/24904. Dataloading: 0.0027 s/iter. Inference: 0.2344 s/iter. Eval: 0.0763 s/iter. Total: 0.3134 s/iter. ETA=1:36:37
[08/06 17:13:22 d2.evaluation.evaluator]: Inference done 6423/24904. Dataloading: 0.0027 s/iter. Inference: 0.2344 s/iter. Eval: 0.0763 s/iter. Total: 0.3134 s/iter. ETA=1:36:32
[08/06 17:13:28 d2.evaluation.evaluator]: Inference done 6440/24904. Dataloading: 0.0027 s/iter. Inference: 0.2344 s/iter. Eval: 0.0763 s/iter. Total: 0.3134 s/iter. ETA=1:36:26
[08/06 17:13:33 d2.evaluation.evaluator]: Inference done 6456/24904. Dataloading: 0.0027 s/iter. Inference: 0.2344 s/iter. Eval: 0.0763 s/iter. Total: 0.3134 s/iter. ETA=1:36:21
[08/06 17:13:38 d2.evaluation.evaluator]: Inference done 6473/24904. Dataloading: 0.0027 s/iter. Inference: 0.2344 s/iter. Eval: 0.0762 s/iter. Total: 0.3134 s/iter. ETA=1:36:16
[08/06 17:13:43 d2.evaluation.evaluator]: Inference done 6490/24904. Dataloading: 0.0027 s/iter. Inference: 0.2344 s/iter. Eval: 0.0762 s/iter. Total: 0.3134 s/iter. ETA=1:36:11
[08/06 17:13:49 d2.evaluation.evaluator]: Inference done 6502/24904. Dataloading: 0.0027 s/iter. Inference: 0.2344 s/iter. Eval: 0.0762 s/iter. Total: 0.3134 s/iter. ETA=1:36:07
[08/06 17:13:54 d2.evaluation.evaluator]: Inference done 6518/24904. Dataloading: 0.0027 s/iter. Inference: 0.2344 s/iter. Eval: 0.0762 s/iter. Total: 0.3134 s/iter. ETA=1:36:02
[08/06 17:13:59 d2.evaluation.evaluator]: Inference done 6534/24904. Dataloading: 0.0027 s/iter. Inference: 0.2344 s/iter. Eval: 0.0762 s/iter. Total: 0.3134 s/iter. ETA=1:35:57
[08/06 17:14:04 d2.evaluation.evaluator]: Inference done 6550/24904. Dataloading: 0.0027 s/iter. Inference: 0.2344 s/iter. Eval: 0.0762 s/iter. Total: 0.3134 s/iter. ETA=1:35:52
[08/06 17:14:09 d2.evaluation.evaluator]: Inference done 6567/24904. Dataloading: 0.0027 s/iter. Inference: 0.2344 s/iter. Eval: 0.0762 s/iter. Total: 0.3134 s/iter. ETA=1:35:47
[08/06 17:14:14 d2.evaluation.evaluator]: Inference done 6583/24904. Dataloading: 0.0027 s/iter. Inference: 0.2344 s/iter. Eval: 0.0762 s/iter. Total: 0.3134 s/iter. ETA=1:35:41
[08/06 17:14:21 d2.evaluation.evaluator]: Inference done 6599/24904. Dataloading: 0.0027 s/iter. Inference: 0.2344 s/iter. Eval: 0.0762 s/iter. Total: 0.3134 s/iter. ETA=1:35:37
[08/06 17:14:26 d2.evaluation.evaluator]: Inference done 6615/24904. Dataloading: 0.0027 s/iter. Inference: 0.2344 s/iter. Eval: 0.0762 s/iter. Total: 0.3134 s/iter. ETA=1:35:32
[08/06 17:14:31 d2.evaluation.evaluator]: Inference done 6631/24904. Dataloading: 0.0027 s/iter. Inference: 0.2344 s/iter. Eval: 0.0762 s/iter. Total: 0.3134 s/iter. ETA=1:35:27
[08/06 17:14:36 d2.evaluation.evaluator]: Inference done 6647/24904. Dataloading: 0.0027 s/iter. Inference: 0.2344 s/iter. Eval: 0.0762 s/iter. Total: 0.3134 s/iter. ETA=1:35:22
[08/06 17:14:41 d2.evaluation.evaluator]: Inference done 6663/24904. Dataloading: 0.0027 s/iter. Inference: 0.2344 s/iter. Eval: 0.0762 s/iter. Total: 0.3134 s/iter. ETA=1:35:17
[08/06 17:14:46 d2.evaluation.evaluator]: Inference done 6679/24904. Dataloading: 0.0027 s/iter. Inference: 0.2344 s/iter. Eval: 0.0762 s/iter. Total: 0.3134 s/iter. ETA=1:35:12
[08/06 17:14:51 d2.evaluation.evaluator]: Inference done 6695/24904. Dataloading: 0.0027 s/iter. Inference: 0.2344 s/iter. Eval: 0.0762 s/iter. Total: 0.3134 s/iter. ETA=1:35:07
[08/06 17:14:56 d2.evaluation.evaluator]: Inference done 6707/24904. Dataloading: 0.0027 s/iter. Inference: 0.2344 s/iter. Eval: 0.0762 s/iter. Total: 0.3134 s/iter. ETA=1:35:03
[08/06 17:15:01 d2.evaluation.evaluator]: Inference done 6723/24904. Dataloading: 0.0027 s/iter. Inference: 0.2344 s/iter. Eval: 0.0762 s/iter. Total: 0.3134 s/iter. ETA=1:34:58
[08/06 17:15:06 d2.evaluation.evaluator]: Inference done 6739/24904. Dataloading: 0.0027 s/iter. Inference: 0.2344 s/iter. Eval: 0.0762 s/iter. Total: 0.3134 s/iter. ETA=1:34:53
[08/06 17:15:11 d2.evaluation.evaluator]: Inference done 6755/24904. Dataloading: 0.0027 s/iter. Inference: 0.2344 s/iter. Eval: 0.0762 s/iter. Total: 0.3134 s/iter. ETA=1:34:48
[08/06 17:15:16 d2.evaluation.evaluator]: Inference done 6771/24904. Dataloading: 0.0027 s/iter. Inference: 0.2345 s/iter. Eval: 0.0762 s/iter. Total: 0.3134 s/iter. ETA=1:34:43
[08/06 17:15:21 d2.evaluation.evaluator]: Inference done 6788/24904. Dataloading: 0.0027 s/iter. Inference: 0.2345 s/iter. Eval: 0.0762 s/iter. Total: 0.3134 s/iter. ETA=1:34:38
[08/06 17:15:26 d2.evaluation.evaluator]: Inference done 6804/24904. Dataloading: 0.0027 s/iter. Inference: 0.2345 s/iter. Eval: 0.0762 s/iter. Total: 0.3134 s/iter. ETA=1:34:33
[08/06 17:15:31 d2.evaluation.evaluator]: Inference done 6815/24904. Dataloading: 0.0027 s/iter. Inference: 0.2345 s/iter. Eval: 0.0763 s/iter. Total: 0.3135 s/iter. ETA=1:34:30
[08/06 17:15:37 d2.evaluation.evaluator]: Inference done 6831/24904. Dataloading: 0.0027 s/iter. Inference: 0.2345 s/iter. Eval: 0.0763 s/iter. Total: 0.3135 s/iter. ETA=1:34:25
[08/06 17:15:42 d2.evaluation.evaluator]: Inference done 6847/24904. Dataloading: 0.0027 s/iter. Inference: 0.2345 s/iter. Eval: 0.0763 s/iter. Total: 0.3135 s/iter. ETA=1:34:20
[08/06 17:15:47 d2.evaluation.evaluator]: Inference done 6863/24904. Dataloading: 0.0027 s/iter. Inference: 0.2345 s/iter. Eval: 0.0763 s/iter. Total: 0.3135 s/iter. ETA=1:34:15
[08/06 17:15:52 d2.evaluation.evaluator]: Inference done 6879/24904. Dataloading: 0.0027 s/iter. Inference: 0.2345 s/iter. Eval: 0.0763 s/iter. Total: 0.3135 s/iter. ETA=1:34:10
[08/06 17:15:57 d2.evaluation.evaluator]: Inference done 6895/24904. Dataloading: 0.0027 s/iter. Inference: 0.2345 s/iter. Eval: 0.0763 s/iter. Total: 0.3135 s/iter. ETA=1:34:06
[08/06 17:16:03 d2.evaluation.evaluator]: Inference done 6910/24904. Dataloading: 0.0027 s/iter. Inference: 0.2345 s/iter. Eval: 0.0763 s/iter. Total: 0.3135 s/iter. ETA=1:34:01
[08/06 17:16:08 d2.evaluation.evaluator]: Inference done 6926/24904. Dataloading: 0.0027 s/iter. Inference: 0.2345 s/iter. Eval: 0.0763 s/iter. Total: 0.3135 s/iter. ETA=1:33:56
[08/06 17:16:13 d2.evaluation.evaluator]: Inference done 6942/24904. Dataloading: 0.0027 s/iter. Inference: 0.2345 s/iter. Eval: 0.0763 s/iter. Total: 0.3135 s/iter. ETA=1:33:51
[08/06 17:16:18 d2.evaluation.evaluator]: Inference done 6958/24904. Dataloading: 0.0027 s/iter. Inference: 0.2345 s/iter. Eval: 0.0763 s/iter. Total: 0.3135 s/iter. ETA=1:33:46
[08/06 17:16:23 d2.evaluation.evaluator]: Inference done 6974/24904. Dataloading: 0.0027 s/iter. Inference: 0.2345 s/iter. Eval: 0.0763 s/iter. Total: 0.3136 s/iter. ETA=1:33:42
[08/06 17:16:29 d2.evaluation.evaluator]: Inference done 6991/24904. Dataloading: 0.0027 s/iter. Inference: 0.2345 s/iter. Eval: 0.0763 s/iter. Total: 0.3135 s/iter. ETA=1:33:36
[08/06 17:16:34 d2.evaluation.evaluator]: Inference done 7007/24904. Dataloading: 0.0027 s/iter. Inference: 0.2345 s/iter. Eval: 0.0763 s/iter. Total: 0.3135 s/iter. ETA=1:33:31
[08/06 17:16:39 d2.evaluation.evaluator]: Inference done 7019/24904. Dataloading: 0.0027 s/iter. Inference: 0.2345 s/iter. Eval: 0.0763 s/iter. Total: 0.3135 s/iter. ETA=1:33:27
[08/06 17:16:44 d2.evaluation.evaluator]: Inference done 7035/24904. Dataloading: 0.0027 s/iter. Inference: 0.2345 s/iter. Eval: 0.0763 s/iter. Total: 0.3135 s/iter. ETA=1:33:22
[08/06 17:16:49 d2.evaluation.evaluator]: Inference done 7052/24904. Dataloading: 0.0027 s/iter. Inference: 0.2345 s/iter. Eval: 0.0763 s/iter. Total: 0.3135 s/iter. ETA=1:33:17
[08/06 17:16:54 d2.evaluation.evaluator]: Inference done 7068/24904. Dataloading: 0.0027 s/iter. Inference: 0.2345 s/iter. Eval: 0.0763 s/iter. Total: 0.3135 s/iter. ETA=1:33:12
[08/06 17:16:59 d2.evaluation.evaluator]: Inference done 7084/24904. Dataloading: 0.0027 s/iter. Inference: 0.2345 s/iter. Eval: 0.0763 s/iter. Total: 0.3135 s/iter. ETA=1:33:07
[08/06 17:17:04 d2.evaluation.evaluator]: Inference done 7100/24904. Dataloading: 0.0027 s/iter. Inference: 0.2345 s/iter. Eval: 0.0763 s/iter. Total: 0.3135 s/iter. ETA=1:33:02
[08/06 17:17:09 d2.evaluation.evaluator]: Inference done 7116/24904. Dataloading: 0.0027 s/iter. Inference: 0.2345 s/iter. Eval: 0.0763 s/iter. Total: 0.3135 s/iter. ETA=1:32:57
[08/06 17:17:15 d2.evaluation.evaluator]: Inference done 7128/24904. Dataloading: 0.0027 s/iter. Inference: 0.2345 s/iter. Eval: 0.0763 s/iter. Total: 0.3135 s/iter. ETA=1:32:53
[08/06 17:17:20 d2.evaluation.evaluator]: Inference done 7144/24904. Dataloading: 0.0027 s/iter. Inference: 0.2345 s/iter. Eval: 0.0763 s/iter. Total: 0.3136 s/iter. ETA=1:32:48
[08/06 17:17:25 d2.evaluation.evaluator]: Inference done 7160/24904. Dataloading: 0.0027 s/iter. Inference: 0.2345 s/iter. Eval: 0.0763 s/iter. Total: 0.3136 s/iter. ETA=1:32:43
[08/06 17:17:30 d2.evaluation.evaluator]: Inference done 7176/24904. Dataloading: 0.0027 s/iter. Inference: 0.2345 s/iter. Eval: 0.0764 s/iter. Total: 0.3136 s/iter. ETA=1:32:39
[08/06 17:17:35 d2.evaluation.evaluator]: Inference done 7192/24904. Dataloading: 0.0027 s/iter. Inference: 0.2345 s/iter. Eval: 0.0764 s/iter. Total: 0.3136 s/iter. ETA=1:32:34
[08/06 17:17:40 d2.evaluation.evaluator]: Inference done 7208/24904. Dataloading: 0.0027 s/iter. Inference: 0.2345 s/iter. Eval: 0.0764 s/iter. Total: 0.3136 s/iter. ETA=1:32:29
[08/06 17:17:46 d2.evaluation.evaluator]: Inference done 7222/24904. Dataloading: 0.0027 s/iter. Inference: 0.2345 s/iter. Eval: 0.0764 s/iter. Total: 0.3136 s/iter. ETA=1:32:24
[08/06 17:17:51 d2.evaluation.evaluator]: Inference done 7239/24904. Dataloading: 0.0027 s/iter. Inference: 0.2345 s/iter. Eval: 0.0763 s/iter. Total: 0.3136 s/iter. ETA=1:32:19
[08/06 17:17:56 d2.evaluation.evaluator]: Inference done 7255/24904. Dataloading: 0.0027 s/iter. Inference: 0.2345 s/iter. Eval: 0.0763 s/iter. Total: 0.3136 s/iter. ETA=1:32:14
[08/06 17:18:01 d2.evaluation.evaluator]: Inference done 7272/24904. Dataloading: 0.0027 s/iter. Inference: 0.2345 s/iter. Eval: 0.0763 s/iter. Total: 0.3136 s/iter. ETA=1:32:08
[08/06 17:18:06 d2.evaluation.evaluator]: Inference done 7288/24904. Dataloading: 0.0027 s/iter. Inference: 0.2345 s/iter. Eval: 0.0763 s/iter. Total: 0.3136 s/iter. ETA=1:32:03
[08/06 17:18:12 d2.evaluation.evaluator]: Inference done 7304/24904. Dataloading: 0.0027 s/iter. Inference: 0.2345 s/iter. Eval: 0.0763 s/iter. Total: 0.3136 s/iter. ETA=1:31:58
[08/06 17:18:17 d2.evaluation.evaluator]: Inference done 7320/24904. Dataloading: 0.0027 s/iter. Inference: 0.2345 s/iter. Eval: 0.0763 s/iter. Total: 0.3136 s/iter. ETA=1:31:53
[08/06 17:18:22 d2.evaluation.evaluator]: Inference done 7332/24904. Dataloading: 0.0027 s/iter. Inference: 0.2345 s/iter. Eval: 0.0763 s/iter. Total: 0.3136 s/iter. ETA=1:31:50
[08/06 17:18:27 d2.evaluation.evaluator]: Inference done 7348/24904. Dataloading: 0.0027 s/iter. Inference: 0.2345 s/iter. Eval: 0.0763 s/iter. Total: 0.3136 s/iter. ETA=1:31:45
[08/06 17:18:32 d2.evaluation.evaluator]: Inference done 7364/24904. Dataloading: 0.0027 s/iter. Inference: 0.2345 s/iter. Eval: 0.0763 s/iter. Total: 0.3136 s/iter. ETA=1:31:40
[08/06 17:18:37 d2.evaluation.evaluator]: Inference done 7380/24904. Dataloading: 0.0027 s/iter. Inference: 0.2345 s/iter. Eval: 0.0763 s/iter. Total: 0.3136 s/iter. ETA=1:31:34
[08/06 17:18:42 d2.evaluation.evaluator]: Inference done 7397/24904. Dataloading: 0.0027 s/iter. Inference: 0.2345 s/iter. Eval: 0.0763 s/iter. Total: 0.3136 s/iter. ETA=1:31:29
[08/06 17:18:47 d2.evaluation.evaluator]: Inference done 7414/24904. Dataloading: 0.0027 s/iter. Inference: 0.2345 s/iter. Eval: 0.0763 s/iter. Total: 0.3135 s/iter. ETA=1:31:23
[08/06 17:18:52 d2.evaluation.evaluator]: Inference done 7431/24904. Dataloading: 0.0027 s/iter. Inference: 0.2345 s/iter. Eval: 0.0763 s/iter. Total: 0.3135 s/iter. ETA=1:31:18
[08/06 17:18:57 d2.evaluation.evaluator]: Inference done 7443/24904. Dataloading: 0.0027 s/iter. Inference: 0.2345 s/iter. Eval: 0.0763 s/iter. Total: 0.3135 s/iter. ETA=1:31:14
[08/06 17:19:03 d2.evaluation.evaluator]: Inference done 7459/24904. Dataloading: 0.0027 s/iter. Inference: 0.2345 s/iter. Eval: 0.0763 s/iter. Total: 0.3135 s/iter. ETA=1:31:09
[08/06 17:19:08 d2.evaluation.evaluator]: Inference done 7475/24904. Dataloading: 0.0027 s/iter. Inference: 0.2345 s/iter. Eval: 0.0763 s/iter. Total: 0.3135 s/iter. ETA=1:31:04
[08/06 17:19:13 d2.evaluation.evaluator]: Inference done 7491/24904. Dataloading: 0.0027 s/iter. Inference: 0.2345 s/iter. Eval: 0.0763 s/iter. Total: 0.3135 s/iter. ETA=1:30:59
[08/06 17:19:18 d2.evaluation.evaluator]: Inference done 7507/24904. Dataloading: 0.0027 s/iter. Inference: 0.2345 s/iter. Eval: 0.0763 s/iter. Total: 0.3135 s/iter. ETA=1:30:54
[08/06 17:19:23 d2.evaluation.evaluator]: Inference done 7523/24904. Dataloading: 0.0027 s/iter. Inference: 0.2345 s/iter. Eval: 0.0763 s/iter. Total: 0.3135 s/iter. ETA=1:30:49
[08/06 17:19:29 d2.evaluation.evaluator]: Inference done 7537/24904. Dataloading: 0.0027 s/iter. Inference: 0.2345 s/iter. Eval: 0.0763 s/iter. Total: 0.3135 s/iter. ETA=1:30:45
[08/06 17:19:34 d2.evaluation.evaluator]: Inference done 7553/24904. Dataloading: 0.0027 s/iter. Inference: 0.2345 s/iter. Eval: 0.0763 s/iter. Total: 0.3135 s/iter. ETA=1:30:40
[08/06 17:19:39 d2.evaluation.evaluator]: Inference done 7570/24904. Dataloading: 0.0027 s/iter. Inference: 0.2345 s/iter. Eval: 0.0763 s/iter. Total: 0.3135 s/iter. ETA=1:30:34
[08/06 17:19:44 d2.evaluation.evaluator]: Inference done 7587/24904. Dataloading: 0.0027 s/iter. Inference: 0.2345 s/iter. Eval: 0.0763 s/iter. Total: 0.3135 s/iter. ETA=1:30:29
[08/06 17:19:49 d2.evaluation.evaluator]: Inference done 7604/24904. Dataloading: 0.0027 s/iter. Inference: 0.2344 s/iter. Eval: 0.0763 s/iter. Total: 0.3135 s/iter. ETA=1:30:23
[08/06 17:19:54 d2.evaluation.evaluator]: Inference done 7621/24904. Dataloading: 0.0027 s/iter. Inference: 0.2344 s/iter. Eval: 0.0763 s/iter. Total: 0.3135 s/iter. ETA=1:30:17
[08/06 17:19:59 d2.evaluation.evaluator]: Inference done 7637/24904. Dataloading: 0.0027 s/iter. Inference: 0.2344 s/iter. Eval: 0.0763 s/iter. Total: 0.3135 s/iter. ETA=1:30:12
[08/06 17:20:04 d2.evaluation.evaluator]: Inference done 7647/24904. Dataloading: 0.0027 s/iter. Inference: 0.2344 s/iter. Eval: 0.0763 s/iter. Total: 0.3135 s/iter. ETA=1:30:09
[08/06 17:20:10 d2.evaluation.evaluator]: Inference done 7664/24904. Dataloading: 0.0027 s/iter. Inference: 0.2344 s/iter. Eval: 0.0763 s/iter. Total: 0.3134 s/iter. ETA=1:30:03
[08/06 17:20:15 d2.evaluation.evaluator]: Inference done 7681/24904. Dataloading: 0.0027 s/iter. Inference: 0.2344 s/iter. Eval: 0.0762 s/iter. Total: 0.3134 s/iter. ETA=1:29:58
[08/06 17:20:20 d2.evaluation.evaluator]: Inference done 7698/24904. Dataloading: 0.0027 s/iter. Inference: 0.2344 s/iter. Eval: 0.0762 s/iter. Total: 0.3134 s/iter. ETA=1:29:52
[08/06 17:20:25 d2.evaluation.evaluator]: Inference done 7715/24904. Dataloading: 0.0027 s/iter. Inference: 0.2344 s/iter. Eval: 0.0762 s/iter. Total: 0.3134 s/iter. ETA=1:29:47
[08/06 17:20:30 d2.evaluation.evaluator]: Inference done 7731/24904. Dataloading: 0.0027 s/iter. Inference: 0.2344 s/iter. Eval: 0.0762 s/iter. Total: 0.3134 s/iter. ETA=1:29:42
[08/06 17:20:35 d2.evaluation.evaluator]: Inference done 7747/24904. Dataloading: 0.0027 s/iter. Inference: 0.2344 s/iter. Eval: 0.0762 s/iter. Total: 0.3134 s/iter. ETA=1:29:37
[08/06 17:20:41 d2.evaluation.evaluator]: Inference done 7758/24904. Dataloading: 0.0027 s/iter. Inference: 0.2344 s/iter. Eval: 0.0762 s/iter. Total: 0.3134 s/iter. ETA=1:29:33
[08/06 17:20:46 d2.evaluation.evaluator]: Inference done 7774/24904. Dataloading: 0.0027 s/iter. Inference: 0.2344 s/iter. Eval: 0.0762 s/iter. Total: 0.3134 s/iter. ETA=1:29:28
[08/06 17:20:51 d2.evaluation.evaluator]: Inference done 7790/24904. Dataloading: 0.0027 s/iter. Inference: 0.2344 s/iter. Eval: 0.0762 s/iter. Total: 0.3134 s/iter. ETA=1:29:23
[08/06 17:20:56 d2.evaluation.evaluator]: Inference done 7807/24904. Dataloading: 0.0027 s/iter. Inference: 0.2344 s/iter. Eval: 0.0762 s/iter. Total: 0.3134 s/iter. ETA=1:29:18
[08/06 17:21:01 d2.evaluation.evaluator]: Inference done 7824/24904. Dataloading: 0.0027 s/iter. Inference: 0.2344 s/iter. Eval: 0.0762 s/iter. Total: 0.3134 s/iter. ETA=1:29:12
[08/06 17:21:06 d2.evaluation.evaluator]: Inference done 7840/24904. Dataloading: 0.0027 s/iter. Inference: 0.2344 s/iter. Eval: 0.0762 s/iter. Total: 0.3134 s/iter. ETA=1:29:07
[08/06 17:21:12 d2.evaluation.evaluator]: Inference done 7854/24904. Dataloading: 0.0027 s/iter. Inference: 0.2344 s/iter. Eval: 0.0762 s/iter. Total: 0.3134 s/iter. ETA=1:29:03
[08/06 17:21:17 d2.evaluation.evaluator]: Inference done 7870/24904. Dataloading: 0.0027 s/iter. Inference: 0.2344 s/iter. Eval: 0.0762 s/iter. Total: 0.3134 s/iter. ETA=1:28:58
[08/06 17:21:22 d2.evaluation.evaluator]: Inference done 7886/24904. Dataloading: 0.0027 s/iter. Inference: 0.2345 s/iter. Eval: 0.0762 s/iter. Total: 0.3134 s/iter. ETA=1:28:54
[08/06 17:21:27 d2.evaluation.evaluator]: Inference done 7903/24904. Dataloading: 0.0027 s/iter. Inference: 0.2345 s/iter. Eval: 0.0762 s/iter. Total: 0.3134 s/iter. ETA=1:28:48
[08/06 17:21:33 d2.evaluation.evaluator]: Inference done 7920/24904. Dataloading: 0.0027 s/iter. Inference: 0.2344 s/iter. Eval: 0.0762 s/iter. Total: 0.3134 s/iter. ETA=1:28:43
[08/06 17:21:38 d2.evaluation.evaluator]: Inference done 7937/24904. Dataloading: 0.0027 s/iter. Inference: 0.2344 s/iter. Eval: 0.0762 s/iter. Total: 0.3134 s/iter. ETA=1:28:37
[08/06 17:21:43 d2.evaluation.evaluator]: Inference done 7954/24904. Dataloading: 0.0027 s/iter. Inference: 0.2344 s/iter. Eval: 0.0762 s/iter. Total: 0.3134 s/iter. ETA=1:28:32
[08/06 17:21:49 d2.evaluation.evaluator]: Inference done 7966/24904. Dataloading: 0.0027 s/iter. Inference: 0.2344 s/iter. Eval: 0.0762 s/iter. Total: 0.3134 s/iter. ETA=1:28:28
[08/06 17:21:54 d2.evaluation.evaluator]: Inference done 7983/24904. Dataloading: 0.0027 s/iter. Inference: 0.2344 s/iter. Eval: 0.0762 s/iter. Total: 0.3134 s/iter. ETA=1:28:23
[08/06 17:21:59 d2.evaluation.evaluator]: Inference done 7999/24904. Dataloading: 0.0027 s/iter. Inference: 0.2344 s/iter. Eval: 0.0762 s/iter. Total: 0.3134 s/iter. ETA=1:28:18
[08/06 17:22:04 d2.evaluation.evaluator]: Inference done 8016/24904. Dataloading: 0.0027 s/iter. Inference: 0.2344 s/iter. Eval: 0.0762 s/iter. Total: 0.3134 s/iter. ETA=1:28:12
[08/06 17:22:10 d2.evaluation.evaluator]: Inference done 8033/24904. Dataloading: 0.0027 s/iter. Inference: 0.2344 s/iter. Eval: 0.0762 s/iter. Total: 0.3134 s/iter. ETA=1:28:07
[08/06 17:22:15 d2.evaluation.evaluator]: Inference done 8050/24904. Dataloading: 0.0027 s/iter. Inference: 0.2344 s/iter. Eval: 0.0762 s/iter. Total: 0.3134 s/iter. ETA=1:28:02
[08/06 17:22:20 d2.evaluation.evaluator]: Inference done 8062/24904. Dataloading: 0.0027 s/iter. Inference: 0.2344 s/iter. Eval: 0.0762 s/iter. Total: 0.3134 s/iter. ETA=1:27:58
[08/06 17:22:25 d2.evaluation.evaluator]: Inference done 8079/24904. Dataloading: 0.0027 s/iter. Inference: 0.2344 s/iter. Eval: 0.0762 s/iter. Total: 0.3134 s/iter. ETA=1:27:52
[08/06 17:22:31 d2.evaluation.evaluator]: Inference done 8096/24904. Dataloading: 0.0027 s/iter. Inference: 0.2344 s/iter. Eval: 0.0762 s/iter. Total: 0.3134 s/iter. ETA=1:27:47
[08/06 17:22:36 d2.evaluation.evaluator]: Inference done 8112/24904. Dataloading: 0.0027 s/iter. Inference: 0.2344 s/iter. Eval: 0.0762 s/iter. Total: 0.3134 s/iter. ETA=1:27:42
[08/06 17:22:41 d2.evaluation.evaluator]: Inference done 8128/24904. Dataloading: 0.0027 s/iter. Inference: 0.2344 s/iter. Eval: 0.0762 s/iter. Total: 0.3134 s/iter. ETA=1:27:37
[08/06 17:22:46 d2.evaluation.evaluator]: Inference done 8144/24904. Dataloading: 0.0027 s/iter. Inference: 0.2344 s/iter. Eval: 0.0762 s/iter. Total: 0.3134 s/iter. ETA=1:27:32
[08/06 17:22:51 d2.evaluation.evaluator]: Inference done 8160/24904. Dataloading: 0.0027 s/iter. Inference: 0.2344 s/iter. Eval: 0.0762 s/iter. Total: 0.3134 s/iter. ETA=1:27:27
[08/06 17:22:56 d2.evaluation.evaluator]: Inference done 8172/24904. Dataloading: 0.0027 s/iter. Inference: 0.2344 s/iter. Eval: 0.0762 s/iter. Total: 0.3134 s/iter. ETA=1:27:23
[08/06 17:23:01 d2.evaluation.evaluator]: Inference done 8189/24904. Dataloading: 0.0027 s/iter. Inference: 0.2344 s/iter. Eval: 0.0762 s/iter. Total: 0.3134 s/iter. ETA=1:27:18
[08/06 17:23:07 d2.evaluation.evaluator]: Inference done 8206/24904. Dataloading: 0.0027 s/iter. Inference: 0.2344 s/iter. Eval: 0.0762 s/iter. Total: 0.3134 s/iter. ETA=1:27:13
[08/06 17:23:12 d2.evaluation.evaluator]: Inference done 8222/24904. Dataloading: 0.0027 s/iter. Inference: 0.2344 s/iter. Eval: 0.0762 s/iter. Total: 0.3134 s/iter. ETA=1:27:08
[08/06 17:23:17 d2.evaluation.evaluator]: Inference done 8238/24904. Dataloading: 0.0027 s/iter. Inference: 0.2344 s/iter. Eval: 0.0762 s/iter. Total: 0.3134 s/iter. ETA=1:27:03
[08/06 17:23:22 d2.evaluation.evaluator]: Inference done 8254/24904. Dataloading: 0.0027 s/iter. Inference: 0.2344 s/iter. Eval: 0.0762 s/iter. Total: 0.3134 s/iter. ETA=1:26:58
[08/06 17:23:27 d2.evaluation.evaluator]: Inference done 8270/24904. Dataloading: 0.0027 s/iter. Inference: 0.2344 s/iter. Eval: 0.0762 s/iter. Total: 0.3134 s/iter. ETA=1:26:53
[08/06 17:23:32 d2.evaluation.evaluator]: Inference done 8281/24904. Dataloading: 0.0027 s/iter. Inference: 0.2344 s/iter. Eval: 0.0762 s/iter. Total: 0.3134 s/iter. ETA=1:26:50
[08/06 17:23:37 d2.evaluation.evaluator]: Inference done 8298/24904. Dataloading: 0.0027 s/iter. Inference: 0.2344 s/iter. Eval: 0.0762 s/iter. Total: 0.3134 s/iter. ETA=1:26:44
[08/06 17:23:42 d2.evaluation.evaluator]: Inference done 8315/24904. Dataloading: 0.0027 s/iter. Inference: 0.2344 s/iter. Eval: 0.0762 s/iter. Total: 0.3134 s/iter. ETA=1:26:39
[08/06 17:23:48 d2.evaluation.evaluator]: Inference done 8332/24904. Dataloading: 0.0027 s/iter. Inference: 0.2344 s/iter. Eval: 0.0762 s/iter. Total: 0.3134 s/iter. ETA=1:26:33
[08/06 17:23:53 d2.evaluation.evaluator]: Inference done 8349/24904. Dataloading: 0.0027 s/iter. Inference: 0.2344 s/iter. Eval: 0.0762 s/iter. Total: 0.3134 s/iter. ETA=1:26:28
[08/06 17:23:58 d2.evaluation.evaluator]: Inference done 8366/24904. Dataloading: 0.0027 s/iter. Inference: 0.2344 s/iter. Eval: 0.0762 s/iter. Total: 0.3134 s/iter. ETA=1:26:22
[08/06 17:24:03 d2.evaluation.evaluator]: Inference done 8378/24904. Dataloading: 0.0027 s/iter. Inference: 0.2344 s/iter. Eval: 0.0762 s/iter. Total: 0.3134 s/iter. ETA=1:26:18
[08/06 17:24:08 d2.evaluation.evaluator]: Inference done 8394/24904. Dataloading: 0.0027 s/iter. Inference: 0.2344 s/iter. Eval: 0.0762 s/iter. Total: 0.3134 s/iter. ETA=1:26:13
[08/06 17:24:14 d2.evaluation.evaluator]: Inference done 8411/24904. Dataloading: 0.0027 s/iter. Inference: 0.2344 s/iter. Eval: 0.0762 s/iter. Total: 0.3134 s/iter. ETA=1:26:08
[08/06 17:24:19 d2.evaluation.evaluator]: Inference done 8427/24904. Dataloading: 0.0027 s/iter. Inference: 0.2344 s/iter. Eval: 0.0762 s/iter. Total: 0.3134 s/iter. ETA=1:26:03
[08/06 17:24:24 d2.evaluation.evaluator]: Inference done 8444/24904. Dataloading: 0.0027 s/iter. Inference: 0.2344 s/iter. Eval: 0.0762 s/iter. Total: 0.3134 s/iter. ETA=1:25:58
[08/06 17:24:29 d2.evaluation.evaluator]: Inference done 8460/24904. Dataloading: 0.0027 s/iter. Inference: 0.2344 s/iter. Eval: 0.0762 s/iter. Total: 0.3134 s/iter. ETA=1:25:52
[08/06 17:24:34 d2.evaluation.evaluator]: Inference done 8477/24904. Dataloading: 0.0027 s/iter. Inference: 0.2344 s/iter. Eval: 0.0762 s/iter. Total: 0.3134 s/iter. ETA=1:25:47
[08/06 17:24:39 d2.evaluation.evaluator]: Inference done 8488/24904. Dataloading: 0.0027 s/iter. Inference: 0.2344 s/iter. Eval: 0.0762 s/iter. Total: 0.3134 s/iter. ETA=1:25:44
[08/06 17:24:44 d2.evaluation.evaluator]: Inference done 8504/24904. Dataloading: 0.0027 s/iter. Inference: 0.2344 s/iter. Eval: 0.0762 s/iter. Total: 0.3134 s/iter. ETA=1:25:39
[08/06 17:24:49 d2.evaluation.evaluator]: Inference done 8520/24904. Dataloading: 0.0027 s/iter. Inference: 0.2344 s/iter. Eval: 0.0762 s/iter. Total: 0.3134 s/iter. ETA=1:25:34
[08/06 17:24:55 d2.evaluation.evaluator]: Inference done 8537/24904. Dataloading: 0.0027 s/iter. Inference: 0.2344 s/iter. Eval: 0.0762 s/iter. Total: 0.3134 s/iter. ETA=1:25:28
[08/06 17:25:00 d2.evaluation.evaluator]: Inference done 8553/24904. Dataloading: 0.0027 s/iter. Inference: 0.2344 s/iter. Eval: 0.0762 s/iter. Total: 0.3134 s/iter. ETA=1:25:23
[08/06 17:25:05 d2.evaluation.evaluator]: Inference done 8570/24904. Dataloading: 0.0027 s/iter. Inference: 0.2344 s/iter. Eval: 0.0762 s/iter. Total: 0.3134 s/iter. ETA=1:25:18
[08/06 17:25:12 d2.evaluation.evaluator]: Inference done 8586/24904. Dataloading: 0.0027 s/iter. Inference: 0.2344 s/iter. Eval: 0.0762 s/iter. Total: 0.3134 s/iter. ETA=1:25:13
[08/06 17:25:17 d2.evaluation.evaluator]: Inference done 8602/24904. Dataloading: 0.0027 s/iter. Inference: 0.2344 s/iter. Eval: 0.0762 s/iter. Total: 0.3134 s/iter. ETA=1:25:08
[08/06 17:25:22 d2.evaluation.evaluator]: Inference done 8618/24904. Dataloading: 0.0027 s/iter. Inference: 0.2344 s/iter. Eval: 0.0762 s/iter. Total: 0.3134 s/iter. ETA=1:25:03
[08/06 17:25:27 d2.evaluation.evaluator]: Inference done 8634/24904. Dataloading: 0.0027 s/iter. Inference: 0.2344 s/iter. Eval: 0.0762 s/iter. Total: 0.3134 s/iter. ETA=1:24:58
[08/06 17:25:32 d2.evaluation.evaluator]: Inference done 8651/24904. Dataloading: 0.0027 s/iter. Inference: 0.2344 s/iter. Eval: 0.0762 s/iter. Total: 0.3134 s/iter. ETA=1:24:53
[08/06 17:25:37 d2.evaluation.evaluator]: Inference done 8667/24904. Dataloading: 0.0027 s/iter. Inference: 0.2344 s/iter. Eval: 0.0762 s/iter. Total: 0.3134 s/iter. ETA=1:24:48
[08/06 17:25:42 d2.evaluation.evaluator]: Inference done 8683/24904. Dataloading: 0.0027 s/iter. Inference: 0.2344 s/iter. Eval: 0.0762 s/iter. Total: 0.3134 s/iter. ETA=1:24:43
[08/06 17:25:47 d2.evaluation.evaluator]: Inference done 8694/24904. Dataloading: 0.0027 s/iter. Inference: 0.2344 s/iter. Eval: 0.0762 s/iter. Total: 0.3134 s/iter. ETA=1:24:39
[08/06 17:25:52 d2.evaluation.evaluator]: Inference done 8710/24904. Dataloading: 0.0027 s/iter. Inference: 0.2344 s/iter. Eval: 0.0762 s/iter. Total: 0.3134 s/iter. ETA=1:24:34
[08/06 17:25:58 d2.evaluation.evaluator]: Inference done 8727/24904. Dataloading: 0.0027 s/iter. Inference: 0.2344 s/iter. Eval: 0.0762 s/iter. Total: 0.3134 s/iter. ETA=1:24:29
[08/06 17:26:03 d2.evaluation.evaluator]: Inference done 8744/24904. Dataloading: 0.0027 s/iter. Inference: 0.2344 s/iter. Eval: 0.0762 s/iter. Total: 0.3134 s/iter. ETA=1:24:24
[08/06 17:26:08 d2.evaluation.evaluator]: Inference done 8761/24904. Dataloading: 0.0027 s/iter. Inference: 0.2344 s/iter. Eval: 0.0762 s/iter. Total: 0.3134 s/iter. ETA=1:24:18
[08/06 17:26:13 d2.evaluation.evaluator]: Inference done 8778/24904. Dataloading: 0.0027 s/iter. Inference: 0.2344 s/iter. Eval: 0.0762 s/iter. Total: 0.3134 s/iter. ETA=1:24:13
[08/06 17:26:18 d2.evaluation.evaluator]: Inference done 8794/24904. Dataloading: 0.0027 s/iter. Inference: 0.2344 s/iter. Eval: 0.0762 s/iter. Total: 0.3134 s/iter. ETA=1:24:08
[08/06 17:26:24 d2.evaluation.evaluator]: Inference done 8805/24904. Dataloading: 0.0027 s/iter. Inference: 0.2344 s/iter. Eval: 0.0762 s/iter. Total: 0.3134 s/iter. ETA=1:24:04
[08/06 17:26:29 d2.evaluation.evaluator]: Inference done 8822/24904. Dataloading: 0.0027 s/iter. Inference: 0.2344 s/iter. Eval: 0.0762 s/iter. Total: 0.3134 s/iter. ETA=1:23:59
[08/06 17:26:34 d2.evaluation.evaluator]: Inference done 8839/24904. Dataloading: 0.0027 s/iter. Inference: 0.2344 s/iter. Eval: 0.0762 s/iter. Total: 0.3133 s/iter. ETA=1:23:53
[08/06 17:26:39 d2.evaluation.evaluator]: Inference done 8856/24904. Dataloading: 0.0027 s/iter. Inference: 0.2344 s/iter. Eval: 0.0762 s/iter. Total: 0.3133 s/iter. ETA=1:23:48
[08/06 17:26:44 d2.evaluation.evaluator]: Inference done 8873/24904. Dataloading: 0.0027 s/iter. Inference: 0.2344 s/iter. Eval: 0.0762 s/iter. Total: 0.3133 s/iter. ETA=1:23:42
[08/06 17:26:50 d2.evaluation.evaluator]: Inference done 8890/24904. Dataloading: 0.0027 s/iter. Inference: 0.2344 s/iter. Eval: 0.0762 s/iter. Total: 0.3133 s/iter. ETA=1:23:37
[08/06 17:26:55 d2.evaluation.evaluator]: Inference done 8901/24904. Dataloading: 0.0027 s/iter. Inference: 0.2344 s/iter. Eval: 0.0762 s/iter. Total: 0.3133 s/iter. ETA=1:23:33
[08/06 17:27:00 d2.evaluation.evaluator]: Inference done 8917/24904. Dataloading: 0.0027 s/iter. Inference: 0.2344 s/iter. Eval: 0.0762 s/iter. Total: 0.3133 s/iter. ETA=1:23:29
[08/06 17:27:05 d2.evaluation.evaluator]: Inference done 8933/24904. Dataloading: 0.0027 s/iter. Inference: 0.2344 s/iter. Eval: 0.0762 s/iter. Total: 0.3133 s/iter. ETA=1:23:24
[08/06 17:27:10 d2.evaluation.evaluator]: Inference done 8950/24904. Dataloading: 0.0027 s/iter. Inference: 0.2344 s/iter. Eval: 0.0762 s/iter. Total: 0.3133 s/iter. ETA=1:23:18
[08/06 17:27:16 d2.evaluation.evaluator]: Inference done 8967/24904. Dataloading: 0.0027 s/iter. Inference: 0.2343 s/iter. Eval: 0.0762 s/iter. Total: 0.3133 s/iter. ETA=1:23:13
[08/06 17:27:21 d2.evaluation.evaluator]: Inference done 8983/24904. Dataloading: 0.0027 s/iter. Inference: 0.2343 s/iter. Eval: 0.0762 s/iter. Total: 0.3133 s/iter. ETA=1:23:08
[08/06 17:27:26 d2.evaluation.evaluator]: Inference done 8999/24904. Dataloading: 0.0027 s/iter. Inference: 0.2343 s/iter. Eval: 0.0762 s/iter. Total: 0.3133 s/iter. ETA=1:23:03
[08/06 17:27:31 d2.evaluation.evaluator]: Inference done 9010/24904. Dataloading: 0.0027 s/iter. Inference: 0.2343 s/iter. Eval: 0.0762 s/iter. Total: 0.3133 s/iter. ETA=1:23:00
[08/06 17:27:36 d2.evaluation.evaluator]: Inference done 9027/24904. Dataloading: 0.0027 s/iter. Inference: 0.2343 s/iter. Eval: 0.0762 s/iter. Total: 0.3133 s/iter. ETA=1:22:54
[08/06 17:27:41 d2.evaluation.evaluator]: Inference done 9044/24904. Dataloading: 0.0027 s/iter. Inference: 0.2343 s/iter. Eval: 0.0762 s/iter. Total: 0.3133 s/iter. ETA=1:22:49
[08/06 17:27:46 d2.evaluation.evaluator]: Inference done 9061/24904. Dataloading: 0.0027 s/iter. Inference: 0.2343 s/iter. Eval: 0.0762 s/iter. Total: 0.3133 s/iter. ETA=1:22:43
[08/06 17:27:52 d2.evaluation.evaluator]: Inference done 9078/24904. Dataloading: 0.0027 s/iter. Inference: 0.2343 s/iter. Eval: 0.0762 s/iter. Total: 0.3133 s/iter. ETA=1:22:37
[08/06 17:27:57 d2.evaluation.evaluator]: Inference done 9095/24904. Dataloading: 0.0027 s/iter. Inference: 0.2343 s/iter. Eval: 0.0762 s/iter. Total: 0.3133 s/iter. ETA=1:22:32
[08/06 17:28:04 d2.evaluation.evaluator]: Inference done 9111/24904. Dataloading: 0.0027 s/iter. Inference: 0.2343 s/iter. Eval: 0.0762 s/iter. Total: 0.3133 s/iter. ETA=1:22:27
[08/06 17:28:09 d2.evaluation.evaluator]: Inference done 9128/24904. Dataloading: 0.0027 s/iter. Inference: 0.2343 s/iter. Eval: 0.0762 s/iter. Total: 0.3133 s/iter. ETA=1:22:22
[08/06 17:28:14 d2.evaluation.evaluator]: Inference done 9145/24904. Dataloading: 0.0027 s/iter. Inference: 0.2343 s/iter. Eval: 0.0762 s/iter. Total: 0.3133 s/iter. ETA=1:22:16
[08/06 17:28:19 d2.evaluation.evaluator]: Inference done 9162/24904. Dataloading: 0.0027 s/iter. Inference: 0.2343 s/iter. Eval: 0.0762 s/iter. Total: 0.3132 s/iter. ETA=1:22:11
[08/06 17:28:24 d2.evaluation.evaluator]: Inference done 9179/24904. Dataloading: 0.0027 s/iter. Inference: 0.2343 s/iter. Eval: 0.0762 s/iter. Total: 0.3132 s/iter. ETA=1:22:05
[08/06 17:28:30 d2.evaluation.evaluator]: Inference done 9196/24904. Dataloading: 0.0027 s/iter. Inference: 0.2343 s/iter. Eval: 0.0762 s/iter. Total: 0.3132 s/iter. ETA=1:21:59
[08/06 17:28:35 d2.evaluation.evaluator]: Inference done 9212/24904. Dataloading: 0.0027 s/iter. Inference: 0.2343 s/iter. Eval: 0.0762 s/iter. Total: 0.3132 s/iter. ETA=1:21:54
[08/06 17:28:40 d2.evaluation.evaluator]: Inference done 9223/24904. Dataloading: 0.0027 s/iter. Inference: 0.2343 s/iter. Eval: 0.0761 s/iter. Total: 0.3132 s/iter. ETA=1:21:51
[08/06 17:28:45 d2.evaluation.evaluator]: Inference done 9240/24904. Dataloading: 0.0027 s/iter. Inference: 0.2343 s/iter. Eval: 0.0761 s/iter. Total: 0.3132 s/iter. ETA=1:21:46
[08/06 17:28:50 d2.evaluation.evaluator]: Inference done 9257/24904. Dataloading: 0.0027 s/iter. Inference: 0.2343 s/iter. Eval: 0.0761 s/iter. Total: 0.3132 s/iter. ETA=1:21:40
[08/06 17:28:55 d2.evaluation.evaluator]: Inference done 9274/24904. Dataloading: 0.0027 s/iter. Inference: 0.2343 s/iter. Eval: 0.0761 s/iter. Total: 0.3131 s/iter. ETA=1:21:34
[08/06 17:29:00 d2.evaluation.evaluator]: Inference done 9291/24904. Dataloading: 0.0027 s/iter. Inference: 0.2343 s/iter. Eval: 0.0761 s/iter. Total: 0.3131 s/iter. ETA=1:21:28
[08/06 17:29:06 d2.evaluation.evaluator]: Inference done 9308/24904. Dataloading: 0.0027 s/iter. Inference: 0.2343 s/iter. Eval: 0.0761 s/iter. Total: 0.3131 s/iter. ETA=1:21:23
[08/06 17:29:12 d2.evaluation.evaluator]: Inference done 9324/24904. Dataloading: 0.0027 s/iter. Inference: 0.2343 s/iter. Eval: 0.0761 s/iter. Total: 0.3131 s/iter. ETA=1:21:18
[08/06 17:29:18 d2.evaluation.evaluator]: Inference done 9341/24904. Dataloading: 0.0027 s/iter. Inference: 0.2343 s/iter. Eval: 0.0761 s/iter. Total: 0.3131 s/iter. ETA=1:21:12
[08/06 17:29:23 d2.evaluation.evaluator]: Inference done 9358/24904. Dataloading: 0.0027 s/iter. Inference: 0.2343 s/iter. Eval: 0.0761 s/iter. Total: 0.3131 s/iter. ETA=1:21:07
[08/06 17:29:28 d2.evaluation.evaluator]: Inference done 9375/24904. Dataloading: 0.0027 s/iter. Inference: 0.2343 s/iter. Eval: 0.0760 s/iter. Total: 0.3131 s/iter. ETA=1:21:01
[08/06 17:29:33 d2.evaluation.evaluator]: Inference done 9392/24904. Dataloading: 0.0027 s/iter. Inference: 0.2343 s/iter. Eval: 0.0760 s/iter. Total: 0.3131 s/iter. ETA=1:20:56
[08/06 17:29:38 d2.evaluation.evaluator]: Inference done 9408/24904. Dataloading: 0.0027 s/iter. Inference: 0.2343 s/iter. Eval: 0.0760 s/iter. Total: 0.3131 s/iter. ETA=1:20:51
[08/06 17:29:43 d2.evaluation.evaluator]: Inference done 9424/24904. Dataloading: 0.0027 s/iter. Inference: 0.2343 s/iter. Eval: 0.0761 s/iter. Total: 0.3131 s/iter. ETA=1:20:46
[08/06 17:29:48 d2.evaluation.evaluator]: Inference done 9434/24904. Dataloading: 0.0027 s/iter. Inference: 0.2343 s/iter. Eval: 0.0761 s/iter. Total: 0.3131 s/iter. ETA=1:20:43
[08/06 17:29:53 d2.evaluation.evaluator]: Inference done 9451/24904. Dataloading: 0.0027 s/iter. Inference: 0.2343 s/iter. Eval: 0.0760 s/iter. Total: 0.3131 s/iter. ETA=1:20:37
[08/06 17:29:59 d2.evaluation.evaluator]: Inference done 9467/24904. Dataloading: 0.0027 s/iter. Inference: 0.2343 s/iter. Eval: 0.0761 s/iter. Total: 0.3131 s/iter. ETA=1:20:32
[08/06 17:30:04 d2.evaluation.evaluator]: Inference done 9483/24904. Dataloading: 0.0027 s/iter. Inference: 0.2343 s/iter. Eval: 0.0761 s/iter. Total: 0.3131 s/iter. ETA=1:20:27
[08/06 17:30:09 d2.evaluation.evaluator]: Inference done 9500/24904. Dataloading: 0.0027 s/iter. Inference: 0.2343 s/iter. Eval: 0.0760 s/iter. Total: 0.3131 s/iter. ETA=1:20:22
[08/06 17:30:14 d2.evaluation.evaluator]: Inference done 9517/24904. Dataloading: 0.0027 s/iter. Inference: 0.2343 s/iter. Eval: 0.0760 s/iter. Total: 0.3131 s/iter. ETA=1:20:16
[08/06 17:30:19 d2.evaluation.evaluator]: Inference done 9534/24904. Dataloading: 0.0027 s/iter. Inference: 0.2343 s/iter. Eval: 0.0760 s/iter. Total: 0.3131 s/iter. ETA=1:20:11
[08/06 17:30:25 d2.evaluation.evaluator]: Inference done 9546/24904. Dataloading: 0.0027 s/iter. Inference: 0.2343 s/iter. Eval: 0.0760 s/iter. Total: 0.3131 s/iter. ETA=1:20:07
[08/06 17:30:30 d2.evaluation.evaluator]: Inference done 9563/24904. Dataloading: 0.0027 s/iter. Inference: 0.2343 s/iter. Eval: 0.0760 s/iter. Total: 0.3130 s/iter. ETA=1:20:02
[08/06 17:30:35 d2.evaluation.evaluator]: Inference done 9580/24904. Dataloading: 0.0027 s/iter. Inference: 0.2343 s/iter. Eval: 0.0760 s/iter. Total: 0.3130 s/iter. ETA=1:19:56
[08/06 17:30:40 d2.evaluation.evaluator]: Inference done 9597/24904. Dataloading: 0.0027 s/iter. Inference: 0.2343 s/iter. Eval: 0.0760 s/iter. Total: 0.3130 s/iter. ETA=1:19:51
[08/06 17:30:45 d2.evaluation.evaluator]: Inference done 9614/24904. Dataloading: 0.0027 s/iter. Inference: 0.2342 s/iter. Eval: 0.0760 s/iter. Total: 0.3130 s/iter. ETA=1:19:45
[08/06 17:30:51 d2.evaluation.evaluator]: Inference done 9631/24904. Dataloading: 0.0027 s/iter. Inference: 0.2342 s/iter. Eval: 0.0760 s/iter. Total: 0.3130 s/iter. ETA=1:19:40
[08/06 17:30:56 d2.evaluation.evaluator]: Inference done 9643/24904. Dataloading: 0.0027 s/iter. Inference: 0.2342 s/iter. Eval: 0.0760 s/iter. Total: 0.3130 s/iter. ETA=1:19:36
[08/06 17:31:01 d2.evaluation.evaluator]: Inference done 9660/24904. Dataloading: 0.0027 s/iter. Inference: 0.2342 s/iter. Eval: 0.0760 s/iter. Total: 0.3130 s/iter. ETA=1:19:30
[08/06 17:31:06 d2.evaluation.evaluator]: Inference done 9677/24904. Dataloading: 0.0027 s/iter. Inference: 0.2342 s/iter. Eval: 0.0760 s/iter. Total: 0.3130 s/iter. ETA=1:19:25
[08/06 17:31:11 d2.evaluation.evaluator]: Inference done 9694/24904. Dataloading: 0.0027 s/iter. Inference: 0.2342 s/iter. Eval: 0.0760 s/iter. Total: 0.3130 s/iter. ETA=1:19:19
[08/06 17:31:17 d2.evaluation.evaluator]: Inference done 9711/24904. Dataloading: 0.0027 s/iter. Inference: 0.2342 s/iter. Eval: 0.0759 s/iter. Total: 0.3129 s/iter. ETA=1:19:14
[08/06 17:31:22 d2.evaluation.evaluator]: Inference done 9728/24904. Dataloading: 0.0027 s/iter. Inference: 0.2342 s/iter. Eval: 0.0759 s/iter. Total: 0.3129 s/iter. ETA=1:19:08
[08/06 17:31:27 d2.evaluation.evaluator]: Inference done 9745/24904. Dataloading: 0.0027 s/iter. Inference: 0.2342 s/iter. Eval: 0.0759 s/iter. Total: 0.3129 s/iter. ETA=1:19:03
[08/06 17:31:32 d2.evaluation.evaluator]: Inference done 9757/24904. Dataloading: 0.0027 s/iter. Inference: 0.2342 s/iter. Eval: 0.0759 s/iter. Total: 0.3129 s/iter. ETA=1:18:59
[08/06 17:31:38 d2.evaluation.evaluator]: Inference done 9774/24904. Dataloading: 0.0027 s/iter. Inference: 0.2342 s/iter. Eval: 0.0759 s/iter. Total: 0.3129 s/iter. ETA=1:18:54
[08/06 17:31:43 d2.evaluation.evaluator]: Inference done 9791/24904. Dataloading: 0.0027 s/iter. Inference: 0.2342 s/iter. Eval: 0.0759 s/iter. Total: 0.3129 s/iter. ETA=1:18:48
[08/06 17:31:48 d2.evaluation.evaluator]: Inference done 9808/24904. Dataloading: 0.0027 s/iter. Inference: 0.2342 s/iter. Eval: 0.0759 s/iter. Total: 0.3129 s/iter. ETA=1:18:43
[08/06 17:31:53 d2.evaluation.evaluator]: Inference done 9825/24904. Dataloading: 0.0027 s/iter. Inference: 0.2342 s/iter. Eval: 0.0759 s/iter. Total: 0.3129 s/iter. ETA=1:18:37
[08/06 17:31:58 d2.evaluation.evaluator]: Inference done 9842/24904. Dataloading: 0.0027 s/iter. Inference: 0.2342 s/iter. Eval: 0.0759 s/iter. Total: 0.3128 s/iter. ETA=1:18:32
[08/06 17:32:04 d2.evaluation.evaluator]: Inference done 9856/24904. Dataloading: 0.0027 s/iter. Inference: 0.2342 s/iter. Eval: 0.0759 s/iter. Total: 0.3128 s/iter. ETA=1:18:27
[08/06 17:32:10 d2.evaluation.evaluator]: Inference done 9873/24904. Dataloading: 0.0027 s/iter. Inference: 0.2342 s/iter. Eval: 0.0759 s/iter. Total: 0.3128 s/iter. ETA=1:18:22
[08/06 17:32:15 d2.evaluation.evaluator]: Inference done 9890/24904. Dataloading: 0.0027 s/iter. Inference: 0.2342 s/iter. Eval: 0.0759 s/iter. Total: 0.3128 s/iter. ETA=1:18:16
[08/06 17:32:20 d2.evaluation.evaluator]: Inference done 9907/24904. Dataloading: 0.0027 s/iter. Inference: 0.2342 s/iter. Eval: 0.0758 s/iter. Total: 0.3128 s/iter. ETA=1:18:11
[08/06 17:32:25 d2.evaluation.evaluator]: Inference done 9924/24904. Dataloading: 0.0027 s/iter. Inference: 0.2342 s/iter. Eval: 0.0758 s/iter. Total: 0.3128 s/iter. ETA=1:18:05
[08/06 17:32:30 d2.evaluation.evaluator]: Inference done 9941/24904. Dataloading: 0.0027 s/iter. Inference: 0.2342 s/iter. Eval: 0.0758 s/iter. Total: 0.3128 s/iter. ETA=1:18:00
[08/06 17:32:36 d2.evaluation.evaluator]: Inference done 9958/24904. Dataloading: 0.0027 s/iter. Inference: 0.2342 s/iter. Eval: 0.0758 s/iter. Total: 0.3128 s/iter. ETA=1:17:54
[08/06 17:32:41 d2.evaluation.evaluator]: Inference done 9969/24904. Dataloading: 0.0027 s/iter. Inference: 0.2342 s/iter. Eval: 0.0758 s/iter. Total: 0.3128 s/iter. ETA=1:17:51
[08/06 17:32:46 d2.evaluation.evaluator]: Inference done 9986/24904. Dataloading: 0.0027 s/iter. Inference: 0.2342 s/iter. Eval: 0.0758 s/iter. Total: 0.3128 s/iter. ETA=1:17:46
[08/06 17:32:51 d2.evaluation.evaluator]: Inference done 10003/24904. Dataloading: 0.0027 s/iter. Inference: 0.2342 s/iter. Eval: 0.0758 s/iter. Total: 0.3128 s/iter. ETA=1:17:40
[08/06 17:32:56 d2.evaluation.evaluator]: Inference done 10019/24904. Dataloading: 0.0027 s/iter. Inference: 0.2342 s/iter. Eval: 0.0758 s/iter. Total: 0.3128 s/iter. ETA=1:17:35
[08/06 17:33:01 d2.evaluation.evaluator]: Inference done 10035/24904. Dataloading: 0.0027 s/iter. Inference: 0.2342 s/iter. Eval: 0.0758 s/iter. Total: 0.3128 s/iter. ETA=1:17:30
[08/06 17:33:06 d2.evaluation.evaluator]: Inference done 10051/24904. Dataloading: 0.0027 s/iter. Inference: 0.2342 s/iter. Eval: 0.0758 s/iter. Total: 0.3128 s/iter. ETA=1:17:25
[08/06 17:33:13 d2.evaluation.evaluator]: Inference done 10068/24904. Dataloading: 0.0027 s/iter. Inference: 0.2342 s/iter. Eval: 0.0758 s/iter. Total: 0.3128 s/iter. ETA=1:17:20
[08/06 17:33:19 d2.evaluation.evaluator]: Inference done 10085/24904. Dataloading: 0.0027 s/iter. Inference: 0.2342 s/iter. Eval: 0.0758 s/iter. Total: 0.3128 s/iter. ETA=1:17:15
[08/06 17:33:24 d2.evaluation.evaluator]: Inference done 10101/24904. Dataloading: 0.0027 s/iter. Inference: 0.2342 s/iter. Eval: 0.0758 s/iter. Total: 0.3128 s/iter. ETA=1:17:10
[08/06 17:33:29 d2.evaluation.evaluator]: Inference done 10118/24904. Dataloading: 0.0027 s/iter. Inference: 0.2342 s/iter. Eval: 0.0758 s/iter. Total: 0.3128 s/iter. ETA=1:17:04
[08/06 17:33:34 d2.evaluation.evaluator]: Inference done 10135/24904. Dataloading: 0.0027 s/iter. Inference: 0.2342 s/iter. Eval: 0.0758 s/iter. Total: 0.3128 s/iter. ETA=1:16:59
[08/06 17:33:39 d2.evaluation.evaluator]: Inference done 10152/24904. Dataloading: 0.0027 s/iter. Inference: 0.2342 s/iter. Eval: 0.0758 s/iter. Total: 0.3128 s/iter. ETA=1:16:54
[08/06 17:33:45 d2.evaluation.evaluator]: Inference done 10169/24904. Dataloading: 0.0027 s/iter. Inference: 0.2342 s/iter. Eval: 0.0758 s/iter. Total: 0.3128 s/iter. ETA=1:16:48
[08/06 17:33:50 d2.evaluation.evaluator]: Inference done 10181/24904. Dataloading: 0.0027 s/iter. Inference: 0.2342 s/iter. Eval: 0.0758 s/iter. Total: 0.3128 s/iter. ETA=1:16:44
[08/06 17:33:55 d2.evaluation.evaluator]: Inference done 10198/24904. Dataloading: 0.0027 s/iter. Inference: 0.2342 s/iter. Eval: 0.0758 s/iter. Total: 0.3128 s/iter. ETA=1:16:39
[08/06 17:34:00 d2.evaluation.evaluator]: Inference done 10215/24904. Dataloading: 0.0027 s/iter. Inference: 0.2342 s/iter. Eval: 0.0758 s/iter. Total: 0.3128 s/iter. ETA=1:16:34
[08/06 17:34:06 d2.evaluation.evaluator]: Inference done 10232/24904. Dataloading: 0.0027 s/iter. Inference: 0.2342 s/iter. Eval: 0.0758 s/iter. Total: 0.3128 s/iter. ETA=1:16:28
[08/06 17:34:11 d2.evaluation.evaluator]: Inference done 10249/24904. Dataloading: 0.0027 s/iter. Inference: 0.2342 s/iter. Eval: 0.0758 s/iter. Total: 0.3127 s/iter. ETA=1:16:23
[08/06 17:34:16 d2.evaluation.evaluator]: Inference done 10266/24904. Dataloading: 0.0027 s/iter. Inference: 0.2342 s/iter. Eval: 0.0758 s/iter. Total: 0.3127 s/iter. ETA=1:16:17
[08/06 17:34:22 d2.evaluation.evaluator]: Inference done 10279/24904. Dataloading: 0.0027 s/iter. Inference: 0.2342 s/iter. Eval: 0.0758 s/iter. Total: 0.3127 s/iter. ETA=1:16:13
[08/06 17:34:27 d2.evaluation.evaluator]: Inference done 10296/24904. Dataloading: 0.0027 s/iter. Inference: 0.2342 s/iter. Eval: 0.0758 s/iter. Total: 0.3127 s/iter. ETA=1:16:08
[08/06 17:34:32 d2.evaluation.evaluator]: Inference done 10313/24904. Dataloading: 0.0027 s/iter. Inference: 0.2342 s/iter. Eval: 0.0758 s/iter. Total: 0.3127 s/iter. ETA=1:16:02
[08/06 17:34:38 d2.evaluation.evaluator]: Inference done 10330/24904. Dataloading: 0.0027 s/iter. Inference: 0.2342 s/iter. Eval: 0.0758 s/iter. Total: 0.3127 s/iter. ETA=1:15:57
[08/06 17:34:43 d2.evaluation.evaluator]: Inference done 10347/24904. Dataloading: 0.0027 s/iter. Inference: 0.2342 s/iter. Eval: 0.0758 s/iter. Total: 0.3127 s/iter. ETA=1:15:52
[08/06 17:34:48 d2.evaluation.evaluator]: Inference done 10364/24904. Dataloading: 0.0027 s/iter. Inference: 0.2342 s/iter. Eval: 0.0758 s/iter. Total: 0.3127 s/iter. ETA=1:15:46
[08/06 17:34:53 d2.evaluation.evaluator]: Inference done 10381/24904. Dataloading: 0.0027 s/iter. Inference: 0.2342 s/iter. Eval: 0.0758 s/iter. Total: 0.3127 s/iter. ETA=1:15:41
[08/06 17:34:58 d2.evaluation.evaluator]: Inference done 10392/24904. Dataloading: 0.0027 s/iter. Inference: 0.2342 s/iter. Eval: 0.0758 s/iter. Total: 0.3127 s/iter. ETA=1:15:37
[08/06 17:35:04 d2.evaluation.evaluator]: Inference done 10409/24904. Dataloading: 0.0027 s/iter. Inference: 0.2342 s/iter. Eval: 0.0758 s/iter. Total: 0.3127 s/iter. ETA=1:15:32
[08/06 17:35:09 d2.evaluation.evaluator]: Inference done 10426/24904. Dataloading: 0.0027 s/iter. Inference: 0.2342 s/iter. Eval: 0.0758 s/iter. Total: 0.3127 s/iter. ETA=1:15:27
[08/06 17:35:14 d2.evaluation.evaluator]: Inference done 10443/24904. Dataloading: 0.0027 s/iter. Inference: 0.2342 s/iter. Eval: 0.0757 s/iter. Total: 0.3127 s/iter. ETA=1:15:21
[08/06 17:35:19 d2.evaluation.evaluator]: Inference done 10460/24904. Dataloading: 0.0027 s/iter. Inference: 0.2342 s/iter. Eval: 0.0757 s/iter. Total: 0.3127 s/iter. ETA=1:15:16
[08/06 17:35:25 d2.evaluation.evaluator]: Inference done 10477/24904. Dataloading: 0.0027 s/iter. Inference: 0.2342 s/iter. Eval: 0.0757 s/iter. Total: 0.3127 s/iter. ETA=1:15:10
[08/06 17:35:30 d2.evaluation.evaluator]: Inference done 10490/24904. Dataloading: 0.0027 s/iter. Inference: 0.2342 s/iter. Eval: 0.0757 s/iter. Total: 0.3127 s/iter. ETA=1:15:06
[08/06 17:35:35 d2.evaluation.evaluator]: Inference done 10507/24904. Dataloading: 0.0027 s/iter. Inference: 0.2342 s/iter. Eval: 0.0757 s/iter. Total: 0.3127 s/iter. ETA=1:15:01
[08/06 17:35:41 d2.evaluation.evaluator]: Inference done 10524/24904. Dataloading: 0.0027 s/iter. Inference: 0.2342 s/iter. Eval: 0.0757 s/iter. Total: 0.3126 s/iter. ETA=1:14:55
[08/06 17:35:46 d2.evaluation.evaluator]: Inference done 10541/24904. Dataloading: 0.0027 s/iter. Inference: 0.2342 s/iter. Eval: 0.0757 s/iter. Total: 0.3126 s/iter. ETA=1:14:50
[08/06 17:35:51 d2.evaluation.evaluator]: Inference done 10558/24904. Dataloading: 0.0027 s/iter. Inference: 0.2342 s/iter. Eval: 0.0757 s/iter. Total: 0.3126 s/iter. ETA=1:14:44
[08/06 17:35:56 d2.evaluation.evaluator]: Inference done 10575/24904. Dataloading: 0.0027 s/iter. Inference: 0.2342 s/iter. Eval: 0.0757 s/iter. Total: 0.3126 s/iter. ETA=1:14:39
[08/06 17:36:02 d2.evaluation.evaluator]: Inference done 10592/24904. Dataloading: 0.0027 s/iter. Inference: 0.2342 s/iter. Eval: 0.0757 s/iter. Total: 0.3126 s/iter. ETA=1:14:34
[08/06 17:36:07 d2.evaluation.evaluator]: Inference done 10603/24904. Dataloading: 0.0027 s/iter. Inference: 0.2342 s/iter. Eval: 0.0757 s/iter. Total: 0.3126 s/iter. ETA=1:14:30
[08/06 17:36:12 d2.evaluation.evaluator]: Inference done 10619/24904. Dataloading: 0.0027 s/iter. Inference: 0.2342 s/iter. Eval: 0.0757 s/iter. Total: 0.3126 s/iter. ETA=1:14:25
[08/06 17:36:17 d2.evaluation.evaluator]: Inference done 10635/24904. Dataloading: 0.0027 s/iter. Inference: 0.2342 s/iter. Eval: 0.0757 s/iter. Total: 0.3126 s/iter. ETA=1:14:20
[08/06 17:36:22 d2.evaluation.evaluator]: Inference done 10652/24904. Dataloading: 0.0027 s/iter. Inference: 0.2342 s/iter. Eval: 0.0757 s/iter. Total: 0.3126 s/iter. ETA=1:14:15
[08/06 17:36:27 d2.evaluation.evaluator]: Inference done 10668/24904. Dataloading: 0.0027 s/iter. Inference: 0.2342 s/iter. Eval: 0.0757 s/iter. Total: 0.3126 s/iter. ETA=1:14:10
[08/06 17:36:32 d2.evaluation.evaluator]: Inference done 10685/24904. Dataloading: 0.0027 s/iter. Inference: 0.2342 s/iter. Eval: 0.0757 s/iter. Total: 0.3126 s/iter. ETA=1:14:05
[08/06 17:36:39 d2.evaluation.evaluator]: Inference done 10702/24904. Dataloading: 0.0027 s/iter. Inference: 0.2342 s/iter. Eval: 0.0757 s/iter. Total: 0.3126 s/iter. ETA=1:13:59
[08/06 17:36:44 d2.evaluation.evaluator]: Inference done 10719/24904. Dataloading: 0.0027 s/iter. Inference: 0.2342 s/iter. Eval: 0.0757 s/iter. Total: 0.3126 s/iter. ETA=1:13:54
[08/06 17:36:50 d2.evaluation.evaluator]: Inference done 10736/24904. Dataloading: 0.0027 s/iter. Inference: 0.2342 s/iter. Eval: 0.0757 s/iter. Total: 0.3126 s/iter. ETA=1:13:48
[08/06 17:36:55 d2.evaluation.evaluator]: Inference done 10753/24904. Dataloading: 0.0027 s/iter. Inference: 0.2341 s/iter. Eval: 0.0757 s/iter. Total: 0.3126 s/iter. ETA=1:13:43
[08/06 17:37:00 d2.evaluation.evaluator]: Inference done 10770/24904. Dataloading: 0.0027 s/iter. Inference: 0.2341 s/iter. Eval: 0.0757 s/iter. Total: 0.3126 s/iter. ETA=1:13:37
[08/06 17:37:05 d2.evaluation.evaluator]: Inference done 10787/24904. Dataloading: 0.0027 s/iter. Inference: 0.2341 s/iter. Eval: 0.0757 s/iter. Total: 0.3126 s/iter. ETA=1:13:32
[08/06 17:37:10 d2.evaluation.evaluator]: Inference done 10804/24904. Dataloading: 0.0027 s/iter. Inference: 0.2341 s/iter. Eval: 0.0757 s/iter. Total: 0.3126 s/iter. ETA=1:13:27
[08/06 17:37:16 d2.evaluation.evaluator]: Inference done 10816/24904. Dataloading: 0.0027 s/iter. Inference: 0.2341 s/iter. Eval: 0.0756 s/iter. Total: 0.3126 s/iter. ETA=1:13:23
[08/06 17:37:21 d2.evaluation.evaluator]: Inference done 10833/24904. Dataloading: 0.0027 s/iter. Inference: 0.2341 s/iter. Eval: 0.0756 s/iter. Total: 0.3125 s/iter. ETA=1:13:17
[08/06 17:37:26 d2.evaluation.evaluator]: Inference done 10850/24904. Dataloading: 0.0027 s/iter. Inference: 0.2341 s/iter. Eval: 0.0756 s/iter. Total: 0.3125 s/iter. ETA=1:13:12
[08/06 17:37:31 d2.evaluation.evaluator]: Inference done 10867/24904. Dataloading: 0.0027 s/iter. Inference: 0.2341 s/iter. Eval: 0.0756 s/iter. Total: 0.3125 s/iter. ETA=1:13:07
[08/06 17:37:37 d2.evaluation.evaluator]: Inference done 10884/24904. Dataloading: 0.0027 s/iter. Inference: 0.2341 s/iter. Eval: 0.0756 s/iter. Total: 0.3125 s/iter. ETA=1:13:01
[08/06 17:37:42 d2.evaluation.evaluator]: Inference done 10900/24904. Dataloading: 0.0027 s/iter. Inference: 0.2341 s/iter. Eval: 0.0756 s/iter. Total: 0.3125 s/iter. ETA=1:12:56
[08/06 17:37:47 d2.evaluation.evaluator]: Inference done 10914/24904. Dataloading: 0.0027 s/iter. Inference: 0.2341 s/iter. Eval: 0.0756 s/iter. Total: 0.3125 s/iter. ETA=1:12:52
[08/06 17:37:53 d2.evaluation.evaluator]: Inference done 10931/24904. Dataloading: 0.0027 s/iter. Inference: 0.2341 s/iter. Eval: 0.0756 s/iter. Total: 0.3125 s/iter. ETA=1:12:46
[08/06 17:37:58 d2.evaluation.evaluator]: Inference done 10948/24904. Dataloading: 0.0027 s/iter. Inference: 0.2341 s/iter. Eval: 0.0756 s/iter. Total: 0.3125 s/iter. ETA=1:12:41
[08/06 17:38:03 d2.evaluation.evaluator]: Inference done 10965/24904. Dataloading: 0.0027 s/iter. Inference: 0.2341 s/iter. Eval: 0.0756 s/iter. Total: 0.3125 s/iter. ETA=1:12:35
[08/06 17:38:08 d2.evaluation.evaluator]: Inference done 10982/24904. Dataloading: 0.0027 s/iter. Inference: 0.2341 s/iter. Eval: 0.0756 s/iter. Total: 0.3125 s/iter. ETA=1:12:30
[08/06 17:38:14 d2.evaluation.evaluator]: Inference done 10999/24904. Dataloading: 0.0027 s/iter. Inference: 0.2341 s/iter. Eval: 0.0756 s/iter. Total: 0.3125 s/iter. ETA=1:12:25
[08/06 17:38:19 d2.evaluation.evaluator]: Inference done 11016/24904. Dataloading: 0.0027 s/iter. Inference: 0.2341 s/iter. Eval: 0.0756 s/iter. Total: 0.3125 s/iter. ETA=1:12:19
[08/06 17:38:24 d2.evaluation.evaluator]: Inference done 11027/24904. Dataloading: 0.0027 s/iter. Inference: 0.2341 s/iter. Eval: 0.0756 s/iter. Total: 0.3125 s/iter. ETA=1:12:16
[08/06 17:38:29 d2.evaluation.evaluator]: Inference done 11044/24904. Dataloading: 0.0027 s/iter. Inference: 0.2341 s/iter. Eval: 0.0756 s/iter. Total: 0.3125 s/iter. ETA=1:12:11
[08/06 17:38:34 d2.evaluation.evaluator]: Inference done 11061/24904. Dataloading: 0.0027 s/iter. Inference: 0.2341 s/iter. Eval: 0.0756 s/iter. Total: 0.3125 s/iter. ETA=1:12:05
[08/06 17:38:40 d2.evaluation.evaluator]: Inference done 11078/24904. Dataloading: 0.0027 s/iter. Inference: 0.2341 s/iter. Eval: 0.0756 s/iter. Total: 0.3125 s/iter. ETA=1:12:00
[08/06 17:38:45 d2.evaluation.evaluator]: Inference done 11095/24904. Dataloading: 0.0027 s/iter. Inference: 0.2341 s/iter. Eval: 0.0756 s/iter. Total: 0.3124 s/iter. ETA=1:11:54
[08/06 17:38:50 d2.evaluation.evaluator]: Inference done 11112/24904. Dataloading: 0.0027 s/iter. Inference: 0.2341 s/iter. Eval: 0.0756 s/iter. Total: 0.3124 s/iter. ETA=1:11:49
[08/06 17:38:55 d2.evaluation.evaluator]: Inference done 11129/24904. Dataloading: 0.0027 s/iter. Inference: 0.2341 s/iter. Eval: 0.0755 s/iter. Total: 0.3124 s/iter. ETA=1:11:43
[08/06 17:39:00 d2.evaluation.evaluator]: Inference done 11138/24904. Dataloading: 0.0027 s/iter. Inference: 0.2341 s/iter. Eval: 0.0755 s/iter. Total: 0.3124 s/iter. ETA=1:11:40
[08/06 17:39:06 d2.evaluation.evaluator]: Inference done 11155/24904. Dataloading: 0.0027 s/iter. Inference: 0.2341 s/iter. Eval: 0.0755 s/iter. Total: 0.3124 s/iter. ETA=1:11:35
[08/06 17:39:11 d2.evaluation.evaluator]: Inference done 11172/24904. Dataloading: 0.0027 s/iter. Inference: 0.2341 s/iter. Eval: 0.0755 s/iter. Total: 0.3124 s/iter. ETA=1:11:30
[08/06 17:39:16 d2.evaluation.evaluator]: Inference done 11189/24904. Dataloading: 0.0027 s/iter. Inference: 0.2341 s/iter. Eval: 0.0755 s/iter. Total: 0.3124 s/iter. ETA=1:11:24
[08/06 17:39:21 d2.evaluation.evaluator]: Inference done 11206/24904. Dataloading: 0.0027 s/iter. Inference: 0.2341 s/iter. Eval: 0.0755 s/iter. Total: 0.3124 s/iter. ETA=1:11:19
[08/06 17:39:27 d2.evaluation.evaluator]: Inference done 11223/24904. Dataloading: 0.0027 s/iter. Inference: 0.2341 s/iter. Eval: 0.0755 s/iter. Total: 0.3124 s/iter. ETA=1:11:14
[08/06 17:39:32 d2.evaluation.evaluator]: Inference done 11237/24904. Dataloading: 0.0027 s/iter. Inference: 0.2341 s/iter. Eval: 0.0755 s/iter. Total: 0.3124 s/iter. ETA=1:11:09
[08/06 17:39:37 d2.evaluation.evaluator]: Inference done 11254/24904. Dataloading: 0.0027 s/iter. Inference: 0.2341 s/iter. Eval: 0.0755 s/iter. Total: 0.3124 s/iter. ETA=1:11:04
[08/06 17:39:43 d2.evaluation.evaluator]: Inference done 11271/24904. Dataloading: 0.0027 s/iter. Inference: 0.2341 s/iter. Eval: 0.0755 s/iter. Total: 0.3124 s/iter. ETA=1:10:59
[08/06 17:39:48 d2.evaluation.evaluator]: Inference done 11288/24904. Dataloading: 0.0027 s/iter. Inference: 0.2341 s/iter. Eval: 0.0755 s/iter. Total: 0.3124 s/iter. ETA=1:10:53
[08/06 17:39:53 d2.evaluation.evaluator]: Inference done 11305/24904. Dataloading: 0.0027 s/iter. Inference: 0.2341 s/iter. Eval: 0.0755 s/iter. Total: 0.3124 s/iter. ETA=1:10:48
[08/06 17:39:58 d2.evaluation.evaluator]: Inference done 11322/24904. Dataloading: 0.0027 s/iter. Inference: 0.2341 s/iter. Eval: 0.0755 s/iter. Total: 0.3124 s/iter. ETA=1:10:42
[08/06 17:40:04 d2.evaluation.evaluator]: Inference done 11339/24904. Dataloading: 0.0027 s/iter. Inference: 0.2341 s/iter. Eval: 0.0755 s/iter. Total: 0.3124 s/iter. ETA=1:10:37
[08/06 17:40:09 d2.evaluation.evaluator]: Inference done 11351/24904. Dataloading: 0.0027 s/iter. Inference: 0.2341 s/iter. Eval: 0.0755 s/iter. Total: 0.3124 s/iter. ETA=1:10:33
[08/06 17:40:14 d2.evaluation.evaluator]: Inference done 11368/24904. Dataloading: 0.0027 s/iter. Inference: 0.2341 s/iter. Eval: 0.0755 s/iter. Total: 0.3124 s/iter. ETA=1:10:28
[08/06 17:40:19 d2.evaluation.evaluator]: Inference done 11385/24904. Dataloading: 0.0027 s/iter. Inference: 0.2341 s/iter. Eval: 0.0755 s/iter. Total: 0.3124 s/iter. ETA=1:10:23
[08/06 17:40:25 d2.evaluation.evaluator]: Inference done 11402/24904. Dataloading: 0.0027 s/iter. Inference: 0.2341 s/iter. Eval: 0.0755 s/iter. Total: 0.3124 s/iter. ETA=1:10:17
[08/06 17:40:30 d2.evaluation.evaluator]: Inference done 11418/24904. Dataloading: 0.0027 s/iter. Inference: 0.2341 s/iter. Eval: 0.0755 s/iter. Total: 0.3124 s/iter. ETA=1:10:12
[08/06 17:40:35 d2.evaluation.evaluator]: Inference done 11435/24904. Dataloading: 0.0027 s/iter. Inference: 0.2341 s/iter. Eval: 0.0755 s/iter. Total: 0.3124 s/iter. ETA=1:10:07
[08/06 17:40:40 d2.evaluation.evaluator]: Inference done 11447/24904. Dataloading: 0.0027 s/iter. Inference: 0.2341 s/iter. Eval: 0.0755 s/iter. Total: 0.3124 s/iter. ETA=1:10:03
[08/06 17:40:46 d2.evaluation.evaluator]: Inference done 11464/24904. Dataloading: 0.0027 s/iter. Inference: 0.2341 s/iter. Eval: 0.0755 s/iter. Total: 0.3124 s/iter. ETA=1:09:58
[08/06 17:40:51 d2.evaluation.evaluator]: Inference done 11481/24904. Dataloading: 0.0027 s/iter. Inference: 0.2341 s/iter. Eval: 0.0755 s/iter. Total: 0.3124 s/iter. ETA=1:09:52
[08/06 17:40:56 d2.evaluation.evaluator]: Inference done 11497/24904. Dataloading: 0.0027 s/iter. Inference: 0.2341 s/iter. Eval: 0.0755 s/iter. Total: 0.3124 s/iter. ETA=1:09:48
[08/06 17:41:01 d2.evaluation.evaluator]: Inference done 11513/24904. Dataloading: 0.0027 s/iter. Inference: 0.2341 s/iter. Eval: 0.0755 s/iter. Total: 0.3124 s/iter. ETA=1:09:43
[08/06 17:41:06 d2.evaluation.evaluator]: Inference done 11529/24904. Dataloading: 0.0027 s/iter. Inference: 0.2341 s/iter. Eval: 0.0755 s/iter. Total: 0.3124 s/iter. ETA=1:09:38
[08/06 17:41:11 d2.evaluation.evaluator]: Inference done 11546/24904. Dataloading: 0.0027 s/iter. Inference: 0.2341 s/iter. Eval: 0.0755 s/iter. Total: 0.3124 s/iter. ETA=1:09:32
[08/06 17:41:16 d2.evaluation.evaluator]: Inference done 11558/24904. Dataloading: 0.0027 s/iter. Inference: 0.2341 s/iter. Eval: 0.0755 s/iter. Total: 0.3124 s/iter. ETA=1:09:28
[08/06 17:41:22 d2.evaluation.evaluator]: Inference done 11575/24904. Dataloading: 0.0027 s/iter. Inference: 0.2341 s/iter. Eval: 0.0755 s/iter. Total: 0.3124 s/iter. ETA=1:09:23
[08/06 17:41:27 d2.evaluation.evaluator]: Inference done 11592/24904. Dataloading: 0.0027 s/iter. Inference: 0.2341 s/iter. Eval: 0.0755 s/iter. Total: 0.3124 s/iter. ETA=1:09:18
[08/06 17:41:32 d2.evaluation.evaluator]: Inference done 11609/24904. Dataloading: 0.0027 s/iter. Inference: 0.2341 s/iter. Eval: 0.0755 s/iter. Total: 0.3124 s/iter. ETA=1:09:12
[08/06 17:41:38 d2.evaluation.evaluator]: Inference done 11626/24904. Dataloading: 0.0027 s/iter. Inference: 0.2341 s/iter. Eval: 0.0755 s/iter. Total: 0.3124 s/iter. ETA=1:09:07
[08/06 17:41:43 d2.evaluation.evaluator]: Inference done 11643/24904. Dataloading: 0.0027 s/iter. Inference: 0.2341 s/iter. Eval: 0.0755 s/iter. Total: 0.3124 s/iter. ETA=1:09:02
[08/06 17:41:49 d2.evaluation.evaluator]: Inference done 11658/24904. Dataloading: 0.0027 s/iter. Inference: 0.2341 s/iter. Eval: 0.0755 s/iter. Total: 0.3123 s/iter. ETA=1:08:57
[08/06 17:41:54 d2.evaluation.evaluator]: Inference done 11675/24904. Dataloading: 0.0027 s/iter. Inference: 0.2341 s/iter. Eval: 0.0755 s/iter. Total: 0.3123 s/iter. ETA=1:08:51
[08/06 17:41:59 d2.evaluation.evaluator]: Inference done 11692/24904. Dataloading: 0.0027 s/iter. Inference: 0.2341 s/iter. Eval: 0.0755 s/iter. Total: 0.3123 s/iter. ETA=1:08:46
[08/06 17:42:04 d2.evaluation.evaluator]: Inference done 11708/24904. Dataloading: 0.0027 s/iter. Inference: 0.2341 s/iter. Eval: 0.0755 s/iter. Total: 0.3123 s/iter. ETA=1:08:41
[08/06 17:42:10 d2.evaluation.evaluator]: Inference done 11725/24904. Dataloading: 0.0027 s/iter. Inference: 0.2341 s/iter. Eval: 0.0755 s/iter. Total: 0.3123 s/iter. ETA=1:08:36
[08/06 17:42:15 d2.evaluation.evaluator]: Inference done 11742/24904. Dataloading: 0.0027 s/iter. Inference: 0.2341 s/iter. Eval: 0.0755 s/iter. Total: 0.3123 s/iter. ETA=1:08:30
[08/06 17:42:20 d2.evaluation.evaluator]: Inference done 11759/24904. Dataloading: 0.0027 s/iter. Inference: 0.2341 s/iter. Eval: 0.0755 s/iter. Total: 0.3123 s/iter. ETA=1:08:25
[08/06 17:42:26 d2.evaluation.evaluator]: Inference done 11771/24904. Dataloading: 0.0027 s/iter. Inference: 0.2341 s/iter. Eval: 0.0755 s/iter. Total: 0.3123 s/iter. ETA=1:08:21
[08/06 17:42:31 d2.evaluation.evaluator]: Inference done 11788/24904. Dataloading: 0.0027 s/iter. Inference: 0.2341 s/iter. Eval: 0.0755 s/iter. Total: 0.3123 s/iter. ETA=1:08:16
[08/06 17:42:36 d2.evaluation.evaluator]: Inference done 11805/24904. Dataloading: 0.0027 s/iter. Inference: 0.2341 s/iter. Eval: 0.0755 s/iter. Total: 0.3123 s/iter. ETA=1:08:11
[08/06 17:42:41 d2.evaluation.evaluator]: Inference done 11822/24904. Dataloading: 0.0027 s/iter. Inference: 0.2341 s/iter. Eval: 0.0755 s/iter. Total: 0.3123 s/iter. ETA=1:08:05
[08/06 17:42:47 d2.evaluation.evaluator]: Inference done 11839/24904. Dataloading: 0.0027 s/iter. Inference: 0.2341 s/iter. Eval: 0.0755 s/iter. Total: 0.3123 s/iter. ETA=1:08:00
[08/06 17:42:52 d2.evaluation.evaluator]: Inference done 11856/24904. Dataloading: 0.0027 s/iter. Inference: 0.2341 s/iter. Eval: 0.0755 s/iter. Total: 0.3123 s/iter. ETA=1:07:55
[08/06 17:42:58 d2.evaluation.evaluator]: Inference done 11869/24904. Dataloading: 0.0027 s/iter. Inference: 0.2341 s/iter. Eval: 0.0755 s/iter. Total: 0.3123 s/iter. ETA=1:07:51
[08/06 17:43:03 d2.evaluation.evaluator]: Inference done 11886/24904. Dataloading: 0.0027 s/iter. Inference: 0.2341 s/iter. Eval: 0.0754 s/iter. Total: 0.3123 s/iter. ETA=1:07:45
[08/06 17:43:08 d2.evaluation.evaluator]: Inference done 11903/24904. Dataloading: 0.0027 s/iter. Inference: 0.2341 s/iter. Eval: 0.0754 s/iter. Total: 0.3123 s/iter. ETA=1:07:40
[08/06 17:43:13 d2.evaluation.evaluator]: Inference done 11920/24904. Dataloading: 0.0027 s/iter. Inference: 0.2341 s/iter. Eval: 0.0754 s/iter. Total: 0.3123 s/iter. ETA=1:07:34
[08/06 17:43:19 d2.evaluation.evaluator]: Inference done 11937/24904. Dataloading: 0.0027 s/iter. Inference: 0.2341 s/iter. Eval: 0.0754 s/iter. Total: 0.3123 s/iter. ETA=1:07:29
[08/06 17:43:24 d2.evaluation.evaluator]: Inference done 11954/24904. Dataloading: 0.0027 s/iter. Inference: 0.2341 s/iter. Eval: 0.0754 s/iter. Total: 0.3123 s/iter. ETA=1:07:24
[08/06 17:43:29 d2.evaluation.evaluator]: Inference done 11971/24904. Dataloading: 0.0027 s/iter. Inference: 0.2341 s/iter. Eval: 0.0754 s/iter. Total: 0.3123 s/iter. ETA=1:07:18
[08/06 17:43:34 d2.evaluation.evaluator]: Inference done 11982/24904. Dataloading: 0.0027 s/iter. Inference: 0.2341 s/iter. Eval: 0.0754 s/iter. Total: 0.3123 s/iter. ETA=1:07:15
[08/06 17:43:39 d2.evaluation.evaluator]: Inference done 11998/24904. Dataloading: 0.0027 s/iter. Inference: 0.2341 s/iter. Eval: 0.0754 s/iter. Total: 0.3123 s/iter. ETA=1:07:10
[08/06 17:43:44 d2.evaluation.evaluator]: Inference done 12015/24904. Dataloading: 0.0027 s/iter. Inference: 0.2341 s/iter. Eval: 0.0754 s/iter. Total: 0.3123 s/iter. ETA=1:07:04
[08/06 17:43:50 d2.evaluation.evaluator]: Inference done 12032/24904. Dataloading: 0.0027 s/iter. Inference: 0.2341 s/iter. Eval: 0.0754 s/iter. Total: 0.3123 s/iter. ETA=1:06:59
[08/06 17:43:55 d2.evaluation.evaluator]: Inference done 12049/24904. Dataloading: 0.0027 s/iter. Inference: 0.2341 s/iter. Eval: 0.0754 s/iter. Total: 0.3123 s/iter. ETA=1:06:54
[08/06 17:44:00 d2.evaluation.evaluator]: Inference done 12066/24904. Dataloading: 0.0027 s/iter. Inference: 0.2341 s/iter. Eval: 0.0754 s/iter. Total: 0.3123 s/iter. ETA=1:06:48
[08/06 17:44:06 d2.evaluation.evaluator]: Inference done 12080/24904. Dataloading: 0.0027 s/iter. Inference: 0.2341 s/iter. Eval: 0.0754 s/iter. Total: 0.3123 s/iter. ETA=1:06:44
[08/06 17:44:11 d2.evaluation.evaluator]: Inference done 12096/24904. Dataloading: 0.0027 s/iter. Inference: 0.2341 s/iter. Eval: 0.0754 s/iter. Total: 0.3123 s/iter. ETA=1:06:39
[08/06 17:44:16 d2.evaluation.evaluator]: Inference done 12113/24904. Dataloading: 0.0027 s/iter. Inference: 0.2341 s/iter. Eval: 0.0754 s/iter. Total: 0.3123 s/iter. ETA=1:06:34
[08/06 17:44:21 d2.evaluation.evaluator]: Inference done 12130/24904. Dataloading: 0.0027 s/iter. Inference: 0.2341 s/iter. Eval: 0.0754 s/iter. Total: 0.3122 s/iter. ETA=1:06:28
[08/06 17:44:27 d2.evaluation.evaluator]: Inference done 12147/24904. Dataloading: 0.0027 s/iter. Inference: 0.2341 s/iter. Eval: 0.0754 s/iter. Total: 0.3122 s/iter. ETA=1:06:23
[08/06 17:44:32 d2.evaluation.evaluator]: Inference done 12164/24904. Dataloading: 0.0027 s/iter. Inference: 0.2341 s/iter. Eval: 0.0754 s/iter. Total: 0.3122 s/iter. ETA=1:06:17
[08/06 17:44:37 d2.evaluation.evaluator]: Inference done 12181/24904. Dataloading: 0.0027 s/iter. Inference: 0.2340 s/iter. Eval: 0.0754 s/iter. Total: 0.3122 s/iter. ETA=1:06:12
[08/06 17:44:42 d2.evaluation.evaluator]: Inference done 12192/24904. Dataloading: 0.0027 s/iter. Inference: 0.2341 s/iter. Eval: 0.0754 s/iter. Total: 0.3122 s/iter. ETA=1:06:08
[08/06 17:44:47 d2.evaluation.evaluator]: Inference done 12209/24904. Dataloading: 0.0027 s/iter. Inference: 0.2341 s/iter. Eval: 0.0754 s/iter. Total: 0.3122 s/iter. ETA=1:06:03
[08/06 17:44:52 d2.evaluation.evaluator]: Inference done 12226/24904. Dataloading: 0.0027 s/iter. Inference: 0.2341 s/iter. Eval: 0.0753 s/iter. Total: 0.3122 s/iter. ETA=1:05:57
[08/06 17:44:58 d2.evaluation.evaluator]: Inference done 12243/24904. Dataloading: 0.0027 s/iter. Inference: 0.2340 s/iter. Eval: 0.0753 s/iter. Total: 0.3122 s/iter. ETA=1:05:52
[08/06 17:45:03 d2.evaluation.evaluator]: Inference done 12260/24904. Dataloading: 0.0027 s/iter. Inference: 0.2340 s/iter. Eval: 0.0753 s/iter. Total: 0.3122 s/iter. ETA=1:05:46
[08/06 17:45:08 d2.evaluation.evaluator]: Inference done 12277/24904. Dataloading: 0.0027 s/iter. Inference: 0.2340 s/iter. Eval: 0.0753 s/iter. Total: 0.3121 s/iter. ETA=1:05:41
[08/06 17:45:13 d2.evaluation.evaluator]: Inference done 12294/24904. Dataloading: 0.0027 s/iter. Inference: 0.2340 s/iter. Eval: 0.0753 s/iter. Total: 0.3121 s/iter. ETA=1:05:36
[08/06 17:45:18 d2.evaluation.evaluator]: Inference done 12305/24904. Dataloading: 0.0027 s/iter. Inference: 0.2340 s/iter. Eval: 0.0753 s/iter. Total: 0.3121 s/iter. ETA=1:05:32
[08/06 17:45:24 d2.evaluation.evaluator]: Inference done 12322/24904. Dataloading: 0.0027 s/iter. Inference: 0.2340 s/iter. Eval: 0.0753 s/iter. Total: 0.3121 s/iter. ETA=1:05:27
[08/06 17:45:29 d2.evaluation.evaluator]: Inference done 12339/24904. Dataloading: 0.0027 s/iter. Inference: 0.2340 s/iter. Eval: 0.0753 s/iter. Total: 0.3121 s/iter. ETA=1:05:21
[08/06 17:45:34 d2.evaluation.evaluator]: Inference done 12355/24904. Dataloading: 0.0027 s/iter. Inference: 0.2340 s/iter. Eval: 0.0753 s/iter. Total: 0.3121 s/iter. ETA=1:05:16
[08/06 17:45:39 d2.evaluation.evaluator]: Inference done 12372/24904. Dataloading: 0.0027 s/iter. Inference: 0.2340 s/iter. Eval: 0.0753 s/iter. Total: 0.3121 s/iter. ETA=1:05:11
[08/06 17:45:44 d2.evaluation.evaluator]: Inference done 12388/24904. Dataloading: 0.0027 s/iter. Inference: 0.2340 s/iter. Eval: 0.0753 s/iter. Total: 0.3121 s/iter. ETA=1:05:06
[08/06 17:45:50 d2.evaluation.evaluator]: Inference done 12401/24904. Dataloading: 0.0027 s/iter. Inference: 0.2340 s/iter. Eval: 0.0753 s/iter. Total: 0.3121 s/iter. ETA=1:05:02
[08/06 17:45:55 d2.evaluation.evaluator]: Inference done 12418/24904. Dataloading: 0.0027 s/iter. Inference: 0.2340 s/iter. Eval: 0.0753 s/iter. Total: 0.3121 s/iter. ETA=1:04:57
[08/06 17:46:00 d2.evaluation.evaluator]: Inference done 12435/24904. Dataloading: 0.0027 s/iter. Inference: 0.2340 s/iter. Eval: 0.0753 s/iter. Total: 0.3121 s/iter. ETA=1:04:51
[08/06 17:46:05 d2.evaluation.evaluator]: Inference done 12452/24904. Dataloading: 0.0027 s/iter. Inference: 0.2340 s/iter. Eval: 0.0753 s/iter. Total: 0.3121 s/iter. ETA=1:04:46
[08/06 17:46:10 d2.evaluation.evaluator]: Inference done 12469/24904. Dataloading: 0.0027 s/iter. Inference: 0.2340 s/iter. Eval: 0.0753 s/iter. Total: 0.3121 s/iter. ETA=1:04:40
[08/06 17:46:16 d2.evaluation.evaluator]: Inference done 12486/24904. Dataloading: 0.0027 s/iter. Inference: 0.2340 s/iter. Eval: 0.0753 s/iter. Total: 0.3121 s/iter. ETA=1:04:35
[08/06 17:46:21 d2.evaluation.evaluator]: Inference done 12503/24904. Dataloading: 0.0027 s/iter. Inference: 0.2340 s/iter. Eval: 0.0753 s/iter. Total: 0.3121 s/iter. ETA=1:04:30
[08/06 17:46:26 d2.evaluation.evaluator]: Inference done 12514/24904. Dataloading: 0.0027 s/iter. Inference: 0.2340 s/iter. Eval: 0.0753 s/iter. Total: 0.3121 s/iter. ETA=1:04:26
[08/06 17:46:31 d2.evaluation.evaluator]: Inference done 12531/24904. Dataloading: 0.0027 s/iter. Inference: 0.2340 s/iter. Eval: 0.0753 s/iter. Total: 0.3121 s/iter. ETA=1:04:21
[08/06 17:46:36 d2.evaluation.evaluator]: Inference done 12548/24904. Dataloading: 0.0027 s/iter. Inference: 0.2340 s/iter. Eval: 0.0753 s/iter. Total: 0.3120 s/iter. ETA=1:04:15
[08/06 17:46:41 d2.evaluation.evaluator]: Inference done 12565/24904. Dataloading: 0.0027 s/iter. Inference: 0.2340 s/iter. Eval: 0.0753 s/iter. Total: 0.3120 s/iter. ETA=1:04:10
[08/06 17:46:47 d2.evaluation.evaluator]: Inference done 12582/24904. Dataloading: 0.0027 s/iter. Inference: 0.2340 s/iter. Eval: 0.0752 s/iter. Total: 0.3120 s/iter. ETA=1:04:04
[08/06 17:46:52 d2.evaluation.evaluator]: Inference done 12599/24904. Dataloading: 0.0027 s/iter. Inference: 0.2340 s/iter. Eval: 0.0752 s/iter. Total: 0.3120 s/iter. ETA=1:03:59
[08/06 17:46:59 d2.evaluation.evaluator]: Inference done 12615/24904. Dataloading: 0.0027 s/iter. Inference: 0.2340 s/iter. Eval: 0.0752 s/iter. Total: 0.3120 s/iter. ETA=1:03:54
[08/06 17:47:04 d2.evaluation.evaluator]: Inference done 12632/24904. Dataloading: 0.0027 s/iter. Inference: 0.2340 s/iter. Eval: 0.0752 s/iter. Total: 0.3120 s/iter. ETA=1:03:48
[08/06 17:47:09 d2.evaluation.evaluator]: Inference done 12649/24904. Dataloading: 0.0027 s/iter. Inference: 0.2340 s/iter. Eval: 0.0752 s/iter. Total: 0.3120 s/iter. ETA=1:03:43
[08/06 17:47:14 d2.evaluation.evaluator]: Inference done 12667/24904. Dataloading: 0.0027 s/iter. Inference: 0.2340 s/iter. Eval: 0.0752 s/iter. Total: 0.3120 s/iter. ETA=1:03:37
[08/06 17:47:20 d2.evaluation.evaluator]: Inference done 12684/24904. Dataloading: 0.0027 s/iter. Inference: 0.2340 s/iter. Eval: 0.0752 s/iter. Total: 0.3120 s/iter. ETA=1:03:32
[08/06 17:47:25 d2.evaluation.evaluator]: Inference done 12701/24904. Dataloading: 0.0027 s/iter. Inference: 0.2340 s/iter. Eval: 0.0752 s/iter. Total: 0.3120 s/iter. ETA=1:03:26
[08/06 17:47:30 d2.evaluation.evaluator]: Inference done 12717/24904. Dataloading: 0.0027 s/iter. Inference: 0.2340 s/iter. Eval: 0.0752 s/iter. Total: 0.3120 s/iter. ETA=1:03:21
[08/06 17:47:35 d2.evaluation.evaluator]: Inference done 12728/24904. Dataloading: 0.0027 s/iter. Inference: 0.2340 s/iter. Eval: 0.0752 s/iter. Total: 0.3120 s/iter. ETA=1:03:18
[08/06 17:47:40 d2.evaluation.evaluator]: Inference done 12745/24904. Dataloading: 0.0027 s/iter. Inference: 0.2340 s/iter. Eval: 0.0752 s/iter. Total: 0.3120 s/iter. ETA=1:03:13
[08/06 17:47:46 d2.evaluation.evaluator]: Inference done 12762/24904. Dataloading: 0.0027 s/iter. Inference: 0.2340 s/iter. Eval: 0.0752 s/iter. Total: 0.3119 s/iter. ETA=1:03:07
[08/06 17:47:51 d2.evaluation.evaluator]: Inference done 12779/24904. Dataloading: 0.0027 s/iter. Inference: 0.2340 s/iter. Eval: 0.0752 s/iter. Total: 0.3119 s/iter. ETA=1:03:02
[08/06 17:47:56 d2.evaluation.evaluator]: Inference done 12796/24904. Dataloading: 0.0027 s/iter. Inference: 0.2340 s/iter. Eval: 0.0752 s/iter. Total: 0.3119 s/iter. ETA=1:02:56
[08/06 17:48:01 d2.evaluation.evaluator]: Inference done 12812/24904. Dataloading: 0.0027 s/iter. Inference: 0.2340 s/iter. Eval: 0.0752 s/iter. Total: 0.3119 s/iter. ETA=1:02:51
[08/06 17:48:08 d2.evaluation.evaluator]: Inference done 12828/24904. Dataloading: 0.0027 s/iter. Inference: 0.2340 s/iter. Eval: 0.0752 s/iter. Total: 0.3119 s/iter. ETA=1:02:47
[08/06 17:48:13 d2.evaluation.evaluator]: Inference done 12845/24904. Dataloading: 0.0027 s/iter. Inference: 0.2340 s/iter. Eval: 0.0752 s/iter. Total: 0.3119 s/iter. ETA=1:02:41
[08/06 17:48:18 d2.evaluation.evaluator]: Inference done 12862/24904. Dataloading: 0.0027 s/iter. Inference: 0.2340 s/iter. Eval: 0.0752 s/iter. Total: 0.3119 s/iter. ETA=1:02:36
[08/06 17:48:24 d2.evaluation.evaluator]: Inference done 12880/24904. Dataloading: 0.0027 s/iter. Inference: 0.2339 s/iter. Eval: 0.0752 s/iter. Total: 0.3119 s/iter. ETA=1:02:30
[08/06 17:48:29 d2.evaluation.evaluator]: Inference done 12896/24904. Dataloading: 0.0027 s/iter. Inference: 0.2339 s/iter. Eval: 0.0752 s/iter. Total: 0.3119 s/iter. ETA=1:02:25
[08/06 17:48:34 d2.evaluation.evaluator]: Inference done 12912/24904. Dataloading: 0.0027 s/iter. Inference: 0.2339 s/iter. Eval: 0.0752 s/iter. Total: 0.3119 s/iter. ETA=1:02:20
[08/06 17:48:39 d2.evaluation.evaluator]: Inference done 12928/24904. Dataloading: 0.0027 s/iter. Inference: 0.2340 s/iter. Eval: 0.0752 s/iter. Total: 0.3119 s/iter. ETA=1:02:15
[08/06 17:48:44 d2.evaluation.evaluator]: Inference done 12938/24904. Dataloading: 0.0027 s/iter. Inference: 0.2340 s/iter. Eval: 0.0752 s/iter. Total: 0.3119 s/iter. ETA=1:02:12
[08/06 17:48:49 d2.evaluation.evaluator]: Inference done 12954/24904. Dataloading: 0.0027 s/iter. Inference: 0.2340 s/iter. Eval: 0.0752 s/iter. Total: 0.3119 s/iter. ETA=1:02:07
[08/06 17:48:54 d2.evaluation.evaluator]: Inference done 12971/24904. Dataloading: 0.0027 s/iter. Inference: 0.2339 s/iter. Eval: 0.0752 s/iter. Total: 0.3119 s/iter. ETA=1:02:02
[08/06 17:48:59 d2.evaluation.evaluator]: Inference done 12988/24904. Dataloading: 0.0027 s/iter. Inference: 0.2339 s/iter. Eval: 0.0752 s/iter. Total: 0.3119 s/iter. ETA=1:01:56
[08/06 17:49:05 d2.evaluation.evaluator]: Inference done 13005/24904. Dataloading: 0.0027 s/iter. Inference: 0.2339 s/iter. Eval: 0.0752 s/iter. Total: 0.3119 s/iter. ETA=1:01:51
[08/06 17:49:10 d2.evaluation.evaluator]: Inference done 13021/24904. Dataloading: 0.0027 s/iter. Inference: 0.2339 s/iter. Eval: 0.0752 s/iter. Total: 0.3119 s/iter. ETA=1:01:46
[08/06 17:49:15 d2.evaluation.evaluator]: Inference done 13037/24904. Dataloading: 0.0027 s/iter. Inference: 0.2339 s/iter. Eval: 0.0752 s/iter. Total: 0.3119 s/iter. ETA=1:01:41
[08/06 17:49:20 d2.evaluation.evaluator]: Inference done 13048/24904. Dataloading: 0.0027 s/iter. Inference: 0.2339 s/iter. Eval: 0.0752 s/iter. Total: 0.3119 s/iter. ETA=1:01:38
[08/06 17:49:25 d2.evaluation.evaluator]: Inference done 13065/24904. Dataloading: 0.0027 s/iter. Inference: 0.2339 s/iter. Eval: 0.0752 s/iter. Total: 0.3119 s/iter. ETA=1:01:32
[08/06 17:49:30 d2.evaluation.evaluator]: Inference done 13082/24904. Dataloading: 0.0027 s/iter. Inference: 0.2339 s/iter. Eval: 0.0752 s/iter. Total: 0.3119 s/iter. ETA=1:01:27
[08/06 17:49:35 d2.evaluation.evaluator]: Inference done 13099/24904. Dataloading: 0.0027 s/iter. Inference: 0.2339 s/iter. Eval: 0.0752 s/iter. Total: 0.3119 s/iter. ETA=1:01:21
[08/06 17:49:41 d2.evaluation.evaluator]: Inference done 13116/24904. Dataloading: 0.0027 s/iter. Inference: 0.2339 s/iter. Eval: 0.0752 s/iter. Total: 0.3119 s/iter. ETA=1:01:16
[08/06 17:49:46 d2.evaluation.evaluator]: Inference done 13133/24904. Dataloading: 0.0027 s/iter. Inference: 0.2339 s/iter. Eval: 0.0752 s/iter. Total: 0.3119 s/iter. ETA=1:01:11
[08/06 17:49:52 d2.evaluation.evaluator]: Inference done 13146/24904. Dataloading: 0.0027 s/iter. Inference: 0.2339 s/iter. Eval: 0.0752 s/iter. Total: 0.3119 s/iter. ETA=1:01:06
[08/06 17:49:57 d2.evaluation.evaluator]: Inference done 13162/24904. Dataloading: 0.0027 s/iter. Inference: 0.2339 s/iter. Eval: 0.0752 s/iter. Total: 0.3119 s/iter. ETA=1:01:01
[08/06 17:50:02 d2.evaluation.evaluator]: Inference done 13179/24904. Dataloading: 0.0027 s/iter. Inference: 0.2339 s/iter. Eval: 0.0752 s/iter. Total: 0.3119 s/iter. ETA=1:00:56
[08/06 17:50:07 d2.evaluation.evaluator]: Inference done 13196/24904. Dataloading: 0.0027 s/iter. Inference: 0.2339 s/iter. Eval: 0.0752 s/iter. Total: 0.3118 s/iter. ETA=1:00:51
[08/06 17:50:12 d2.evaluation.evaluator]: Inference done 13213/24904. Dataloading: 0.0027 s/iter. Inference: 0.2339 s/iter. Eval: 0.0752 s/iter. Total: 0.3118 s/iter. ETA=1:00:45
[08/06 17:50:17 d2.evaluation.evaluator]: Inference done 13230/24904. Dataloading: 0.0027 s/iter. Inference: 0.2339 s/iter. Eval: 0.0752 s/iter. Total: 0.3118 s/iter. ETA=1:00:40
[08/06 17:50:22 d2.evaluation.evaluator]: Inference done 13246/24904. Dataloading: 0.0027 s/iter. Inference: 0.2339 s/iter. Eval: 0.0752 s/iter. Total: 0.3118 s/iter. ETA=1:00:35
[08/06 17:50:28 d2.evaluation.evaluator]: Inference done 13257/24904. Dataloading: 0.0027 s/iter. Inference: 0.2339 s/iter. Eval: 0.0752 s/iter. Total: 0.3118 s/iter. ETA=1:00:31
[08/06 17:50:33 d2.evaluation.evaluator]: Inference done 13273/24904. Dataloading: 0.0027 s/iter. Inference: 0.2339 s/iter. Eval: 0.0752 s/iter. Total: 0.3118 s/iter. ETA=1:00:27
[08/06 17:50:38 d2.evaluation.evaluator]: Inference done 13290/24904. Dataloading: 0.0027 s/iter. Inference: 0.2339 s/iter. Eval: 0.0752 s/iter. Total: 0.3118 s/iter. ETA=1:00:21
[08/06 17:50:43 d2.evaluation.evaluator]: Inference done 13307/24904. Dataloading: 0.0027 s/iter. Inference: 0.2339 s/iter. Eval: 0.0752 s/iter. Total: 0.3118 s/iter. ETA=1:00:16
[08/06 17:50:48 d2.evaluation.evaluator]: Inference done 13324/24904. Dataloading: 0.0027 s/iter. Inference: 0.2339 s/iter. Eval: 0.0752 s/iter. Total: 0.3118 s/iter. ETA=1:00:10
[08/06 17:50:54 d2.evaluation.evaluator]: Inference done 13341/24904. Dataloading: 0.0027 s/iter. Inference: 0.2339 s/iter. Eval: 0.0752 s/iter. Total: 0.3118 s/iter. ETA=1:00:05
[08/06 17:51:01 d2.evaluation.evaluator]: Inference done 13358/24904. Dataloading: 0.0027 s/iter. Inference: 0.2339 s/iter. Eval: 0.0752 s/iter. Total: 0.3118 s/iter. ETA=1:00:00
[08/06 17:51:06 d2.evaluation.evaluator]: Inference done 13375/24904. Dataloading: 0.0027 s/iter. Inference: 0.2339 s/iter. Eval: 0.0751 s/iter. Total: 0.3118 s/iter. ETA=0:59:54
[08/06 17:51:11 d2.evaluation.evaluator]: Inference done 13392/24904. Dataloading: 0.0027 s/iter. Inference: 0.2339 s/iter. Eval: 0.0751 s/iter. Total: 0.3118 s/iter. ETA=0:59:49
[08/06 17:51:16 d2.evaluation.evaluator]: Inference done 13409/24904. Dataloading: 0.0027 s/iter. Inference: 0.2339 s/iter. Eval: 0.0751 s/iter. Total: 0.3118 s/iter. ETA=0:59:43
[08/06 17:51:21 d2.evaluation.evaluator]: Inference done 13426/24904. Dataloading: 0.0027 s/iter. Inference: 0.2339 s/iter. Eval: 0.0751 s/iter. Total: 0.3118 s/iter. ETA=0:59:38
[08/06 17:51:27 d2.evaluation.evaluator]: Inference done 13443/24904. Dataloading: 0.0027 s/iter. Inference: 0.2339 s/iter. Eval: 0.0751 s/iter. Total: 0.3118 s/iter. ETA=0:59:33
[08/06 17:51:32 d2.evaluation.evaluator]: Inference done 13460/24904. Dataloading: 0.0027 s/iter. Inference: 0.2339 s/iter. Eval: 0.0751 s/iter. Total: 0.3118 s/iter. ETA=0:59:27
[08/06 17:51:37 d2.evaluation.evaluator]: Inference done 13471/24904. Dataloading: 0.0027 s/iter. Inference: 0.2339 s/iter. Eval: 0.0751 s/iter. Total: 0.3118 s/iter. ETA=0:59:24
[08/06 17:51:42 d2.evaluation.evaluator]: Inference done 13488/24904. Dataloading: 0.0027 s/iter. Inference: 0.2339 s/iter. Eval: 0.0751 s/iter. Total: 0.3118 s/iter. ETA=0:59:19
[08/06 17:51:47 d2.evaluation.evaluator]: Inference done 13505/24904. Dataloading: 0.0027 s/iter. Inference: 0.2339 s/iter. Eval: 0.0751 s/iter. Total: 0.3117 s/iter. ETA=0:59:13
[08/06 17:51:52 d2.evaluation.evaluator]: Inference done 13522/24904. Dataloading: 0.0027 s/iter. Inference: 0.2339 s/iter. Eval: 0.0751 s/iter. Total: 0.3117 s/iter. ETA=0:59:08
[08/06 17:51:58 d2.evaluation.evaluator]: Inference done 13539/24904. Dataloading: 0.0027 s/iter. Inference: 0.2339 s/iter. Eval: 0.0751 s/iter. Total: 0.3117 s/iter. ETA=0:59:02
[08/06 17:52:03 d2.evaluation.evaluator]: Inference done 13556/24904. Dataloading: 0.0027 s/iter. Inference: 0.2339 s/iter. Eval: 0.0751 s/iter. Total: 0.3117 s/iter. ETA=0:58:57
[08/06 17:52:10 d2.evaluation.evaluator]: Inference done 13572/24904. Dataloading: 0.0027 s/iter. Inference: 0.2339 s/iter. Eval: 0.0751 s/iter. Total: 0.3117 s/iter. ETA=0:58:52
[08/06 17:52:15 d2.evaluation.evaluator]: Inference done 13588/24904. Dataloading: 0.0027 s/iter. Inference: 0.2339 s/iter. Eval: 0.0751 s/iter. Total: 0.3117 s/iter. ETA=0:58:47
[08/06 17:52:20 d2.evaluation.evaluator]: Inference done 13605/24904. Dataloading: 0.0027 s/iter. Inference: 0.2339 s/iter. Eval: 0.0751 s/iter. Total: 0.3117 s/iter. ETA=0:58:42
[08/06 17:52:25 d2.evaluation.evaluator]: Inference done 13622/24904. Dataloading: 0.0027 s/iter. Inference: 0.2339 s/iter. Eval: 0.0751 s/iter. Total: 0.3117 s/iter. ETA=0:58:36
[08/06 17:52:30 d2.evaluation.evaluator]: Inference done 13639/24904. Dataloading: 0.0027 s/iter. Inference: 0.2338 s/iter. Eval: 0.0751 s/iter. Total: 0.3117 s/iter. ETA=0:58:31
[08/06 17:52:35 d2.evaluation.evaluator]: Inference done 13655/24904. Dataloading: 0.0027 s/iter. Inference: 0.2338 s/iter. Eval: 0.0751 s/iter. Total: 0.3117 s/iter. ETA=0:58:26
[08/06 17:52:40 d2.evaluation.evaluator]: Inference done 13671/24904. Dataloading: 0.0027 s/iter. Inference: 0.2338 s/iter. Eval: 0.0751 s/iter. Total: 0.3117 s/iter. ETA=0:58:21
[08/06 17:52:45 d2.evaluation.evaluator]: Inference done 13681/24904. Dataloading: 0.0027 s/iter. Inference: 0.2339 s/iter. Eval: 0.0751 s/iter. Total: 0.3117 s/iter. ETA=0:58:18
[08/06 17:52:51 d2.evaluation.evaluator]: Inference done 13698/24904. Dataloading: 0.0027 s/iter. Inference: 0.2338 s/iter. Eval: 0.0751 s/iter. Total: 0.3117 s/iter. ETA=0:58:13
[08/06 17:52:56 d2.evaluation.evaluator]: Inference done 13715/24904. Dataloading: 0.0027 s/iter. Inference: 0.2338 s/iter. Eval: 0.0751 s/iter. Total: 0.3117 s/iter. ETA=0:58:07
[08/06 17:53:01 d2.evaluation.evaluator]: Inference done 13732/24904. Dataloading: 0.0027 s/iter. Inference: 0.2338 s/iter. Eval: 0.0751 s/iter. Total: 0.3117 s/iter. ETA=0:58:02
[08/06 17:53:06 d2.evaluation.evaluator]: Inference done 13749/24904. Dataloading: 0.0027 s/iter. Inference: 0.2338 s/iter. Eval: 0.0751 s/iter. Total: 0.3117 s/iter. ETA=0:57:57
[08/06 17:53:12 d2.evaluation.evaluator]: Inference done 13766/24904. Dataloading: 0.0027 s/iter. Inference: 0.2338 s/iter. Eval: 0.0751 s/iter. Total: 0.3117 s/iter. ETA=0:57:51
[08/06 17:53:17 d2.evaluation.evaluator]: Inference done 13782/24904. Dataloading: 0.0027 s/iter. Inference: 0.2338 s/iter. Eval: 0.0751 s/iter. Total: 0.3117 s/iter. ETA=0:57:46
[08/06 17:53:22 d2.evaluation.evaluator]: Inference done 13793/24904. Dataloading: 0.0027 s/iter. Inference: 0.2338 s/iter. Eval: 0.0751 s/iter. Total: 0.3117 s/iter. ETA=0:57:43
[08/06 17:53:27 d2.evaluation.evaluator]: Inference done 13810/24904. Dataloading: 0.0027 s/iter. Inference: 0.2338 s/iter. Eval: 0.0751 s/iter. Total: 0.3117 s/iter. ETA=0:57:37
[08/06 17:53:32 d2.evaluation.evaluator]: Inference done 13827/24904. Dataloading: 0.0027 s/iter. Inference: 0.2338 s/iter. Eval: 0.0751 s/iter. Total: 0.3117 s/iter. ETA=0:57:32
[08/06 17:53:37 d2.evaluation.evaluator]: Inference done 13844/24904. Dataloading: 0.0027 s/iter. Inference: 0.2338 s/iter. Eval: 0.0751 s/iter. Total: 0.3117 s/iter. ETA=0:57:27
[08/06 17:53:43 d2.evaluation.evaluator]: Inference done 13861/24904. Dataloading: 0.0027 s/iter. Inference: 0.2338 s/iter. Eval: 0.0751 s/iter. Total: 0.3117 s/iter. ETA=0:57:21
[08/06 17:53:48 d2.evaluation.evaluator]: Inference done 13878/24904. Dataloading: 0.0027 s/iter. Inference: 0.2338 s/iter. Eval: 0.0751 s/iter. Total: 0.3117 s/iter. ETA=0:57:16
[08/06 17:53:53 d2.evaluation.evaluator]: Inference done 13889/24904. Dataloading: 0.0027 s/iter. Inference: 0.2338 s/iter. Eval: 0.0751 s/iter. Total: 0.3117 s/iter. ETA=0:57:13
[08/06 17:53:58 d2.evaluation.evaluator]: Inference done 13906/24904. Dataloading: 0.0027 s/iter. Inference: 0.2338 s/iter. Eval: 0.0751 s/iter. Total: 0.3117 s/iter. ETA=0:57:07
[08/06 17:54:03 d2.evaluation.evaluator]: Inference done 13923/24904. Dataloading: 0.0027 s/iter. Inference: 0.2338 s/iter. Eval: 0.0751 s/iter. Total: 0.3117 s/iter. ETA=0:57:02
[08/06 17:54:09 d2.evaluation.evaluator]: Inference done 13940/24904. Dataloading: 0.0027 s/iter. Inference: 0.2338 s/iter. Eval: 0.0751 s/iter. Total: 0.3117 s/iter. ETA=0:56:57
[08/06 17:54:14 d2.evaluation.evaluator]: Inference done 13957/24904. Dataloading: 0.0027 s/iter. Inference: 0.2338 s/iter. Eval: 0.0751 s/iter. Total: 0.3117 s/iter. ETA=0:56:51
[08/06 17:54:19 d2.evaluation.evaluator]: Inference done 13974/24904. Dataloading: 0.0027 s/iter. Inference: 0.2338 s/iter. Eval: 0.0751 s/iter. Total: 0.3117 s/iter. ETA=0:56:46
[08/06 17:54:24 d2.evaluation.evaluator]: Inference done 13991/24904. Dataloading: 0.0027 s/iter. Inference: 0.2338 s/iter. Eval: 0.0751 s/iter. Total: 0.3117 s/iter. ETA=0:56:41
[08/06 17:54:30 d2.evaluation.evaluator]: Inference done 14002/24904. Dataloading: 0.0027 s/iter. Inference: 0.2338 s/iter. Eval: 0.0750 s/iter. Total: 0.3116 s/iter. ETA=0:56:37
[08/06 17:54:35 d2.evaluation.evaluator]: Inference done 14020/24904. Dataloading: 0.0027 s/iter. Inference: 0.2338 s/iter. Eval: 0.0750 s/iter. Total: 0.3116 s/iter. ETA=0:56:31
[08/06 17:54:40 d2.evaluation.evaluator]: Inference done 14037/24904. Dataloading: 0.0027 s/iter. Inference: 0.2338 s/iter. Eval: 0.0750 s/iter. Total: 0.3116 s/iter. ETA=0:56:26
[08/06 17:54:45 d2.evaluation.evaluator]: Inference done 14054/24904. Dataloading: 0.0027 s/iter. Inference: 0.2338 s/iter. Eval: 0.0750 s/iter. Total: 0.3116 s/iter. ETA=0:56:20
[08/06 17:54:50 d2.evaluation.evaluator]: Inference done 14071/24904. Dataloading: 0.0027 s/iter. Inference: 0.2338 s/iter. Eval: 0.0750 s/iter. Total: 0.3116 s/iter. ETA=0:56:15
[08/06 17:54:56 d2.evaluation.evaluator]: Inference done 14088/24904. Dataloading: 0.0027 s/iter. Inference: 0.2338 s/iter. Eval: 0.0750 s/iter. Total: 0.3116 s/iter. ETA=0:56:10
[08/06 17:55:02 d2.evaluation.evaluator]: Inference done 14104/24904. Dataloading: 0.0027 s/iter. Inference: 0.2338 s/iter. Eval: 0.0750 s/iter. Total: 0.3116 s/iter. ETA=0:56:05
[08/06 17:55:08 d2.evaluation.evaluator]: Inference done 14121/24904. Dataloading: 0.0027 s/iter. Inference: 0.2338 s/iter. Eval: 0.0750 s/iter. Total: 0.3116 s/iter. ETA=0:55:59
[08/06 17:55:13 d2.evaluation.evaluator]: Inference done 14138/24904. Dataloading: 0.0027 s/iter. Inference: 0.2338 s/iter. Eval: 0.0750 s/iter. Total: 0.3116 s/iter. ETA=0:55:54
[08/06 17:55:18 d2.evaluation.evaluator]: Inference done 14155/24904. Dataloading: 0.0027 s/iter. Inference: 0.2338 s/iter. Eval: 0.0750 s/iter. Total: 0.3116 s/iter. ETA=0:55:49
[08/06 17:55:23 d2.evaluation.evaluator]: Inference done 14172/24904. Dataloading: 0.0027 s/iter. Inference: 0.2338 s/iter. Eval: 0.0750 s/iter. Total: 0.3116 s/iter. ETA=0:55:43
[08/06 17:55:28 d2.evaluation.evaluator]: Inference done 14189/24904. Dataloading: 0.0027 s/iter. Inference: 0.2338 s/iter. Eval: 0.0750 s/iter. Total: 0.3116 s/iter. ETA=0:55:38
[08/06 17:55:34 d2.evaluation.evaluator]: Inference done 14206/24904. Dataloading: 0.0027 s/iter. Inference: 0.2338 s/iter. Eval: 0.0750 s/iter. Total: 0.3116 s/iter. ETA=0:55:33
[08/06 17:55:39 d2.evaluation.evaluator]: Inference done 14217/24904. Dataloading: 0.0027 s/iter. Inference: 0.2338 s/iter. Eval: 0.0750 s/iter. Total: 0.3116 s/iter. ETA=0:55:29
[08/06 17:55:44 d2.evaluation.evaluator]: Inference done 14234/24904. Dataloading: 0.0027 s/iter. Inference: 0.2338 s/iter. Eval: 0.0750 s/iter. Total: 0.3116 s/iter. ETA=0:55:24
[08/06 17:55:49 d2.evaluation.evaluator]: Inference done 14251/24904. Dataloading: 0.0027 s/iter. Inference: 0.2338 s/iter. Eval: 0.0750 s/iter. Total: 0.3116 s/iter. ETA=0:55:19
[08/06 17:55:55 d2.evaluation.evaluator]: Inference done 14268/24904. Dataloading: 0.0027 s/iter. Inference: 0.2338 s/iter. Eval: 0.0750 s/iter. Total: 0.3116 s/iter. ETA=0:55:13
[08/06 17:56:00 d2.evaluation.evaluator]: Inference done 14285/24904. Dataloading: 0.0027 s/iter. Inference: 0.2338 s/iter. Eval: 0.0750 s/iter. Total: 0.3115 s/iter. ETA=0:55:08
[08/06 17:56:05 d2.evaluation.evaluator]: Inference done 14302/24904. Dataloading: 0.0027 s/iter. Inference: 0.2338 s/iter. Eval: 0.0750 s/iter. Total: 0.3115 s/iter. ETA=0:55:02
[08/06 17:56:11 d2.evaluation.evaluator]: Inference done 14316/24904. Dataloading: 0.0027 s/iter. Inference: 0.2338 s/iter. Eval: 0.0750 s/iter. Total: 0.3115 s/iter. ETA=0:54:58
[08/06 17:56:16 d2.evaluation.evaluator]: Inference done 14333/24904. Dataloading: 0.0027 s/iter. Inference: 0.2338 s/iter. Eval: 0.0750 s/iter. Total: 0.3115 s/iter. ETA=0:54:53
[08/06 17:56:22 d2.evaluation.evaluator]: Inference done 14350/24904. Dataloading: 0.0027 s/iter. Inference: 0.2338 s/iter. Eval: 0.0750 s/iter. Total: 0.3115 s/iter. ETA=0:54:48
[08/06 17:56:27 d2.evaluation.evaluator]: Inference done 14367/24904. Dataloading: 0.0027 s/iter. Inference: 0.2338 s/iter. Eval: 0.0750 s/iter. Total: 0.3115 s/iter. ETA=0:54:42
[08/06 17:56:32 d2.evaluation.evaluator]: Inference done 14383/24904. Dataloading: 0.0027 s/iter. Inference: 0.2338 s/iter. Eval: 0.0750 s/iter. Total: 0.3115 s/iter. ETA=0:54:37
[08/06 17:56:37 d2.evaluation.evaluator]: Inference done 14399/24904. Dataloading: 0.0027 s/iter. Inference: 0.2338 s/iter. Eval: 0.0750 s/iter. Total: 0.3115 s/iter. ETA=0:54:32
[08/06 17:56:42 d2.evaluation.evaluator]: Inference done 14416/24904. Dataloading: 0.0027 s/iter. Inference: 0.2338 s/iter. Eval: 0.0750 s/iter. Total: 0.3115 s/iter. ETA=0:54:27
[08/06 17:56:47 d2.evaluation.evaluator]: Inference done 14427/24904. Dataloading: 0.0027 s/iter. Inference: 0.2338 s/iter. Eval: 0.0750 s/iter. Total: 0.3115 s/iter. ETA=0:54:24
[08/06 17:56:53 d2.evaluation.evaluator]: Inference done 14444/24904. Dataloading: 0.0027 s/iter. Inference: 0.2338 s/iter. Eval: 0.0750 s/iter. Total: 0.3115 s/iter. ETA=0:54:18
[08/06 17:56:58 d2.evaluation.evaluator]: Inference done 14461/24904. Dataloading: 0.0027 s/iter. Inference: 0.2338 s/iter. Eval: 0.0750 s/iter. Total: 0.3115 s/iter. ETA=0:54:13
[08/06 17:57:03 d2.evaluation.evaluator]: Inference done 14477/24904. Dataloading: 0.0027 s/iter. Inference: 0.2338 s/iter. Eval: 0.0750 s/iter. Total: 0.3115 s/iter. ETA=0:54:08
[08/06 17:57:08 d2.evaluation.evaluator]: Inference done 14494/24904. Dataloading: 0.0027 s/iter. Inference: 0.2338 s/iter. Eval: 0.0750 s/iter. Total: 0.3115 s/iter. ETA=0:54:03
[08/06 17:57:14 d2.evaluation.evaluator]: Inference done 14511/24904. Dataloading: 0.0027 s/iter. Inference: 0.2338 s/iter. Eval: 0.0750 s/iter. Total: 0.3115 s/iter. ETA=0:53:57
[08/06 17:57:20 d2.evaluation.evaluator]: Inference done 14526/24904. Dataloading: 0.0027 s/iter. Inference: 0.2338 s/iter. Eval: 0.0750 s/iter. Total: 0.3115 s/iter. ETA=0:53:53
[08/06 17:57:25 d2.evaluation.evaluator]: Inference done 14543/24904. Dataloading: 0.0027 s/iter. Inference: 0.2338 s/iter. Eval: 0.0750 s/iter. Total: 0.3115 s/iter. ETA=0:53:47
[08/06 17:57:30 d2.evaluation.evaluator]: Inference done 14560/24904. Dataloading: 0.0027 s/iter. Inference: 0.2338 s/iter. Eval: 0.0750 s/iter. Total: 0.3115 s/iter. ETA=0:53:42
[08/06 17:57:36 d2.evaluation.evaluator]: Inference done 14577/24904. Dataloading: 0.0027 s/iter. Inference: 0.2338 s/iter. Eval: 0.0750 s/iter. Total: 0.3115 s/iter. ETA=0:53:37
[08/06 17:57:41 d2.evaluation.evaluator]: Inference done 14594/24904. Dataloading: 0.0027 s/iter. Inference: 0.2338 s/iter. Eval: 0.0750 s/iter. Total: 0.3115 s/iter. ETA=0:53:31
[08/06 17:57:46 d2.evaluation.evaluator]: Inference done 14611/24904. Dataloading: 0.0027 s/iter. Inference: 0.2338 s/iter. Eval: 0.0750 s/iter. Total: 0.3115 s/iter. ETA=0:53:26
[08/06 17:57:51 d2.evaluation.evaluator]: Inference done 14628/24904. Dataloading: 0.0027 s/iter. Inference: 0.2338 s/iter. Eval: 0.0750 s/iter. Total: 0.3115 s/iter. ETA=0:53:21
[08/06 17:57:56 d2.evaluation.evaluator]: Inference done 14639/24904. Dataloading: 0.0027 s/iter. Inference: 0.2337 s/iter. Eval: 0.0750 s/iter. Total: 0.3115 s/iter. ETA=0:53:17
[08/06 17:58:01 d2.evaluation.evaluator]: Inference done 14655/24904. Dataloading: 0.0027 s/iter. Inference: 0.2337 s/iter. Eval: 0.0750 s/iter. Total: 0.3115 s/iter. ETA=0:53:12
[08/06 17:58:06 d2.evaluation.evaluator]: Inference done 14671/24904. Dataloading: 0.0027 s/iter. Inference: 0.2337 s/iter. Eval: 0.0750 s/iter. Total: 0.3115 s/iter. ETA=0:53:07
[08/06 17:58:11 d2.evaluation.evaluator]: Inference done 14687/24904. Dataloading: 0.0027 s/iter. Inference: 0.2337 s/iter. Eval: 0.0750 s/iter. Total: 0.3115 s/iter. ETA=0:53:02
[08/06 17:58:17 d2.evaluation.evaluator]: Inference done 14704/24904. Dataloading: 0.0027 s/iter. Inference: 0.2337 s/iter. Eval: 0.0750 s/iter. Total: 0.3115 s/iter. ETA=0:52:57
[08/06 17:58:22 d2.evaluation.evaluator]: Inference done 14721/24904. Dataloading: 0.0027 s/iter. Inference: 0.2337 s/iter. Eval: 0.0750 s/iter. Total: 0.3115 s/iter. ETA=0:52:52
[08/06 17:58:29 d2.evaluation.evaluator]: Inference done 14738/24904. Dataloading: 0.0027 s/iter. Inference: 0.2337 s/iter. Eval: 0.0750 s/iter. Total: 0.3115 s/iter. ETA=0:52:46
[08/06 17:58:34 d2.evaluation.evaluator]: Inference done 14755/24904. Dataloading: 0.0027 s/iter. Inference: 0.2337 s/iter. Eval: 0.0750 s/iter. Total: 0.3115 s/iter. ETA=0:52:41
[08/06 17:58:39 d2.evaluation.evaluator]: Inference done 14772/24904. Dataloading: 0.0027 s/iter. Inference: 0.2337 s/iter. Eval: 0.0750 s/iter. Total: 0.3115 s/iter. ETA=0:52:36
[08/06 17:58:45 d2.evaluation.evaluator]: Inference done 14789/24904. Dataloading: 0.0027 s/iter. Inference: 0.2337 s/iter. Eval: 0.0750 s/iter. Total: 0.3115 s/iter. ETA=0:52:30
[08/06 17:58:50 d2.evaluation.evaluator]: Inference done 14806/24904. Dataloading: 0.0027 s/iter. Inference: 0.2337 s/iter. Eval: 0.0750 s/iter. Total: 0.3115 s/iter. ETA=0:52:25
[08/06 17:58:55 d2.evaluation.evaluator]: Inference done 14823/24904. Dataloading: 0.0027 s/iter. Inference: 0.2337 s/iter. Eval: 0.0750 s/iter. Total: 0.3115 s/iter. ETA=0:52:20
[08/06 17:59:00 d2.evaluation.evaluator]: Inference done 14840/24904. Dataloading: 0.0027 s/iter. Inference: 0.2337 s/iter. Eval: 0.0750 s/iter. Total: 0.3115 s/iter. ETA=0:52:14
[08/06 17:59:06 d2.evaluation.evaluator]: Inference done 14851/24904. Dataloading: 0.0027 s/iter. Inference: 0.2337 s/iter. Eval: 0.0750 s/iter. Total: 0.3115 s/iter. ETA=0:52:11
[08/06 17:59:11 d2.evaluation.evaluator]: Inference done 14868/24904. Dataloading: 0.0027 s/iter. Inference: 0.2337 s/iter. Eval: 0.0750 s/iter. Total: 0.3115 s/iter. ETA=0:52:06
[08/06 17:59:16 d2.evaluation.evaluator]: Inference done 14885/24904. Dataloading: 0.0027 s/iter. Inference: 0.2337 s/iter. Eval: 0.0750 s/iter. Total: 0.3115 s/iter. ETA=0:52:00
[08/06 17:59:21 d2.evaluation.evaluator]: Inference done 14902/24904. Dataloading: 0.0027 s/iter. Inference: 0.2337 s/iter. Eval: 0.0750 s/iter. Total: 0.3115 s/iter. ETA=0:51:55
[08/06 17:59:27 d2.evaluation.evaluator]: Inference done 14919/24904. Dataloading: 0.0027 s/iter. Inference: 0.2337 s/iter. Eval: 0.0750 s/iter. Total: 0.3115 s/iter. ETA=0:51:50
[08/06 17:59:32 d2.evaluation.evaluator]: Inference done 14935/24904. Dataloading: 0.0027 s/iter. Inference: 0.2337 s/iter. Eval: 0.0750 s/iter. Total: 0.3115 s/iter. ETA=0:51:45
[08/06 17:59:38 d2.evaluation.evaluator]: Inference done 14949/24904. Dataloading: 0.0027 s/iter. Inference: 0.2337 s/iter. Eval: 0.0750 s/iter. Total: 0.3115 s/iter. ETA=0:51:40
[08/06 17:59:43 d2.evaluation.evaluator]: Inference done 14965/24904. Dataloading: 0.0027 s/iter. Inference: 0.2337 s/iter. Eval: 0.0750 s/iter. Total: 0.3115 s/iter. ETA=0:51:35
[08/06 17:59:48 d2.evaluation.evaluator]: Inference done 14982/24904. Dataloading: 0.0027 s/iter. Inference: 0.2337 s/iter. Eval: 0.0750 s/iter. Total: 0.3115 s/iter. ETA=0:51:30
[08/06 17:59:53 d2.evaluation.evaluator]: Inference done 14999/24904. Dataloading: 0.0027 s/iter. Inference: 0.2337 s/iter. Eval: 0.0750 s/iter. Total: 0.3115 s/iter. ETA=0:51:25
[08/06 17:59:58 d2.evaluation.evaluator]: Inference done 15015/24904. Dataloading: 0.0027 s/iter. Inference: 0.2337 s/iter. Eval: 0.0750 s/iter. Total: 0.3115 s/iter. ETA=0:51:20
[08/06 18:00:04 d2.evaluation.evaluator]: Inference done 15032/24904. Dataloading: 0.0027 s/iter. Inference: 0.2337 s/iter. Eval: 0.0750 s/iter. Total: 0.3115 s/iter. ETA=0:51:15
[08/06 18:00:09 d2.evaluation.evaluator]: Inference done 15049/24904. Dataloading: 0.0027 s/iter. Inference: 0.2337 s/iter. Eval: 0.0750 s/iter. Total: 0.3115 s/iter. ETA=0:51:09
[08/06 18:00:14 d2.evaluation.evaluator]: Inference done 15060/24904. Dataloading: 0.0027 s/iter. Inference: 0.2337 s/iter. Eval: 0.0750 s/iter. Total: 0.3115 s/iter. ETA=0:51:06
[08/06 18:00:19 d2.evaluation.evaluator]: Inference done 15077/24904. Dataloading: 0.0027 s/iter. Inference: 0.2337 s/iter. Eval: 0.0750 s/iter. Total: 0.3115 s/iter. ETA=0:51:00
[08/06 18:00:24 d2.evaluation.evaluator]: Inference done 15094/24904. Dataloading: 0.0027 s/iter. Inference: 0.2337 s/iter. Eval: 0.0750 s/iter. Total: 0.3115 s/iter. ETA=0:50:55
[08/06 18:00:30 d2.evaluation.evaluator]: Inference done 15111/24904. Dataloading: 0.0027 s/iter. Inference: 0.2337 s/iter. Eval: 0.0750 s/iter. Total: 0.3115 s/iter. ETA=0:50:50
[08/06 18:00:35 d2.evaluation.evaluator]: Inference done 15128/24904. Dataloading: 0.0027 s/iter. Inference: 0.2337 s/iter. Eval: 0.0750 s/iter. Total: 0.3115 s/iter. ETA=0:50:45
[08/06 18:00:40 d2.evaluation.evaluator]: Inference done 15145/24904. Dataloading: 0.0027 s/iter. Inference: 0.2337 s/iter. Eval: 0.0750 s/iter. Total: 0.3115 s/iter. ETA=0:50:39
[08/06 18:00:47 d2.evaluation.evaluator]: Inference done 15160/24904. Dataloading: 0.0027 s/iter. Inference: 0.2337 s/iter. Eval: 0.0750 s/iter. Total: 0.3115 s/iter. ETA=0:50:34
[08/06 18:00:52 d2.evaluation.evaluator]: Inference done 15177/24904. Dataloading: 0.0027 s/iter. Inference: 0.2337 s/iter. Eval: 0.0750 s/iter. Total: 0.3115 s/iter. ETA=0:50:29
[08/06 18:00:57 d2.evaluation.evaluator]: Inference done 15194/24904. Dataloading: 0.0027 s/iter. Inference: 0.2337 s/iter. Eval: 0.0750 s/iter. Total: 0.3115 s/iter. ETA=0:50:24
[08/06 18:01:02 d2.evaluation.evaluator]: Inference done 15211/24904. Dataloading: 0.0027 s/iter. Inference: 0.2337 s/iter. Eval: 0.0750 s/iter. Total: 0.3115 s/iter. ETA=0:50:18
[08/06 18:01:08 d2.evaluation.evaluator]: Inference done 15228/24904. Dataloading: 0.0027 s/iter. Inference: 0.2337 s/iter. Eval: 0.0750 s/iter. Total: 0.3115 s/iter. ETA=0:50:13
[08/06 18:01:13 d2.evaluation.evaluator]: Inference done 15245/24904. Dataloading: 0.0027 s/iter. Inference: 0.2337 s/iter. Eval: 0.0750 s/iter. Total: 0.3115 s/iter. ETA=0:50:08
[08/06 18:01:18 d2.evaluation.evaluator]: Inference done 15262/24904. Dataloading: 0.0027 s/iter. Inference: 0.2337 s/iter. Eval: 0.0750 s/iter. Total: 0.3115 s/iter. ETA=0:50:03
[08/06 18:01:23 d2.evaluation.evaluator]: Inference done 15273/24904. Dataloading: 0.0027 s/iter. Inference: 0.2337 s/iter. Eval: 0.0750 s/iter. Total: 0.3115 s/iter. ETA=0:49:59
[08/06 18:01:28 d2.evaluation.evaluator]: Inference done 15290/24904. Dataloading: 0.0027 s/iter. Inference: 0.2337 s/iter. Eval: 0.0750 s/iter. Total: 0.3114 s/iter. ETA=0:49:54
[08/06 18:01:34 d2.evaluation.evaluator]: Inference done 15307/24904. Dataloading: 0.0027 s/iter. Inference: 0.2337 s/iter. Eval: 0.0750 s/iter. Total: 0.3114 s/iter. ETA=0:49:48
[08/06 18:01:39 d2.evaluation.evaluator]: Inference done 15324/24904. Dataloading: 0.0027 s/iter. Inference: 0.2337 s/iter. Eval: 0.0750 s/iter. Total: 0.3114 s/iter. ETA=0:49:43
[08/06 18:01:44 d2.evaluation.evaluator]: Inference done 15340/24904. Dataloading: 0.0027 s/iter. Inference: 0.2337 s/iter. Eval: 0.0750 s/iter. Total: 0.3114 s/iter. ETA=0:49:38
[08/06 18:01:49 d2.evaluation.evaluator]: Inference done 15357/24904. Dataloading: 0.0027 s/iter. Inference: 0.2337 s/iter. Eval: 0.0750 s/iter. Total: 0.3114 s/iter. ETA=0:49:33
[08/06 18:01:55 d2.evaluation.evaluator]: Inference done 15374/24904. Dataloading: 0.0027 s/iter. Inference: 0.2337 s/iter. Eval: 0.0750 s/iter. Total: 0.3114 s/iter. ETA=0:49:28
[08/06 18:02:00 d2.evaluation.evaluator]: Inference done 15391/24904. Dataloading: 0.0027 s/iter. Inference: 0.2337 s/iter. Eval: 0.0750 s/iter. Total: 0.3114 s/iter. ETA=0:49:22
[08/06 18:02:05 d2.evaluation.evaluator]: Inference done 15408/24904. Dataloading: 0.0027 s/iter. Inference: 0.2337 s/iter. Eval: 0.0750 s/iter. Total: 0.3114 s/iter. ETA=0:49:17
[08/06 18:02:12 d2.evaluation.evaluator]: Inference done 15421/24904. Dataloading: 0.0027 s/iter. Inference: 0.2337 s/iter. Eval: 0.0750 s/iter. Total: 0.3114 s/iter. ETA=0:49:13
[08/06 18:02:17 d2.evaluation.evaluator]: Inference done 15438/24904. Dataloading: 0.0027 s/iter. Inference: 0.2337 s/iter. Eval: 0.0750 s/iter. Total: 0.3114 s/iter. ETA=0:49:07
[08/06 18:02:22 d2.evaluation.evaluator]: Inference done 15455/24904. Dataloading: 0.0027 s/iter. Inference: 0.2337 s/iter. Eval: 0.0750 s/iter. Total: 0.3114 s/iter. ETA=0:49:02
[08/06 18:02:27 d2.evaluation.evaluator]: Inference done 15470/24904. Dataloading: 0.0027 s/iter. Inference: 0.2337 s/iter. Eval: 0.0750 s/iter. Total: 0.3115 s/iter. ETA=0:48:58
[08/06 18:02:32 d2.evaluation.evaluator]: Inference done 15486/24904. Dataloading: 0.0027 s/iter. Inference: 0.2337 s/iter. Eval: 0.0750 s/iter. Total: 0.3115 s/iter. ETA=0:48:53
[08/06 18:02:37 d2.evaluation.evaluator]: Inference done 15503/24904. Dataloading: 0.0027 s/iter. Inference: 0.2337 s/iter. Eval: 0.0750 s/iter. Total: 0.3115 s/iter. ETA=0:48:48
[08/06 18:02:43 d2.evaluation.evaluator]: Inference done 15520/24904. Dataloading: 0.0027 s/iter. Inference: 0.2337 s/iter. Eval: 0.0750 s/iter. Total: 0.3115 s/iter. ETA=0:48:42
[08/06 18:02:48 d2.evaluation.evaluator]: Inference done 15533/24904. Dataloading: 0.0027 s/iter. Inference: 0.2337 s/iter. Eval: 0.0750 s/iter. Total: 0.3114 s/iter. ETA=0:48:38
[08/06 18:02:53 d2.evaluation.evaluator]: Inference done 15550/24904. Dataloading: 0.0027 s/iter. Inference: 0.2337 s/iter. Eval: 0.0750 s/iter. Total: 0.3114 s/iter. ETA=0:48:33
[08/06 18:02:58 d2.evaluation.evaluator]: Inference done 15567/24904. Dataloading: 0.0027 s/iter. Inference: 0.2337 s/iter. Eval: 0.0750 s/iter. Total: 0.3114 s/iter. ETA=0:48:27
[08/06 18:03:04 d2.evaluation.evaluator]: Inference done 15584/24904. Dataloading: 0.0027 s/iter. Inference: 0.2337 s/iter. Eval: 0.0750 s/iter. Total: 0.3114 s/iter. ETA=0:48:22
[08/06 18:03:09 d2.evaluation.evaluator]: Inference done 15601/24904. Dataloading: 0.0027 s/iter. Inference: 0.2337 s/iter. Eval: 0.0750 s/iter. Total: 0.3114 s/iter. ETA=0:48:17
[08/06 18:03:14 d2.evaluation.evaluator]: Inference done 15618/24904. Dataloading: 0.0027 s/iter. Inference: 0.2337 s/iter. Eval: 0.0750 s/iter. Total: 0.3114 s/iter. ETA=0:48:12
[08/06 18:03:20 d2.evaluation.evaluator]: Inference done 15631/24904. Dataloading: 0.0027 s/iter. Inference: 0.2337 s/iter. Eval: 0.0750 s/iter. Total: 0.3114 s/iter. ETA=0:48:08
[08/06 18:03:25 d2.evaluation.evaluator]: Inference done 15648/24904. Dataloading: 0.0027 s/iter. Inference: 0.2337 s/iter. Eval: 0.0750 s/iter. Total: 0.3114 s/iter. ETA=0:48:02
[08/06 18:03:30 d2.evaluation.evaluator]: Inference done 15665/24904. Dataloading: 0.0027 s/iter. Inference: 0.2337 s/iter. Eval: 0.0750 s/iter. Total: 0.3114 s/iter. ETA=0:47:57
[08/06 18:03:36 d2.evaluation.evaluator]: Inference done 15682/24904. Dataloading: 0.0027 s/iter. Inference: 0.2337 s/iter. Eval: 0.0750 s/iter. Total: 0.3114 s/iter. ETA=0:47:51
[08/06 18:03:41 d2.evaluation.evaluator]: Inference done 15699/24904. Dataloading: 0.0027 s/iter. Inference: 0.2337 s/iter. Eval: 0.0750 s/iter. Total: 0.3114 s/iter. ETA=0:47:46
[08/06 18:03:46 d2.evaluation.evaluator]: Inference done 15715/24904. Dataloading: 0.0027 s/iter. Inference: 0.2337 s/iter. Eval: 0.0750 s/iter. Total: 0.3114 s/iter. ETA=0:47:41
[08/06 18:03:51 d2.evaluation.evaluator]: Inference done 15732/24904. Dataloading: 0.0027 s/iter. Inference: 0.2337 s/iter. Eval: 0.0750 s/iter. Total: 0.3114 s/iter. ETA=0:47:36
[08/06 18:03:56 d2.evaluation.evaluator]: Inference done 15742/24904. Dataloading: 0.0027 s/iter. Inference: 0.2337 s/iter. Eval: 0.0750 s/iter. Total: 0.3114 s/iter. ETA=0:47:33
[08/06 18:04:02 d2.evaluation.evaluator]: Inference done 15759/24904. Dataloading: 0.0027 s/iter. Inference: 0.2337 s/iter. Eval: 0.0750 s/iter. Total: 0.3114 s/iter. ETA=0:47:28
[08/06 18:04:07 d2.evaluation.evaluator]: Inference done 15776/24904. Dataloading: 0.0027 s/iter. Inference: 0.2337 s/iter. Eval: 0.0750 s/iter. Total: 0.3114 s/iter. ETA=0:47:22
[08/06 18:04:12 d2.evaluation.evaluator]: Inference done 15793/24904. Dataloading: 0.0027 s/iter. Inference: 0.2337 s/iter. Eval: 0.0750 s/iter. Total: 0.3114 s/iter. ETA=0:47:17
[08/06 18:04:17 d2.evaluation.evaluator]: Inference done 15809/24904. Dataloading: 0.0027 s/iter. Inference: 0.2337 s/iter. Eval: 0.0750 s/iter. Total: 0.3114 s/iter. ETA=0:47:12
[08/06 18:04:22 d2.evaluation.evaluator]: Inference done 15825/24904. Dataloading: 0.0027 s/iter. Inference: 0.2337 s/iter. Eval: 0.0750 s/iter. Total: 0.3114 s/iter. ETA=0:47:07
[08/06 18:04:29 d2.evaluation.evaluator]: Inference done 15841/24904. Dataloading: 0.0027 s/iter. Inference: 0.2337 s/iter. Eval: 0.0750 s/iter. Total: 0.3114 s/iter. ETA=0:47:02
[08/06 18:04:34 d2.evaluation.evaluator]: Inference done 15857/24904. Dataloading: 0.0027 s/iter. Inference: 0.2337 s/iter. Eval: 0.0750 s/iter. Total: 0.3115 s/iter. ETA=0:46:57
[08/06 18:04:39 d2.evaluation.evaluator]: Inference done 15873/24904. Dataloading: 0.0027 s/iter. Inference: 0.2337 s/iter. Eval: 0.0750 s/iter. Total: 0.3115 s/iter. ETA=0:46:52
[08/06 18:04:44 d2.evaluation.evaluator]: Inference done 15890/24904. Dataloading: 0.0027 s/iter. Inference: 0.2337 s/iter. Eval: 0.0750 s/iter. Total: 0.3115 s/iter. ETA=0:46:47
[08/06 18:04:49 d2.evaluation.evaluator]: Inference done 15907/24904. Dataloading: 0.0027 s/iter. Inference: 0.2337 s/iter. Eval: 0.0750 s/iter. Total: 0.3114 s/iter. ETA=0:46:42
[08/06 18:04:55 d2.evaluation.evaluator]: Inference done 15924/24904. Dataloading: 0.0027 s/iter. Inference: 0.2337 s/iter. Eval: 0.0750 s/iter. Total: 0.3114 s/iter. ETA=0:46:36
[08/06 18:05:00 d2.evaluation.evaluator]: Inference done 15940/24904. Dataloading: 0.0027 s/iter. Inference: 0.2337 s/iter. Eval: 0.0750 s/iter. Total: 0.3114 s/iter. ETA=0:46:31
[08/06 18:05:05 d2.evaluation.evaluator]: Inference done 15951/24904. Dataloading: 0.0027 s/iter. Inference: 0.2337 s/iter. Eval: 0.0750 s/iter. Total: 0.3114 s/iter. ETA=0:46:28
[08/06 18:05:10 d2.evaluation.evaluator]: Inference done 15968/24904. Dataloading: 0.0027 s/iter. Inference: 0.2337 s/iter. Eval: 0.0750 s/iter. Total: 0.3114 s/iter. ETA=0:46:23
[08/06 18:05:15 d2.evaluation.evaluator]: Inference done 15985/24904. Dataloading: 0.0027 s/iter. Inference: 0.2337 s/iter. Eval: 0.0750 s/iter. Total: 0.3114 s/iter. ETA=0:46:17
[08/06 18:05:20 d2.evaluation.evaluator]: Inference done 16002/24904. Dataloading: 0.0027 s/iter. Inference: 0.2337 s/iter. Eval: 0.0750 s/iter. Total: 0.3114 s/iter. ETA=0:46:12
[08/06 18:05:26 d2.evaluation.evaluator]: Inference done 16019/24904. Dataloading: 0.0027 s/iter. Inference: 0.2336 s/iter. Eval: 0.0750 s/iter. Total: 0.3114 s/iter. ETA=0:46:06
[08/06 18:05:31 d2.evaluation.evaluator]: Inference done 16035/24904. Dataloading: 0.0027 s/iter. Inference: 0.2336 s/iter. Eval: 0.0750 s/iter. Total: 0.3114 s/iter. ETA=0:46:01
[08/06 18:05:36 d2.evaluation.evaluator]: Inference done 16051/24904. Dataloading: 0.0027 s/iter. Inference: 0.2337 s/iter. Eval: 0.0750 s/iter. Total: 0.3114 s/iter. ETA=0:45:57
[08/06 18:05:41 d2.evaluation.evaluator]: Inference done 16061/24904. Dataloading: 0.0027 s/iter. Inference: 0.2337 s/iter. Eval: 0.0750 s/iter. Total: 0.3114 s/iter. ETA=0:45:54
[08/06 18:05:46 d2.evaluation.evaluator]: Inference done 16078/24904. Dataloading: 0.0027 s/iter. Inference: 0.2337 s/iter. Eval: 0.0750 s/iter. Total: 0.3114 s/iter. ETA=0:45:48
[08/06 18:05:51 d2.evaluation.evaluator]: Inference done 16095/24904. Dataloading: 0.0027 s/iter. Inference: 0.2336 s/iter. Eval: 0.0750 s/iter. Total: 0.3114 s/iter. ETA=0:45:43
[08/06 18:05:56 d2.evaluation.evaluator]: Inference done 16112/24904. Dataloading: 0.0027 s/iter. Inference: 0.2336 s/iter. Eval: 0.0750 s/iter. Total: 0.3114 s/iter. ETA=0:45:37
[08/06 18:06:02 d2.evaluation.evaluator]: Inference done 16129/24904. Dataloading: 0.0027 s/iter. Inference: 0.2336 s/iter. Eval: 0.0750 s/iter. Total: 0.3114 s/iter. ETA=0:45:32
[08/06 18:06:07 d2.evaluation.evaluator]: Inference done 16145/24904. Dataloading: 0.0027 s/iter. Inference: 0.2336 s/iter. Eval: 0.0750 s/iter. Total: 0.3114 s/iter. ETA=0:45:27
[08/06 18:06:12 d2.evaluation.evaluator]: Inference done 16157/24904. Dataloading: 0.0027 s/iter. Inference: 0.2336 s/iter. Eval: 0.0750 s/iter. Total: 0.3114 s/iter. ETA=0:45:24
[08/06 18:06:18 d2.evaluation.evaluator]: Inference done 16173/24904. Dataloading: 0.0027 s/iter. Inference: 0.2336 s/iter. Eval: 0.0750 s/iter. Total: 0.3114 s/iter. ETA=0:45:19
[08/06 18:06:23 d2.evaluation.evaluator]: Inference done 16190/24904. Dataloading: 0.0027 s/iter. Inference: 0.2336 s/iter. Eval: 0.0750 s/iter. Total: 0.3114 s/iter. ETA=0:45:13
[08/06 18:06:28 d2.evaluation.evaluator]: Inference done 16207/24904. Dataloading: 0.0027 s/iter. Inference: 0.2336 s/iter. Eval: 0.0750 s/iter. Total: 0.3114 s/iter. ETA=0:45:08
[08/06 18:06:33 d2.evaluation.evaluator]: Inference done 16224/24904. Dataloading: 0.0027 s/iter. Inference: 0.2336 s/iter. Eval: 0.0750 s/iter. Total: 0.3114 s/iter. ETA=0:45:03
[08/06 18:06:38 d2.evaluation.evaluator]: Inference done 16241/24904. Dataloading: 0.0027 s/iter. Inference: 0.2336 s/iter. Eval: 0.0750 s/iter. Total: 0.3114 s/iter. ETA=0:44:57
[08/06 18:06:43 d2.evaluation.evaluator]: Inference done 16257/24904. Dataloading: 0.0027 s/iter. Inference: 0.2336 s/iter. Eval: 0.0750 s/iter. Total: 0.3114 s/iter. ETA=0:44:52
[08/06 18:06:48 d2.evaluation.evaluator]: Inference done 16267/24904. Dataloading: 0.0027 s/iter. Inference: 0.2336 s/iter. Eval: 0.0750 s/iter. Total: 0.3114 s/iter. ETA=0:44:49
[08/06 18:06:54 d2.evaluation.evaluator]: Inference done 16284/24904. Dataloading: 0.0027 s/iter. Inference: 0.2336 s/iter. Eval: 0.0750 s/iter. Total: 0.3114 s/iter. ETA=0:44:44
[08/06 18:06:59 d2.evaluation.evaluator]: Inference done 16301/24904. Dataloading: 0.0027 s/iter. Inference: 0.2336 s/iter. Eval: 0.0750 s/iter. Total: 0.3114 s/iter. ETA=0:44:38
[08/06 18:07:04 d2.evaluation.evaluator]: Inference done 16318/24904. Dataloading: 0.0027 s/iter. Inference: 0.2336 s/iter. Eval: 0.0750 s/iter. Total: 0.3114 s/iter. ETA=0:44:33
[08/06 18:07:09 d2.evaluation.evaluator]: Inference done 16335/24904. Dataloading: 0.0027 s/iter. Inference: 0.2336 s/iter. Eval: 0.0750 s/iter. Total: 0.3114 s/iter. ETA=0:44:28
[08/06 18:07:14 d2.evaluation.evaluator]: Inference done 16352/24904. Dataloading: 0.0027 s/iter. Inference: 0.2336 s/iter. Eval: 0.0750 s/iter. Total: 0.3114 s/iter. ETA=0:44:22
[08/06 18:07:19 d2.evaluation.evaluator]: Inference done 16368/24904. Dataloading: 0.0027 s/iter. Inference: 0.2336 s/iter. Eval: 0.0750 s/iter. Total: 0.3114 s/iter. ETA=0:44:17
[08/06 18:07:25 d2.evaluation.evaluator]: Inference done 16379/24904. Dataloading: 0.0027 s/iter. Inference: 0.2336 s/iter. Eval: 0.0750 s/iter. Total: 0.3114 s/iter. ETA=0:44:14
[08/06 18:07:30 d2.evaluation.evaluator]: Inference done 16396/24904. Dataloading: 0.0027 s/iter. Inference: 0.2336 s/iter. Eval: 0.0750 s/iter. Total: 0.3114 s/iter. ETA=0:44:09
[08/06 18:07:35 d2.evaluation.evaluator]: Inference done 16413/24904. Dataloading: 0.0027 s/iter. Inference: 0.2336 s/iter. Eval: 0.0750 s/iter. Total: 0.3114 s/iter. ETA=0:44:03
[08/06 18:07:40 d2.evaluation.evaluator]: Inference done 16430/24904. Dataloading: 0.0027 s/iter. Inference: 0.2336 s/iter. Eval: 0.0750 s/iter. Total: 0.3114 s/iter. ETA=0:43:58
[08/06 18:07:45 d2.evaluation.evaluator]: Inference done 16447/24904. Dataloading: 0.0027 s/iter. Inference: 0.2336 s/iter. Eval: 0.0750 s/iter. Total: 0.3114 s/iter. ETA=0:43:53
[08/06 18:07:50 d2.evaluation.evaluator]: Inference done 16463/24904. Dataloading: 0.0027 s/iter. Inference: 0.2336 s/iter. Eval: 0.0750 s/iter. Total: 0.3114 s/iter. ETA=0:43:48
[08/06 18:07:57 d2.evaluation.evaluator]: Inference done 16477/24904. Dataloading: 0.0027 s/iter. Inference: 0.2336 s/iter. Eval: 0.0750 s/iter. Total: 0.3114 s/iter. ETA=0:43:43
[08/06 18:08:02 d2.evaluation.evaluator]: Inference done 16494/24904. Dataloading: 0.0027 s/iter. Inference: 0.2336 s/iter. Eval: 0.0750 s/iter. Total: 0.3114 s/iter. ETA=0:43:38
[08/06 18:08:07 d2.evaluation.evaluator]: Inference done 16511/24904. Dataloading: 0.0027 s/iter. Inference: 0.2336 s/iter. Eval: 0.0750 s/iter. Total: 0.3114 s/iter. ETA=0:43:33
[08/06 18:08:13 d2.evaluation.evaluator]: Inference done 16528/24904. Dataloading: 0.0027 s/iter. Inference: 0.2336 s/iter. Eval: 0.0750 s/iter. Total: 0.3114 s/iter. ETA=0:43:27
[08/06 18:08:18 d2.evaluation.evaluator]: Inference done 16545/24904. Dataloading: 0.0027 s/iter. Inference: 0.2336 s/iter. Eval: 0.0750 s/iter. Total: 0.3113 s/iter. ETA=0:43:22
[08/06 18:08:23 d2.evaluation.evaluator]: Inference done 16562/24904. Dataloading: 0.0027 s/iter. Inference: 0.2336 s/iter. Eval: 0.0750 s/iter. Total: 0.3113 s/iter. ETA=0:43:17
[08/06 18:08:28 d2.evaluation.evaluator]: Inference done 16579/24904. Dataloading: 0.0027 s/iter. Inference: 0.2336 s/iter. Eval: 0.0750 s/iter. Total: 0.3113 s/iter. ETA=0:43:11
[08/06 18:08:34 d2.evaluation.evaluator]: Inference done 16590/24904. Dataloading: 0.0027 s/iter. Inference: 0.2336 s/iter. Eval: 0.0750 s/iter. Total: 0.3113 s/iter. ETA=0:43:08
[08/06 18:08:39 d2.evaluation.evaluator]: Inference done 16607/24904. Dataloading: 0.0027 s/iter. Inference: 0.2336 s/iter. Eval: 0.0750 s/iter. Total: 0.3113 s/iter. ETA=0:43:03
[08/06 18:08:44 d2.evaluation.evaluator]: Inference done 16624/24904. Dataloading: 0.0027 s/iter. Inference: 0.2336 s/iter. Eval: 0.0750 s/iter. Total: 0.3113 s/iter. ETA=0:42:57
[08/06 18:08:49 d2.evaluation.evaluator]: Inference done 16641/24904. Dataloading: 0.0027 s/iter. Inference: 0.2336 s/iter. Eval: 0.0750 s/iter. Total: 0.3113 s/iter. ETA=0:42:52
[08/06 18:08:55 d2.evaluation.evaluator]: Inference done 16658/24904. Dataloading: 0.0027 s/iter. Inference: 0.2336 s/iter. Eval: 0.0750 s/iter. Total: 0.3113 s/iter. ETA=0:42:47
[08/06 18:09:00 d2.evaluation.evaluator]: Inference done 16675/24904. Dataloading: 0.0027 s/iter. Inference: 0.2336 s/iter. Eval: 0.0750 s/iter. Total: 0.3113 s/iter. ETA=0:42:41
[08/06 18:09:06 d2.evaluation.evaluator]: Inference done 16689/24904. Dataloading: 0.0027 s/iter. Inference: 0.2336 s/iter. Eval: 0.0750 s/iter. Total: 0.3113 s/iter. ETA=0:42:37
[08/06 18:09:11 d2.evaluation.evaluator]: Inference done 16706/24904. Dataloading: 0.0027 s/iter. Inference: 0.2336 s/iter. Eval: 0.0750 s/iter. Total: 0.3113 s/iter. ETA=0:42:32
[08/06 18:09:16 d2.evaluation.evaluator]: Inference done 16723/24904. Dataloading: 0.0027 s/iter. Inference: 0.2336 s/iter. Eval: 0.0750 s/iter. Total: 0.3113 s/iter. ETA=0:42:26
[08/06 18:09:21 d2.evaluation.evaluator]: Inference done 16740/24904. Dataloading: 0.0027 s/iter. Inference: 0.2336 s/iter. Eval: 0.0749 s/iter. Total: 0.3113 s/iter. ETA=0:42:21
[08/06 18:09:26 d2.evaluation.evaluator]: Inference done 16757/24904. Dataloading: 0.0027 s/iter. Inference: 0.2336 s/iter. Eval: 0.0749 s/iter. Total: 0.3113 s/iter. ETA=0:42:16
[08/06 18:09:32 d2.evaluation.evaluator]: Inference done 16774/24904. Dataloading: 0.0027 s/iter. Inference: 0.2336 s/iter. Eval: 0.0749 s/iter. Total: 0.3113 s/iter. ETA=0:42:10
[08/06 18:09:37 d2.evaluation.evaluator]: Inference done 16791/24904. Dataloading: 0.0027 s/iter. Inference: 0.2336 s/iter. Eval: 0.0749 s/iter. Total: 0.3113 s/iter. ETA=0:42:05
[08/06 18:09:42 d2.evaluation.evaluator]: Inference done 16802/24904. Dataloading: 0.0027 s/iter. Inference: 0.2336 s/iter. Eval: 0.0749 s/iter. Total: 0.3113 s/iter. ETA=0:42:02
[08/06 18:09:47 d2.evaluation.evaluator]: Inference done 16819/24904. Dataloading: 0.0027 s/iter. Inference: 0.2336 s/iter. Eval: 0.0749 s/iter. Total: 0.3113 s/iter. ETA=0:41:56
[08/06 18:09:52 d2.evaluation.evaluator]: Inference done 16836/24904. Dataloading: 0.0027 s/iter. Inference: 0.2336 s/iter. Eval: 0.0749 s/iter. Total: 0.3113 s/iter. ETA=0:41:51
[08/06 18:09:58 d2.evaluation.evaluator]: Inference done 16853/24904. Dataloading: 0.0027 s/iter. Inference: 0.2336 s/iter. Eval: 0.0749 s/iter. Total: 0.3113 s/iter. ETA=0:41:46
[08/06 18:10:03 d2.evaluation.evaluator]: Inference done 16870/24904. Dataloading: 0.0027 s/iter. Inference: 0.2336 s/iter. Eval: 0.0749 s/iter. Total: 0.3113 s/iter. ETA=0:41:40
[08/06 18:10:08 d2.evaluation.evaluator]: Inference done 16887/24904. Dataloading: 0.0027 s/iter. Inference: 0.2336 s/iter. Eval: 0.0749 s/iter. Total: 0.3113 s/iter. ETA=0:41:35
[08/06 18:10:15 d2.evaluation.evaluator]: Inference done 16903/24904. Dataloading: 0.0027 s/iter. Inference: 0.2336 s/iter. Eval: 0.0749 s/iter. Total: 0.3113 s/iter. ETA=0:41:30
[08/06 18:10:20 d2.evaluation.evaluator]: Inference done 16920/24904. Dataloading: 0.0027 s/iter. Inference: 0.2336 s/iter. Eval: 0.0749 s/iter. Total: 0.3113 s/iter. ETA=0:41:25
[08/06 18:10:25 d2.evaluation.evaluator]: Inference done 16937/24904. Dataloading: 0.0027 s/iter. Inference: 0.2336 s/iter. Eval: 0.0749 s/iter. Total: 0.3113 s/iter. ETA=0:41:19
[08/06 18:10:31 d2.evaluation.evaluator]: Inference done 16954/24904. Dataloading: 0.0027 s/iter. Inference: 0.2336 s/iter. Eval: 0.0749 s/iter. Total: 0.3113 s/iter. ETA=0:41:14
[08/06 18:10:36 d2.evaluation.evaluator]: Inference done 16971/24904. Dataloading: 0.0027 s/iter. Inference: 0.2336 s/iter. Eval: 0.0749 s/iter. Total: 0.3113 s/iter. ETA=0:41:09
[08/06 18:10:41 d2.evaluation.evaluator]: Inference done 16988/24904. Dataloading: 0.0027 s/iter. Inference: 0.2336 s/iter. Eval: 0.0749 s/iter. Total: 0.3113 s/iter. ETA=0:41:03
[08/06 18:10:46 d2.evaluation.evaluator]: Inference done 17005/24904. Dataloading: 0.0027 s/iter. Inference: 0.2336 s/iter. Eval: 0.0749 s/iter. Total: 0.3113 s/iter. ETA=0:40:58
[08/06 18:10:51 d2.evaluation.evaluator]: Inference done 17016/24904. Dataloading: 0.0027 s/iter. Inference: 0.2336 s/iter. Eval: 0.0749 s/iter. Total: 0.3112 s/iter. ETA=0:40:55
[08/06 18:10:57 d2.evaluation.evaluator]: Inference done 17033/24904. Dataloading: 0.0027 s/iter. Inference: 0.2336 s/iter. Eval: 0.0749 s/iter. Total: 0.3112 s/iter. ETA=0:40:49
[08/06 18:11:02 d2.evaluation.evaluator]: Inference done 17050/24904. Dataloading: 0.0027 s/iter. Inference: 0.2336 s/iter. Eval: 0.0749 s/iter. Total: 0.3112 s/iter. ETA=0:40:44
[08/06 18:11:07 d2.evaluation.evaluator]: Inference done 17067/24904. Dataloading: 0.0027 s/iter. Inference: 0.2335 s/iter. Eval: 0.0749 s/iter. Total: 0.3112 s/iter. ETA=0:40:39
[08/06 18:11:12 d2.evaluation.evaluator]: Inference done 17084/24904. Dataloading: 0.0027 s/iter. Inference: 0.2335 s/iter. Eval: 0.0749 s/iter. Total: 0.3112 s/iter. ETA=0:40:33
[08/06 18:11:18 d2.evaluation.evaluator]: Inference done 17101/24904. Dataloading: 0.0027 s/iter. Inference: 0.2335 s/iter. Eval: 0.0749 s/iter. Total: 0.3112 s/iter. ETA=0:40:28
[08/06 18:11:24 d2.evaluation.evaluator]: Inference done 17115/24904. Dataloading: 0.0027 s/iter. Inference: 0.2335 s/iter. Eval: 0.0749 s/iter. Total: 0.3112 s/iter. ETA=0:40:24
[08/06 18:11:29 d2.evaluation.evaluator]: Inference done 17132/24904. Dataloading: 0.0027 s/iter. Inference: 0.2335 s/iter. Eval: 0.0749 s/iter. Total: 0.3112 s/iter. ETA=0:40:18
[08/06 18:11:34 d2.evaluation.evaluator]: Inference done 17149/24904. Dataloading: 0.0027 s/iter. Inference: 0.2335 s/iter. Eval: 0.0749 s/iter. Total: 0.3112 s/iter. ETA=0:40:13
[08/06 18:11:39 d2.evaluation.evaluator]: Inference done 17166/24904. Dataloading: 0.0027 s/iter. Inference: 0.2335 s/iter. Eval: 0.0749 s/iter. Total: 0.3112 s/iter. ETA=0:40:08
[08/06 18:11:45 d2.evaluation.evaluator]: Inference done 17183/24904. Dataloading: 0.0027 s/iter. Inference: 0.2335 s/iter. Eval: 0.0749 s/iter. Total: 0.3112 s/iter. ETA=0:40:02
[08/06 18:11:50 d2.evaluation.evaluator]: Inference done 17200/24904. Dataloading: 0.0027 s/iter. Inference: 0.2335 s/iter. Eval: 0.0749 s/iter. Total: 0.3112 s/iter. ETA=0:39:57
[08/06 18:11:55 d2.evaluation.evaluator]: Inference done 17217/24904. Dataloading: 0.0027 s/iter. Inference: 0.2335 s/iter. Eval: 0.0749 s/iter. Total: 0.3112 s/iter. ETA=0:39:52
[08/06 18:12:00 d2.evaluation.evaluator]: Inference done 17228/24904. Dataloading: 0.0027 s/iter. Inference: 0.2335 s/iter. Eval: 0.0749 s/iter. Total: 0.3112 s/iter. ETA=0:39:48
[08/06 18:12:05 d2.evaluation.evaluator]: Inference done 17245/24904. Dataloading: 0.0027 s/iter. Inference: 0.2335 s/iter. Eval: 0.0749 s/iter. Total: 0.3112 s/iter. ETA=0:39:43
[08/06 18:12:11 d2.evaluation.evaluator]: Inference done 17262/24904. Dataloading: 0.0027 s/iter. Inference: 0.2335 s/iter. Eval: 0.0749 s/iter. Total: 0.3112 s/iter. ETA=0:39:38
[08/06 18:12:16 d2.evaluation.evaluator]: Inference done 17279/24904. Dataloading: 0.0027 s/iter. Inference: 0.2335 s/iter. Eval: 0.0749 s/iter. Total: 0.3112 s/iter. ETA=0:39:32
[08/06 18:12:21 d2.evaluation.evaluator]: Inference done 17296/24904. Dataloading: 0.0027 s/iter. Inference: 0.2335 s/iter. Eval: 0.0749 s/iter. Total: 0.3112 s/iter. ETA=0:39:27
[08/06 18:12:26 d2.evaluation.evaluator]: Inference done 17312/24904. Dataloading: 0.0027 s/iter. Inference: 0.2335 s/iter. Eval: 0.0749 s/iter. Total: 0.3112 s/iter. ETA=0:39:22
[08/06 18:12:33 d2.evaluation.evaluator]: Inference done 17327/24904. Dataloading: 0.0027 s/iter. Inference: 0.2335 s/iter. Eval: 0.0749 s/iter. Total: 0.3112 s/iter. ETA=0:39:18
[08/06 18:12:38 d2.evaluation.evaluator]: Inference done 17343/24904. Dataloading: 0.0027 s/iter. Inference: 0.2335 s/iter. Eval: 0.0749 s/iter. Total: 0.3112 s/iter. ETA=0:39:13
[08/06 18:12:43 d2.evaluation.evaluator]: Inference done 17359/24904. Dataloading: 0.0027 s/iter. Inference: 0.2335 s/iter. Eval: 0.0749 s/iter. Total: 0.3112 s/iter. ETA=0:39:08
[08/06 18:12:48 d2.evaluation.evaluator]: Inference done 17375/24904. Dataloading: 0.0027 s/iter. Inference: 0.2335 s/iter. Eval: 0.0749 s/iter. Total: 0.3112 s/iter. ETA=0:39:03
[08/06 18:12:53 d2.evaluation.evaluator]: Inference done 17391/24904. Dataloading: 0.0027 s/iter. Inference: 0.2335 s/iter. Eval: 0.0749 s/iter. Total: 0.3112 s/iter. ETA=0:38:58
[08/06 18:12:58 d2.evaluation.evaluator]: Inference done 17407/24904. Dataloading: 0.0027 s/iter. Inference: 0.2335 s/iter. Eval: 0.0749 s/iter. Total: 0.3112 s/iter. ETA=0:38:53
[08/06 18:13:03 d2.evaluation.evaluator]: Inference done 17423/24904. Dataloading: 0.0027 s/iter. Inference: 0.2335 s/iter. Eval: 0.0749 s/iter. Total: 0.3112 s/iter. ETA=0:38:48
[08/06 18:13:08 d2.evaluation.evaluator]: Inference done 17434/24904. Dataloading: 0.0027 s/iter. Inference: 0.2335 s/iter. Eval: 0.0749 s/iter. Total: 0.3112 s/iter. ETA=0:38:44
[08/06 18:13:13 d2.evaluation.evaluator]: Inference done 17450/24904. Dataloading: 0.0027 s/iter. Inference: 0.2335 s/iter. Eval: 0.0749 s/iter. Total: 0.3112 s/iter. ETA=0:38:39
[08/06 18:13:18 d2.evaluation.evaluator]: Inference done 17466/24904. Dataloading: 0.0027 s/iter. Inference: 0.2335 s/iter. Eval: 0.0749 s/iter. Total: 0.3112 s/iter. ETA=0:38:34
[08/06 18:13:23 d2.evaluation.evaluator]: Inference done 17482/24904. Dataloading: 0.0027 s/iter. Inference: 0.2335 s/iter. Eval: 0.0749 s/iter. Total: 0.3112 s/iter. ETA=0:38:30
[08/06 18:13:28 d2.evaluation.evaluator]: Inference done 17498/24904. Dataloading: 0.0027 s/iter. Inference: 0.2335 s/iter. Eval: 0.0749 s/iter. Total: 0.3112 s/iter. ETA=0:38:25
[08/06 18:13:33 d2.evaluation.evaluator]: Inference done 17514/24904. Dataloading: 0.0027 s/iter. Inference: 0.2335 s/iter. Eval: 0.0749 s/iter. Total: 0.3113 s/iter. ETA=0:38:20
[08/06 18:13:39 d2.evaluation.evaluator]: Inference done 17530/24904. Dataloading: 0.0027 s/iter. Inference: 0.2335 s/iter. Eval: 0.0749 s/iter. Total: 0.3113 s/iter. ETA=0:38:15
[08/06 18:13:44 d2.evaluation.evaluator]: Inference done 17541/24904. Dataloading: 0.0027 s/iter. Inference: 0.2335 s/iter. Eval: 0.0749 s/iter. Total: 0.3113 s/iter. ETA=0:38:11
[08/06 18:13:49 d2.evaluation.evaluator]: Inference done 17557/24904. Dataloading: 0.0027 s/iter. Inference: 0.2335 s/iter. Eval: 0.0750 s/iter. Total: 0.3113 s/iter. ETA=0:38:06
[08/06 18:13:54 d2.evaluation.evaluator]: Inference done 17573/24904. Dataloading: 0.0027 s/iter. Inference: 0.2335 s/iter. Eval: 0.0750 s/iter. Total: 0.3113 s/iter. ETA=0:38:01
[08/06 18:13:59 d2.evaluation.evaluator]: Inference done 17589/24904. Dataloading: 0.0027 s/iter. Inference: 0.2335 s/iter. Eval: 0.0750 s/iter. Total: 0.3113 s/iter. ETA=0:37:57
[08/06 18:14:04 d2.evaluation.evaluator]: Inference done 17605/24904. Dataloading: 0.0027 s/iter. Inference: 0.2335 s/iter. Eval: 0.0750 s/iter. Total: 0.3113 s/iter. ETA=0:37:52
[08/06 18:14:09 d2.evaluation.evaluator]: Inference done 17622/24904. Dataloading: 0.0027 s/iter. Inference: 0.2335 s/iter. Eval: 0.0750 s/iter. Total: 0.3113 s/iter. ETA=0:37:46
[08/06 18:14:16 d2.evaluation.evaluator]: Inference done 17639/24904. Dataloading: 0.0027 s/iter. Inference: 0.2335 s/iter. Eval: 0.0750 s/iter. Total: 0.3113 s/iter. ETA=0:37:41
[08/06 18:14:21 d2.evaluation.evaluator]: Inference done 17655/24904. Dataloading: 0.0027 s/iter. Inference: 0.2335 s/iter. Eval: 0.0750 s/iter. Total: 0.3113 s/iter. ETA=0:37:36
[08/06 18:14:26 d2.evaluation.evaluator]: Inference done 17671/24904. Dataloading: 0.0027 s/iter. Inference: 0.2335 s/iter. Eval: 0.0750 s/iter. Total: 0.3113 s/iter. ETA=0:37:31
[08/06 18:14:31 d2.evaluation.evaluator]: Inference done 17687/24904. Dataloading: 0.0027 s/iter. Inference: 0.2335 s/iter. Eval: 0.0750 s/iter. Total: 0.3113 s/iter. ETA=0:37:26
[08/06 18:14:36 d2.evaluation.evaluator]: Inference done 17703/24904. Dataloading: 0.0027 s/iter. Inference: 0.2335 s/iter. Eval: 0.0750 s/iter. Total: 0.3113 s/iter. ETA=0:37:21
[08/06 18:14:41 d2.evaluation.evaluator]: Inference done 17719/24904. Dataloading: 0.0027 s/iter. Inference: 0.2335 s/iter. Eval: 0.0750 s/iter. Total: 0.3113 s/iter. ETA=0:37:16
[08/06 18:14:46 d2.evaluation.evaluator]: Inference done 17735/24904. Dataloading: 0.0027 s/iter. Inference: 0.2335 s/iter. Eval: 0.0750 s/iter. Total: 0.3113 s/iter. ETA=0:37:11
[08/06 18:14:51 d2.evaluation.evaluator]: Inference done 17746/24904. Dataloading: 0.0027 s/iter. Inference: 0.2335 s/iter. Eval: 0.0750 s/iter. Total: 0.3113 s/iter. ETA=0:37:08
[08/06 18:14:57 d2.evaluation.evaluator]: Inference done 17763/24904. Dataloading: 0.0027 s/iter. Inference: 0.2335 s/iter. Eval: 0.0750 s/iter. Total: 0.3113 s/iter. ETA=0:37:02
[08/06 18:15:02 d2.evaluation.evaluator]: Inference done 17779/24904. Dataloading: 0.0027 s/iter. Inference: 0.2335 s/iter. Eval: 0.0750 s/iter. Total: 0.3113 s/iter. ETA=0:36:57
[08/06 18:15:07 d2.evaluation.evaluator]: Inference done 17795/24904. Dataloading: 0.0027 s/iter. Inference: 0.2335 s/iter. Eval: 0.0750 s/iter. Total: 0.3113 s/iter. ETA=0:36:53
[08/06 18:15:12 d2.evaluation.evaluator]: Inference done 17811/24904. Dataloading: 0.0027 s/iter. Inference: 0.2335 s/iter. Eval: 0.0750 s/iter. Total: 0.3113 s/iter. ETA=0:36:48
[08/06 18:15:17 d2.evaluation.evaluator]: Inference done 17827/24904. Dataloading: 0.0027 s/iter. Inference: 0.2335 s/iter. Eval: 0.0750 s/iter. Total: 0.3113 s/iter. ETA=0:36:43
[08/06 18:15:22 d2.evaluation.evaluator]: Inference done 17843/24904. Dataloading: 0.0027 s/iter. Inference: 0.2335 s/iter. Eval: 0.0750 s/iter. Total: 0.3113 s/iter. ETA=0:36:38
[08/06 18:15:27 d2.evaluation.evaluator]: Inference done 17854/24904. Dataloading: 0.0027 s/iter. Inference: 0.2335 s/iter. Eval: 0.0750 s/iter. Total: 0.3113 s/iter. ETA=0:36:34
[08/06 18:15:33 d2.evaluation.evaluator]: Inference done 17870/24904. Dataloading: 0.0027 s/iter. Inference: 0.2335 s/iter. Eval: 0.0750 s/iter. Total: 0.3113 s/iter. ETA=0:36:29
[08/06 18:15:38 d2.evaluation.evaluator]: Inference done 17886/24904. Dataloading: 0.0027 s/iter. Inference: 0.2335 s/iter. Eval: 0.0750 s/iter. Total: 0.3113 s/iter. ETA=0:36:25
[08/06 18:15:43 d2.evaluation.evaluator]: Inference done 17902/24904. Dataloading: 0.0027 s/iter. Inference: 0.2335 s/iter. Eval: 0.0750 s/iter. Total: 0.3114 s/iter. ETA=0:36:20
[08/06 18:15:48 d2.evaluation.evaluator]: Inference done 17917/24904. Dataloading: 0.0027 s/iter. Inference: 0.2335 s/iter. Eval: 0.0751 s/iter. Total: 0.3114 s/iter. ETA=0:36:15
[08/06 18:15:53 d2.evaluation.evaluator]: Inference done 17933/24904. Dataloading: 0.0027 s/iter. Inference: 0.2335 s/iter. Eval: 0.0751 s/iter. Total: 0.3114 s/iter. ETA=0:36:10
[08/06 18:15:59 d2.evaluation.evaluator]: Inference done 17947/24904. Dataloading: 0.0027 s/iter. Inference: 0.2335 s/iter. Eval: 0.0751 s/iter. Total: 0.3114 s/iter. ETA=0:36:06
[08/06 18:16:04 d2.evaluation.evaluator]: Inference done 17963/24904. Dataloading: 0.0027 s/iter. Inference: 0.2335 s/iter. Eval: 0.0751 s/iter. Total: 0.3114 s/iter. ETA=0:36:01
[08/06 18:16:09 d2.evaluation.evaluator]: Inference done 17979/24904. Dataloading: 0.0027 s/iter. Inference: 0.2335 s/iter. Eval: 0.0751 s/iter. Total: 0.3114 s/iter. ETA=0:35:56
[08/06 18:16:15 d2.evaluation.evaluator]: Inference done 17995/24904. Dataloading: 0.0027 s/iter. Inference: 0.2335 s/iter. Eval: 0.0751 s/iter. Total: 0.3114 s/iter. ETA=0:35:51
[08/06 18:16:20 d2.evaluation.evaluator]: Inference done 18011/24904. Dataloading: 0.0027 s/iter. Inference: 0.2335 s/iter. Eval: 0.0751 s/iter. Total: 0.3114 s/iter. ETA=0:35:46
[08/06 18:16:25 d2.evaluation.evaluator]: Inference done 18027/24904. Dataloading: 0.0027 s/iter. Inference: 0.2335 s/iter. Eval: 0.0751 s/iter. Total: 0.3114 s/iter. ETA=0:35:41
[08/06 18:16:30 d2.evaluation.evaluator]: Inference done 18043/24904. Dataloading: 0.0027 s/iter. Inference: 0.2335 s/iter. Eval: 0.0751 s/iter. Total: 0.3115 s/iter. ETA=0:35:36
[08/06 18:16:35 d2.evaluation.evaluator]: Inference done 18054/24904. Dataloading: 0.0027 s/iter. Inference: 0.2335 s/iter. Eval: 0.0751 s/iter. Total: 0.3114 s/iter. ETA=0:35:33
[08/06 18:16:40 d2.evaluation.evaluator]: Inference done 18071/24904. Dataloading: 0.0027 s/iter. Inference: 0.2335 s/iter. Eval: 0.0751 s/iter. Total: 0.3114 s/iter. ETA=0:35:28
[08/06 18:16:45 d2.evaluation.evaluator]: Inference done 18087/24904. Dataloading: 0.0027 s/iter. Inference: 0.2335 s/iter. Eval: 0.0751 s/iter. Total: 0.3114 s/iter. ETA=0:35:23
[08/06 18:16:50 d2.evaluation.evaluator]: Inference done 18103/24904. Dataloading: 0.0027 s/iter. Inference: 0.2335 s/iter. Eval: 0.0751 s/iter. Total: 0.3115 s/iter. ETA=0:35:18
[08/06 18:16:56 d2.evaluation.evaluator]: Inference done 18118/24904. Dataloading: 0.0027 s/iter. Inference: 0.2335 s/iter. Eval: 0.0752 s/iter. Total: 0.3115 s/iter. ETA=0:35:13
[08/06 18:17:01 d2.evaluation.evaluator]: Inference done 18133/24904. Dataloading: 0.0027 s/iter. Inference: 0.2335 s/iter. Eval: 0.0752 s/iter. Total: 0.3115 s/iter. ETA=0:35:09
[08/06 18:17:06 d2.evaluation.evaluator]: Inference done 18149/24904. Dataloading: 0.0027 s/iter. Inference: 0.2335 s/iter. Eval: 0.0752 s/iter. Total: 0.3115 s/iter. ETA=0:35:04
[08/06 18:17:11 d2.evaluation.evaluator]: Inference done 18159/24904. Dataloading: 0.0027 s/iter. Inference: 0.2335 s/iter. Eval: 0.0752 s/iter. Total: 0.3115 s/iter. ETA=0:35:01
[08/06 18:17:16 d2.evaluation.evaluator]: Inference done 18176/24904. Dataloading: 0.0027 s/iter. Inference: 0.2335 s/iter. Eval: 0.0752 s/iter. Total: 0.3115 s/iter. ETA=0:34:55
[08/06 18:17:21 d2.evaluation.evaluator]: Inference done 18193/24904. Dataloading: 0.0027 s/iter. Inference: 0.2335 s/iter. Eval: 0.0752 s/iter. Total: 0.3115 s/iter. ETA=0:34:50
[08/06 18:17:26 d2.evaluation.evaluator]: Inference done 18209/24904. Dataloading: 0.0027 s/iter. Inference: 0.2335 s/iter. Eval: 0.0752 s/iter. Total: 0.3115 s/iter. ETA=0:34:45
[08/06 18:17:31 d2.evaluation.evaluator]: Inference done 18225/24904. Dataloading: 0.0027 s/iter. Inference: 0.2335 s/iter. Eval: 0.0752 s/iter. Total: 0.3115 s/iter. ETA=0:34:40
[08/06 18:17:36 d2.evaluation.evaluator]: Inference done 18241/24904. Dataloading: 0.0027 s/iter. Inference: 0.2335 s/iter. Eval: 0.0752 s/iter. Total: 0.3115 s/iter. ETA=0:34:35
[08/06 18:17:43 d2.evaluation.evaluator]: Inference done 18256/24904. Dataloading: 0.0027 s/iter. Inference: 0.2335 s/iter. Eval: 0.0752 s/iter. Total: 0.3115 s/iter. ETA=0:34:30
[08/06 18:17:48 d2.evaluation.evaluator]: Inference done 18272/24904. Dataloading: 0.0027 s/iter. Inference: 0.2335 s/iter. Eval: 0.0752 s/iter. Total: 0.3115 s/iter. ETA=0:34:25
[08/06 18:17:53 d2.evaluation.evaluator]: Inference done 18289/24904. Dataloading: 0.0027 s/iter. Inference: 0.2335 s/iter. Eval: 0.0752 s/iter. Total: 0.3115 s/iter. ETA=0:34:20
[08/06 18:17:58 d2.evaluation.evaluator]: Inference done 18306/24904. Dataloading: 0.0027 s/iter. Inference: 0.2335 s/iter. Eval: 0.0752 s/iter. Total: 0.3115 s/iter. ETA=0:34:15
[08/06 18:18:03 d2.evaluation.evaluator]: Inference done 18323/24904. Dataloading: 0.0027 s/iter. Inference: 0.2335 s/iter. Eval: 0.0752 s/iter. Total: 0.3115 s/iter. ETA=0:34:09
[08/06 18:18:09 d2.evaluation.evaluator]: Inference done 18340/24904. Dataloading: 0.0027 s/iter. Inference: 0.2335 s/iter. Eval: 0.0752 s/iter. Total: 0.3115 s/iter. ETA=0:34:04
[08/06 18:18:14 d2.evaluation.evaluator]: Inference done 18356/24904. Dataloading: 0.0027 s/iter. Inference: 0.2335 s/iter. Eval: 0.0752 s/iter. Total: 0.3115 s/iter. ETA=0:33:59
[08/06 18:18:19 d2.evaluation.evaluator]: Inference done 18366/24904. Dataloading: 0.0027 s/iter. Inference: 0.2335 s/iter. Eval: 0.0752 s/iter. Total: 0.3115 s/iter. ETA=0:33:56
[08/06 18:18:24 d2.evaluation.evaluator]: Inference done 18382/24904. Dataloading: 0.0027 s/iter. Inference: 0.2335 s/iter. Eval: 0.0752 s/iter. Total: 0.3115 s/iter. ETA=0:33:51
[08/06 18:18:29 d2.evaluation.evaluator]: Inference done 18399/24904. Dataloading: 0.0027 s/iter. Inference: 0.2335 s/iter. Eval: 0.0752 s/iter. Total: 0.3115 s/iter. ETA=0:33:46
[08/06 18:18:34 d2.evaluation.evaluator]: Inference done 18416/24904. Dataloading: 0.0027 s/iter. Inference: 0.2335 s/iter. Eval: 0.0752 s/iter. Total: 0.3115 s/iter. ETA=0:33:40
[08/06 18:18:39 d2.evaluation.evaluator]: Inference done 18433/24904. Dataloading: 0.0027 s/iter. Inference: 0.2335 s/iter. Eval: 0.0752 s/iter. Total: 0.3115 s/iter. ETA=0:33:35
[08/06 18:18:45 d2.evaluation.evaluator]: Inference done 18450/24904. Dataloading: 0.0027 s/iter. Inference: 0.2335 s/iter. Eval: 0.0752 s/iter. Total: 0.3115 s/iter. ETA=0:33:30
[08/06 18:18:50 d2.evaluation.evaluator]: Inference done 18466/24904. Dataloading: 0.0027 s/iter. Inference: 0.2335 s/iter. Eval: 0.0752 s/iter. Total: 0.3115 s/iter. ETA=0:33:25
[08/06 18:18:55 d2.evaluation.evaluator]: Inference done 18476/24904. Dataloading: 0.0027 s/iter. Inference: 0.2335 s/iter. Eval: 0.0752 s/iter. Total: 0.3115 s/iter. ETA=0:33:22
[08/06 18:19:00 d2.evaluation.evaluator]: Inference done 18493/24904. Dataloading: 0.0027 s/iter. Inference: 0.2335 s/iter. Eval: 0.0752 s/iter. Total: 0.3115 s/iter. ETA=0:33:17
[08/06 18:19:05 d2.evaluation.evaluator]: Inference done 18509/24904. Dataloading: 0.0027 s/iter. Inference: 0.2335 s/iter. Eval: 0.0752 s/iter. Total: 0.3115 s/iter. ETA=0:33:12
[08/06 18:19:11 d2.evaluation.evaluator]: Inference done 18526/24904. Dataloading: 0.0027 s/iter. Inference: 0.2335 s/iter. Eval: 0.0752 s/iter. Total: 0.3115 s/iter. ETA=0:33:06
[08/06 18:19:16 d2.evaluation.evaluator]: Inference done 18543/24904. Dataloading: 0.0027 s/iter. Inference: 0.2335 s/iter. Eval: 0.0752 s/iter. Total: 0.3115 s/iter. ETA=0:33:01
[08/06 18:19:21 d2.evaluation.evaluator]: Inference done 18560/24904. Dataloading: 0.0027 s/iter. Inference: 0.2335 s/iter. Eval: 0.0752 s/iter. Total: 0.3115 s/iter. ETA=0:32:56
[08/06 18:19:27 d2.evaluation.evaluator]: Inference done 18572/24904. Dataloading: 0.0027 s/iter. Inference: 0.2335 s/iter. Eval: 0.0752 s/iter. Total: 0.3115 s/iter. ETA=0:32:52
[08/06 18:19:32 d2.evaluation.evaluator]: Inference done 18589/24904. Dataloading: 0.0027 s/iter. Inference: 0.2335 s/iter. Eval: 0.0752 s/iter. Total: 0.3115 s/iter. ETA=0:32:47
[08/06 18:19:37 d2.evaluation.evaluator]: Inference done 18606/24904. Dataloading: 0.0027 s/iter. Inference: 0.2335 s/iter. Eval: 0.0752 s/iter. Total: 0.3115 s/iter. ETA=0:32:41
[08/06 18:19:42 d2.evaluation.evaluator]: Inference done 18623/24904. Dataloading: 0.0027 s/iter. Inference: 0.2335 s/iter. Eval: 0.0752 s/iter. Total: 0.3115 s/iter. ETA=0:32:36
[08/06 18:19:48 d2.evaluation.evaluator]: Inference done 18640/24904. Dataloading: 0.0027 s/iter. Inference: 0.2335 s/iter. Eval: 0.0752 s/iter. Total: 0.3115 s/iter. ETA=0:32:31
[08/06 18:19:53 d2.evaluation.evaluator]: Inference done 18657/24904. Dataloading: 0.0027 s/iter. Inference: 0.2335 s/iter. Eval: 0.0752 s/iter. Total: 0.3115 s/iter. ETA=0:32:25
[08/06 18:19:58 d2.evaluation.evaluator]: Inference done 18673/24904. Dataloading: 0.0027 s/iter. Inference: 0.2335 s/iter. Eval: 0.0752 s/iter. Total: 0.3115 s/iter. ETA=0:32:20
[08/06 18:20:03 d2.evaluation.evaluator]: Inference done 18683/24904. Dataloading: 0.0027 s/iter. Inference: 0.2335 s/iter. Eval: 0.0752 s/iter. Total: 0.3115 s/iter. ETA=0:32:17
[08/06 18:20:08 d2.evaluation.evaluator]: Inference done 18700/24904. Dataloading: 0.0027 s/iter. Inference: 0.2335 s/iter. Eval: 0.0752 s/iter. Total: 0.3115 s/iter. ETA=0:32:12
[08/06 18:20:13 d2.evaluation.evaluator]: Inference done 18717/24904. Dataloading: 0.0027 s/iter. Inference: 0.2335 s/iter. Eval: 0.0752 s/iter. Total: 0.3115 s/iter. ETA=0:32:07
[08/06 18:20:18 d2.evaluation.evaluator]: Inference done 18734/24904. Dataloading: 0.0027 s/iter. Inference: 0.2335 s/iter. Eval: 0.0752 s/iter. Total: 0.3115 s/iter. ETA=0:32:01
[08/06 18:20:24 d2.evaluation.evaluator]: Inference done 18751/24904. Dataloading: 0.0027 s/iter. Inference: 0.2335 s/iter. Eval: 0.0752 s/iter. Total: 0.3115 s/iter. ETA=0:31:56
[08/06 18:20:29 d2.evaluation.evaluator]: Inference done 18768/24904. Dataloading: 0.0027 s/iter. Inference: 0.2335 s/iter. Eval: 0.0752 s/iter. Total: 0.3115 s/iter. ETA=0:31:51
[08/06 18:20:36 d2.evaluation.evaluator]: Inference done 18783/24904. Dataloading: 0.0027 s/iter. Inference: 0.2335 s/iter. Eval: 0.0752 s/iter. Total: 0.3115 s/iter. ETA=0:31:46
[08/06 18:20:41 d2.evaluation.evaluator]: Inference done 18800/24904. Dataloading: 0.0027 s/iter. Inference: 0.2335 s/iter. Eval: 0.0752 s/iter. Total: 0.3115 s/iter. ETA=0:31:41
[08/06 18:20:46 d2.evaluation.evaluator]: Inference done 18817/24904. Dataloading: 0.0027 s/iter. Inference: 0.2335 s/iter. Eval: 0.0752 s/iter. Total: 0.3115 s/iter. ETA=0:31:35
[08/06 18:20:51 d2.evaluation.evaluator]: Inference done 18834/24904. Dataloading: 0.0027 s/iter. Inference: 0.2335 s/iter. Eval: 0.0752 s/iter. Total: 0.3115 s/iter. ETA=0:31:30
[08/06 18:20:57 d2.evaluation.evaluator]: Inference done 18851/24904. Dataloading: 0.0027 s/iter. Inference: 0.2335 s/iter. Eval: 0.0752 s/iter. Total: 0.3115 s/iter. ETA=0:31:25
[08/06 18:21:02 d2.evaluation.evaluator]: Inference done 18867/24904. Dataloading: 0.0027 s/iter. Inference: 0.2335 s/iter. Eval: 0.0752 s/iter. Total: 0.3115 s/iter. ETA=0:31:20
[08/06 18:21:07 d2.evaluation.evaluator]: Inference done 18882/24904. Dataloading: 0.0027 s/iter. Inference: 0.2335 s/iter. Eval: 0.0752 s/iter. Total: 0.3115 s/iter. ETA=0:31:15
[08/06 18:21:12 d2.evaluation.evaluator]: Inference done 18892/24904. Dataloading: 0.0027 s/iter. Inference: 0.2335 s/iter. Eval: 0.0752 s/iter. Total: 0.3115 s/iter. ETA=0:31:12
[08/06 18:21:17 d2.evaluation.evaluator]: Inference done 18908/24904. Dataloading: 0.0027 s/iter. Inference: 0.2335 s/iter. Eval: 0.0752 s/iter. Total: 0.3115 s/iter. ETA=0:31:07
[08/06 18:21:22 d2.evaluation.evaluator]: Inference done 18924/24904. Dataloading: 0.0027 s/iter. Inference: 0.2335 s/iter. Eval: 0.0752 s/iter. Total: 0.3115 s/iter. ETA=0:31:02
[08/06 18:21:27 d2.evaluation.evaluator]: Inference done 18940/24904. Dataloading: 0.0027 s/iter. Inference: 0.2335 s/iter. Eval: 0.0752 s/iter. Total: 0.3115 s/iter. ETA=0:30:57
[08/06 18:21:33 d2.evaluation.evaluator]: Inference done 18957/24904. Dataloading: 0.0027 s/iter. Inference: 0.2335 s/iter. Eval: 0.0752 s/iter. Total: 0.3115 s/iter. ETA=0:30:52
[08/06 18:21:38 d2.evaluation.evaluator]: Inference done 18974/24904. Dataloading: 0.0027 s/iter. Inference: 0.2335 s/iter. Eval: 0.0752 s/iter. Total: 0.3115 s/iter. ETA=0:30:47
[08/06 18:21:43 d2.evaluation.evaluator]: Inference done 18991/24904. Dataloading: 0.0027 s/iter. Inference: 0.2335 s/iter. Eval: 0.0752 s/iter. Total: 0.3115 s/iter. ETA=0:30:41
[08/06 18:21:48 d2.evaluation.evaluator]: Inference done 19002/24904. Dataloading: 0.0027 s/iter. Inference: 0.2335 s/iter. Eval: 0.0752 s/iter. Total: 0.3115 s/iter. ETA=0:30:38
[08/06 18:21:53 d2.evaluation.evaluator]: Inference done 19019/24904. Dataloading: 0.0027 s/iter. Inference: 0.2335 s/iter. Eval: 0.0752 s/iter. Total: 0.3115 s/iter. ETA=0:30:33
[08/06 18:21:59 d2.evaluation.evaluator]: Inference done 19036/24904. Dataloading: 0.0027 s/iter. Inference: 0.2335 s/iter. Eval: 0.0752 s/iter. Total: 0.3115 s/iter. ETA=0:30:27
[08/06 18:22:04 d2.evaluation.evaluator]: Inference done 19053/24904. Dataloading: 0.0027 s/iter. Inference: 0.2335 s/iter. Eval: 0.0752 s/iter. Total: 0.3115 s/iter. ETA=0:30:22
[08/06 18:22:09 d2.evaluation.evaluator]: Inference done 19070/24904. Dataloading: 0.0027 s/iter. Inference: 0.2335 s/iter. Eval: 0.0752 s/iter. Total: 0.3115 s/iter. ETA=0:30:17
[08/06 18:22:14 d2.evaluation.evaluator]: Inference done 19087/24904. Dataloading: 0.0027 s/iter. Inference: 0.2335 s/iter. Eval: 0.0752 s/iter. Total: 0.3115 s/iter. ETA=0:30:11
[08/06 18:22:20 d2.evaluation.evaluator]: Inference done 19098/24904. Dataloading: 0.0027 s/iter. Inference: 0.2335 s/iter. Eval: 0.0752 s/iter. Total: 0.3115 s/iter. ETA=0:30:08
[08/06 18:22:25 d2.evaluation.evaluator]: Inference done 19115/24904. Dataloading: 0.0027 s/iter. Inference: 0.2335 s/iter. Eval: 0.0752 s/iter. Total: 0.3115 s/iter. ETA=0:30:03
[08/06 18:22:30 d2.evaluation.evaluator]: Inference done 19132/24904. Dataloading: 0.0027 s/iter. Inference: 0.2335 s/iter. Eval: 0.0752 s/iter. Total: 0.3115 s/iter. ETA=0:29:57
[08/06 18:22:35 d2.evaluation.evaluator]: Inference done 19148/24904. Dataloading: 0.0027 s/iter. Inference: 0.2335 s/iter. Eval: 0.0752 s/iter. Total: 0.3115 s/iter. ETA=0:29:52
[08/06 18:22:40 d2.evaluation.evaluator]: Inference done 19164/24904. Dataloading: 0.0027 s/iter. Inference: 0.2335 s/iter. Eval: 0.0752 s/iter. Total: 0.3115 s/iter. ETA=0:29:48
[08/06 18:22:46 d2.evaluation.evaluator]: Inference done 19181/24904. Dataloading: 0.0027 s/iter. Inference: 0.2335 s/iter. Eval: 0.0752 s/iter. Total: 0.3115 s/iter. ETA=0:29:42
[08/06 18:22:51 d2.evaluation.evaluator]: Inference done 19198/24904. Dataloading: 0.0027 s/iter. Inference: 0.2335 s/iter. Eval: 0.0752 s/iter. Total: 0.3115 s/iter. ETA=0:29:37
[08/06 18:22:56 d2.evaluation.evaluator]: Inference done 19209/24904. Dataloading: 0.0027 s/iter. Inference: 0.2335 s/iter. Eval: 0.0752 s/iter. Total: 0.3115 s/iter. ETA=0:29:34
[08/06 18:23:01 d2.evaluation.evaluator]: Inference done 19226/24904. Dataloading: 0.0027 s/iter. Inference: 0.2335 s/iter. Eval: 0.0752 s/iter. Total: 0.3115 s/iter. ETA=0:29:28
[08/06 18:23:06 d2.evaluation.evaluator]: Inference done 19242/24904. Dataloading: 0.0027 s/iter. Inference: 0.2335 s/iter. Eval: 0.0752 s/iter. Total: 0.3115 s/iter. ETA=0:29:23
[08/06 18:23:12 d2.evaluation.evaluator]: Inference done 19259/24904. Dataloading: 0.0027 s/iter. Inference: 0.2335 s/iter. Eval: 0.0752 s/iter. Total: 0.3115 s/iter. ETA=0:29:18
[08/06 18:23:17 d2.evaluation.evaluator]: Inference done 19276/24904. Dataloading: 0.0027 s/iter. Inference: 0.2335 s/iter. Eval: 0.0752 s/iter. Total: 0.3115 s/iter. ETA=0:29:13
[08/06 18:23:22 d2.evaluation.evaluator]: Inference done 19293/24904. Dataloading: 0.0027 s/iter. Inference: 0.2335 s/iter. Eval: 0.0752 s/iter. Total: 0.3115 s/iter. ETA=0:29:07
[08/06 18:23:28 d2.evaluation.evaluator]: Inference done 19308/24904. Dataloading: 0.0027 s/iter. Inference: 0.2335 s/iter. Eval: 0.0752 s/iter. Total: 0.3115 s/iter. ETA=0:29:03
[08/06 18:23:34 d2.evaluation.evaluator]: Inference done 19325/24904. Dataloading: 0.0027 s/iter. Inference: 0.2335 s/iter. Eval: 0.0752 s/iter. Total: 0.3115 s/iter. ETA=0:28:57
[08/06 18:23:39 d2.evaluation.evaluator]: Inference done 19342/24904. Dataloading: 0.0027 s/iter. Inference: 0.2335 s/iter. Eval: 0.0752 s/iter. Total: 0.3115 s/iter. ETA=0:28:52
[08/06 18:23:44 d2.evaluation.evaluator]: Inference done 19359/24904. Dataloading: 0.0027 s/iter. Inference: 0.2335 s/iter. Eval: 0.0752 s/iter. Total: 0.3115 s/iter. ETA=0:28:47
[08/06 18:23:49 d2.evaluation.evaluator]: Inference done 19376/24904. Dataloading: 0.0027 s/iter. Inference: 0.2335 s/iter. Eval: 0.0752 s/iter. Total: 0.3115 s/iter. ETA=0:28:41
[08/06 18:23:55 d2.evaluation.evaluator]: Inference done 19393/24904. Dataloading: 0.0027 s/iter. Inference: 0.2335 s/iter. Eval: 0.0752 s/iter. Total: 0.3115 s/iter. ETA=0:28:36
[08/06 18:24:00 d2.evaluation.evaluator]: Inference done 19410/24904. Dataloading: 0.0027 s/iter. Inference: 0.2335 s/iter. Eval: 0.0752 s/iter. Total: 0.3115 s/iter. ETA=0:28:31
[08/06 18:24:05 d2.evaluation.evaluator]: Inference done 19421/24904. Dataloading: 0.0027 s/iter. Inference: 0.2335 s/iter. Eval: 0.0752 s/iter. Total: 0.3115 s/iter. ETA=0:28:27
[08/06 18:24:10 d2.evaluation.evaluator]: Inference done 19438/24904. Dataloading: 0.0027 s/iter. Inference: 0.2335 s/iter. Eval: 0.0752 s/iter. Total: 0.3115 s/iter. ETA=0:28:22
[08/06 18:24:16 d2.evaluation.evaluator]: Inference done 19455/24904. Dataloading: 0.0027 s/iter. Inference: 0.2335 s/iter. Eval: 0.0752 s/iter. Total: 0.3115 s/iter. ETA=0:28:17
[08/06 18:24:21 d2.evaluation.evaluator]: Inference done 19472/24904. Dataloading: 0.0027 s/iter. Inference: 0.2335 s/iter. Eval: 0.0752 s/iter. Total: 0.3115 s/iter. ETA=0:28:11
[08/06 18:24:26 d2.evaluation.evaluator]: Inference done 19489/24904. Dataloading: 0.0027 s/iter. Inference: 0.2335 s/iter. Eval: 0.0752 s/iter. Total: 0.3115 s/iter. ETA=0:28:06
[08/06 18:24:31 d2.evaluation.evaluator]: Inference done 19506/24904. Dataloading: 0.0027 s/iter. Inference: 0.2335 s/iter. Eval: 0.0752 s/iter. Total: 0.3115 s/iter. ETA=0:28:01
[08/06 18:24:38 d2.evaluation.evaluator]: Inference done 19521/24904. Dataloading: 0.0027 s/iter. Inference: 0.2335 s/iter. Eval: 0.0752 s/iter. Total: 0.3115 s/iter. ETA=0:27:56
[08/06 18:24:43 d2.evaluation.evaluator]: Inference done 19538/24904. Dataloading: 0.0027 s/iter. Inference: 0.2334 s/iter. Eval: 0.0752 s/iter. Total: 0.3115 s/iter. ETA=0:27:51
[08/06 18:24:48 d2.evaluation.evaluator]: Inference done 19555/24904. Dataloading: 0.0027 s/iter. Inference: 0.2334 s/iter. Eval: 0.0752 s/iter. Total: 0.3115 s/iter. ETA=0:27:45
[08/06 18:24:53 d2.evaluation.evaluator]: Inference done 19572/24904. Dataloading: 0.0027 s/iter. Inference: 0.2334 s/iter. Eval: 0.0752 s/iter. Total: 0.3115 s/iter. ETA=0:27:40
[08/06 18:24:59 d2.evaluation.evaluator]: Inference done 19589/24904. Dataloading: 0.0027 s/iter. Inference: 0.2334 s/iter. Eval: 0.0752 s/iter. Total: 0.3114 s/iter. ETA=0:27:35
[08/06 18:25:04 d2.evaluation.evaluator]: Inference done 19606/24904. Dataloading: 0.0027 s/iter. Inference: 0.2334 s/iter. Eval: 0.0752 s/iter. Total: 0.3114 s/iter. ETA=0:27:30
[08/06 18:25:09 d2.evaluation.evaluator]: Inference done 19623/24904. Dataloading: 0.0027 s/iter. Inference: 0.2334 s/iter. Eval: 0.0752 s/iter. Total: 0.3114 s/iter. ETA=0:27:24
[08/06 18:25:14 d2.evaluation.evaluator]: Inference done 19634/24904. Dataloading: 0.0027 s/iter. Inference: 0.2334 s/iter. Eval: 0.0752 s/iter. Total: 0.3114 s/iter. ETA=0:27:21
[08/06 18:25:19 d2.evaluation.evaluator]: Inference done 19650/24904. Dataloading: 0.0027 s/iter. Inference: 0.2334 s/iter. Eval: 0.0752 s/iter. Total: 0.3114 s/iter. ETA=0:27:16
[08/06 18:25:24 d2.evaluation.evaluator]: Inference done 19666/24904. Dataloading: 0.0027 s/iter. Inference: 0.2334 s/iter. Eval: 0.0752 s/iter. Total: 0.3115 s/iter. ETA=0:27:11
[08/06 18:25:29 d2.evaluation.evaluator]: Inference done 19682/24904. Dataloading: 0.0027 s/iter. Inference: 0.2334 s/iter. Eval: 0.0752 s/iter. Total: 0.3115 s/iter. ETA=0:27:06
[08/06 18:25:35 d2.evaluation.evaluator]: Inference done 19699/24904. Dataloading: 0.0027 s/iter. Inference: 0.2334 s/iter. Eval: 0.0752 s/iter. Total: 0.3115 s/iter. ETA=0:27:01
[08/06 18:25:40 d2.evaluation.evaluator]: Inference done 19716/24904. Dataloading: 0.0027 s/iter. Inference: 0.2334 s/iter. Eval: 0.0752 s/iter. Total: 0.3114 s/iter. ETA=0:26:55
[08/06 18:25:47 d2.evaluation.evaluator]: Inference done 19732/24904. Dataloading: 0.0027 s/iter. Inference: 0.2334 s/iter. Eval: 0.0752 s/iter. Total: 0.3114 s/iter. ETA=0:26:50
[08/06 18:25:52 d2.evaluation.evaluator]: Inference done 19749/24904. Dataloading: 0.0027 s/iter. Inference: 0.2334 s/iter. Eval: 0.0752 s/iter. Total: 0.3114 s/iter. ETA=0:26:45
[08/06 18:25:57 d2.evaluation.evaluator]: Inference done 19766/24904. Dataloading: 0.0027 s/iter. Inference: 0.2334 s/iter. Eval: 0.0752 s/iter. Total: 0.3114 s/iter. ETA=0:26:40
[08/06 18:26:02 d2.evaluation.evaluator]: Inference done 19783/24904. Dataloading: 0.0027 s/iter. Inference: 0.2334 s/iter. Eval: 0.0752 s/iter. Total: 0.3114 s/iter. ETA=0:26:34
[08/06 18:26:08 d2.evaluation.evaluator]: Inference done 19800/24904. Dataloading: 0.0027 s/iter. Inference: 0.2334 s/iter. Eval: 0.0752 s/iter. Total: 0.3114 s/iter. ETA=0:26:29
[08/06 18:26:13 d2.evaluation.evaluator]: Inference done 19817/24904. Dataloading: 0.0027 s/iter. Inference: 0.2334 s/iter. Eval: 0.0752 s/iter. Total: 0.3114 s/iter. ETA=0:26:24
[08/06 18:26:18 d2.evaluation.evaluator]: Inference done 19834/24904. Dataloading: 0.0027 s/iter. Inference: 0.2334 s/iter. Eval: 0.0752 s/iter. Total: 0.3114 s/iter. ETA=0:26:18
[08/06 18:26:23 d2.evaluation.evaluator]: Inference done 19845/24904. Dataloading: 0.0027 s/iter. Inference: 0.2334 s/iter. Eval: 0.0752 s/iter. Total: 0.3114 s/iter. ETA=0:26:15
[08/06 18:26:28 d2.evaluation.evaluator]: Inference done 19862/24904. Dataloading: 0.0027 s/iter. Inference: 0.2334 s/iter. Eval: 0.0752 s/iter. Total: 0.3114 s/iter. ETA=0:26:10
[08/06 18:26:33 d2.evaluation.evaluator]: Inference done 19878/24904. Dataloading: 0.0027 s/iter. Inference: 0.2334 s/iter. Eval: 0.0752 s/iter. Total: 0.3114 s/iter. ETA=0:26:05
[08/06 18:26:38 d2.evaluation.evaluator]: Inference done 19894/24904. Dataloading: 0.0027 s/iter. Inference: 0.2334 s/iter. Eval: 0.0752 s/iter. Total: 0.3114 s/iter. ETA=0:26:00
[08/06 18:26:44 d2.evaluation.evaluator]: Inference done 19911/24904. Dataloading: 0.0027 s/iter. Inference: 0.2334 s/iter. Eval: 0.0752 s/iter. Total: 0.3114 s/iter. ETA=0:25:54
[08/06 18:26:49 d2.evaluation.evaluator]: Inference done 19928/24904. Dataloading: 0.0027 s/iter. Inference: 0.2334 s/iter. Eval: 0.0752 s/iter. Total: 0.3114 s/iter. ETA=0:25:49
[08/06 18:26:56 d2.evaluation.evaluator]: Inference done 19944/24904. Dataloading: 0.0027 s/iter. Inference: 0.2334 s/iter. Eval: 0.0752 s/iter. Total: 0.3114 s/iter. ETA=0:25:44
[08/06 18:27:01 d2.evaluation.evaluator]: Inference done 19961/24904. Dataloading: 0.0027 s/iter. Inference: 0.2334 s/iter. Eval: 0.0752 s/iter. Total: 0.3114 s/iter. ETA=0:25:39
[08/06 18:27:06 d2.evaluation.evaluator]: Inference done 19978/24904. Dataloading: 0.0027 s/iter. Inference: 0.2334 s/iter. Eval: 0.0752 s/iter. Total: 0.3114 s/iter. ETA=0:25:34
[08/06 18:27:12 d2.evaluation.evaluator]: Inference done 19995/24904. Dataloading: 0.0027 s/iter. Inference: 0.2334 s/iter. Eval: 0.0752 s/iter. Total: 0.3114 s/iter. ETA=0:25:28
[08/06 18:27:17 d2.evaluation.evaluator]: Inference done 20012/24904. Dataloading: 0.0027 s/iter. Inference: 0.2334 s/iter. Eval: 0.0752 s/iter. Total: 0.3114 s/iter. ETA=0:25:23
[08/06 18:27:22 d2.evaluation.evaluator]: Inference done 20029/24904. Dataloading: 0.0027 s/iter. Inference: 0.2334 s/iter. Eval: 0.0752 s/iter. Total: 0.3114 s/iter. ETA=0:25:18
[08/06 18:27:27 d2.evaluation.evaluator]: Inference done 20046/24904. Dataloading: 0.0027 s/iter. Inference: 0.2334 s/iter. Eval: 0.0752 s/iter. Total: 0.3114 s/iter. ETA=0:25:12
[08/06 18:27:32 d2.evaluation.evaluator]: Inference done 20057/24904. Dataloading: 0.0027 s/iter. Inference: 0.2334 s/iter. Eval: 0.0752 s/iter. Total: 0.3114 s/iter. ETA=0:25:09
[08/06 18:27:38 d2.evaluation.evaluator]: Inference done 20074/24904. Dataloading: 0.0027 s/iter. Inference: 0.2334 s/iter. Eval: 0.0752 s/iter. Total: 0.3114 s/iter. ETA=0:25:04
[08/06 18:27:43 d2.evaluation.evaluator]: Inference done 20091/24904. Dataloading: 0.0027 s/iter. Inference: 0.2334 s/iter. Eval: 0.0752 s/iter. Total: 0.3114 s/iter. ETA=0:24:58
[08/06 18:27:48 d2.evaluation.evaluator]: Inference done 20108/24904. Dataloading: 0.0027 s/iter. Inference: 0.2334 s/iter. Eval: 0.0752 s/iter. Total: 0.3114 s/iter. ETA=0:24:53
[08/06 18:27:53 d2.evaluation.evaluator]: Inference done 20125/24904. Dataloading: 0.0027 s/iter. Inference: 0.2334 s/iter. Eval: 0.0752 s/iter. Total: 0.3114 s/iter. ETA=0:24:48
[08/06 18:27:59 d2.evaluation.evaluator]: Inference done 20142/24904. Dataloading: 0.0027 s/iter. Inference: 0.2334 s/iter. Eval: 0.0752 s/iter. Total: 0.3114 s/iter. ETA=0:24:42
[08/06 18:28:05 d2.evaluation.evaluator]: Inference done 20155/24904. Dataloading: 0.0027 s/iter. Inference: 0.2334 s/iter. Eval: 0.0752 s/iter. Total: 0.3114 s/iter. ETA=0:24:38
[08/06 18:28:10 d2.evaluation.evaluator]: Inference done 20172/24904. Dataloading: 0.0027 s/iter. Inference: 0.2334 s/iter. Eval: 0.0752 s/iter. Total: 0.3114 s/iter. ETA=0:24:33
[08/06 18:28:15 d2.evaluation.evaluator]: Inference done 20188/24904. Dataloading: 0.0027 s/iter. Inference: 0.2334 s/iter. Eval: 0.0752 s/iter. Total: 0.3114 s/iter. ETA=0:24:28
[08/06 18:28:20 d2.evaluation.evaluator]: Inference done 20205/24904. Dataloading: 0.0027 s/iter. Inference: 0.2334 s/iter. Eval: 0.0752 s/iter. Total: 0.3114 s/iter. ETA=0:24:23
[08/06 18:28:25 d2.evaluation.evaluator]: Inference done 20221/24904. Dataloading: 0.0027 s/iter. Inference: 0.2334 s/iter. Eval: 0.0752 s/iter. Total: 0.3114 s/iter. ETA=0:24:18
[08/06 18:28:30 d2.evaluation.evaluator]: Inference done 20237/24904. Dataloading: 0.0027 s/iter. Inference: 0.2334 s/iter. Eval: 0.0752 s/iter. Total: 0.3114 s/iter. ETA=0:24:13
[08/06 18:28:36 d2.evaluation.evaluator]: Inference done 20254/24904. Dataloading: 0.0027 s/iter. Inference: 0.2334 s/iter. Eval: 0.0752 s/iter. Total: 0.3114 s/iter. ETA=0:24:08
[08/06 18:28:41 d2.evaluation.evaluator]: Inference done 20265/24904. Dataloading: 0.0027 s/iter. Inference: 0.2334 s/iter. Eval: 0.0752 s/iter. Total: 0.3114 s/iter. ETA=0:24:04
[08/06 18:28:46 d2.evaluation.evaluator]: Inference done 20282/24904. Dataloading: 0.0027 s/iter. Inference: 0.2334 s/iter. Eval: 0.0752 s/iter. Total: 0.3114 s/iter. ETA=0:23:59
[08/06 18:28:51 d2.evaluation.evaluator]: Inference done 20298/24904. Dataloading: 0.0027 s/iter. Inference: 0.2334 s/iter. Eval: 0.0752 s/iter. Total: 0.3114 s/iter. ETA=0:23:54
[08/06 18:28:56 d2.evaluation.evaluator]: Inference done 20315/24904. Dataloading: 0.0027 s/iter. Inference: 0.2334 s/iter. Eval: 0.0752 s/iter. Total: 0.3114 s/iter. ETA=0:23:49
[08/06 18:29:01 d2.evaluation.evaluator]: Inference done 20332/24904. Dataloading: 0.0027 s/iter. Inference: 0.2334 s/iter. Eval: 0.0752 s/iter. Total: 0.3114 s/iter. ETA=0:23:43
[08/06 18:29:07 d2.evaluation.evaluator]: Inference done 20349/24904. Dataloading: 0.0027 s/iter. Inference: 0.2334 s/iter. Eval: 0.0752 s/iter. Total: 0.3114 s/iter. ETA=0:23:38
[08/06 18:29:13 d2.evaluation.evaluator]: Inference done 20365/24904. Dataloading: 0.0027 s/iter. Inference: 0.2334 s/iter. Eval: 0.0752 s/iter. Total: 0.3114 s/iter. ETA=0:23:33
[08/06 18:29:19 d2.evaluation.evaluator]: Inference done 20382/24904. Dataloading: 0.0027 s/iter. Inference: 0.2334 s/iter. Eval: 0.0752 s/iter. Total: 0.3114 s/iter. ETA=0:23:28
[08/06 18:29:24 d2.evaluation.evaluator]: Inference done 20399/24904. Dataloading: 0.0027 s/iter. Inference: 0.2334 s/iter. Eval: 0.0752 s/iter. Total: 0.3114 s/iter. ETA=0:23:22
[08/06 18:29:29 d2.evaluation.evaluator]: Inference done 20416/24904. Dataloading: 0.0027 s/iter. Inference: 0.2334 s/iter. Eval: 0.0752 s/iter. Total: 0.3114 s/iter. ETA=0:23:17
[08/06 18:29:34 d2.evaluation.evaluator]: Inference done 20433/24904. Dataloading: 0.0027 s/iter. Inference: 0.2334 s/iter. Eval: 0.0752 s/iter. Total: 0.3114 s/iter. ETA=0:23:12
[08/06 18:29:39 d2.evaluation.evaluator]: Inference done 20449/24904. Dataloading: 0.0027 s/iter. Inference: 0.2334 s/iter. Eval: 0.0752 s/iter. Total: 0.3114 s/iter. ETA=0:23:07
[08/06 18:29:45 d2.evaluation.evaluator]: Inference done 20466/24904. Dataloading: 0.0027 s/iter. Inference: 0.2334 s/iter. Eval: 0.0752 s/iter. Total: 0.3114 s/iter. ETA=0:23:02
[08/06 18:29:50 d2.evaluation.evaluator]: Inference done 20478/24904. Dataloading: 0.0027 s/iter. Inference: 0.2334 s/iter. Eval: 0.0752 s/iter. Total: 0.3114 s/iter. ETA=0:22:58
[08/06 18:29:55 d2.evaluation.evaluator]: Inference done 20496/24904. Dataloading: 0.0027 s/iter. Inference: 0.2334 s/iter. Eval: 0.0752 s/iter. Total: 0.3114 s/iter. ETA=0:22:52
[08/06 18:30:00 d2.evaluation.evaluator]: Inference done 20513/24904. Dataloading: 0.0027 s/iter. Inference: 0.2334 s/iter. Eval: 0.0752 s/iter. Total: 0.3114 s/iter. ETA=0:22:47
[08/06 18:30:05 d2.evaluation.evaluator]: Inference done 20529/24904. Dataloading: 0.0027 s/iter. Inference: 0.2334 s/iter. Eval: 0.0752 s/iter. Total: 0.3114 s/iter. ETA=0:22:42
[08/06 18:30:11 d2.evaluation.evaluator]: Inference done 20545/24904. Dataloading: 0.0027 s/iter. Inference: 0.2334 s/iter. Eval: 0.0752 s/iter. Total: 0.3114 s/iter. ETA=0:22:37
[08/06 18:30:16 d2.evaluation.evaluator]: Inference done 20562/24904. Dataloading: 0.0027 s/iter. Inference: 0.2334 s/iter. Eval: 0.0752 s/iter. Total: 0.3114 s/iter. ETA=0:22:32
[08/06 18:30:22 d2.evaluation.evaluator]: Inference done 20577/24904. Dataloading: 0.0027 s/iter. Inference: 0.2334 s/iter. Eval: 0.0752 s/iter. Total: 0.3114 s/iter. ETA=0:22:27
[08/06 18:30:28 d2.evaluation.evaluator]: Inference done 20593/24904. Dataloading: 0.0027 s/iter. Inference: 0.2334 s/iter. Eval: 0.0752 s/iter. Total: 0.3114 s/iter. ETA=0:22:22
[08/06 18:30:33 d2.evaluation.evaluator]: Inference done 20610/24904. Dataloading: 0.0027 s/iter. Inference: 0.2334 s/iter. Eval: 0.0752 s/iter. Total: 0.3114 s/iter. ETA=0:22:17
[08/06 18:30:38 d2.evaluation.evaluator]: Inference done 20627/24904. Dataloading: 0.0027 s/iter. Inference: 0.2334 s/iter. Eval: 0.0752 s/iter. Total: 0.3114 s/iter. ETA=0:22:11
[08/06 18:30:43 d2.evaluation.evaluator]: Inference done 20644/24904. Dataloading: 0.0027 s/iter. Inference: 0.2334 s/iter. Eval: 0.0752 s/iter. Total: 0.3114 s/iter. ETA=0:22:06
[08/06 18:30:48 d2.evaluation.evaluator]: Inference done 20661/24904. Dataloading: 0.0027 s/iter. Inference: 0.2334 s/iter. Eval: 0.0752 s/iter. Total: 0.3114 s/iter. ETA=0:22:01
[08/06 18:30:54 d2.evaluation.evaluator]: Inference done 20678/24904. Dataloading: 0.0027 s/iter. Inference: 0.2334 s/iter. Eval: 0.0752 s/iter. Total: 0.3114 s/iter. ETA=0:21:55
[08/06 18:30:59 d2.evaluation.evaluator]: Inference done 20689/24904. Dataloading: 0.0027 s/iter. Inference: 0.2334 s/iter. Eval: 0.0752 s/iter. Total: 0.3114 s/iter. ETA=0:21:52
[08/06 18:31:04 d2.evaluation.evaluator]: Inference done 20706/24904. Dataloading: 0.0027 s/iter. Inference: 0.2334 s/iter. Eval: 0.0752 s/iter. Total: 0.3114 s/iter. ETA=0:21:47
[08/06 18:31:09 d2.evaluation.evaluator]: Inference done 20723/24904. Dataloading: 0.0027 s/iter. Inference: 0.2334 s/iter. Eval: 0.0752 s/iter. Total: 0.3114 s/iter. ETA=0:21:41
[08/06 18:31:14 d2.evaluation.evaluator]: Inference done 20740/24904. Dataloading: 0.0027 s/iter. Inference: 0.2334 s/iter. Eval: 0.0752 s/iter. Total: 0.3114 s/iter. ETA=0:21:36
[08/06 18:31:20 d2.evaluation.evaluator]: Inference done 20757/24904. Dataloading: 0.0027 s/iter. Inference: 0.2334 s/iter. Eval: 0.0752 s/iter. Total: 0.3114 s/iter. ETA=0:21:31
[08/06 18:31:25 d2.evaluation.evaluator]: Inference done 20774/24904. Dataloading: 0.0027 s/iter. Inference: 0.2334 s/iter. Eval: 0.0752 s/iter. Total: 0.3114 s/iter. ETA=0:21:25
[08/06 18:31:31 d2.evaluation.evaluator]: Inference done 20789/24904. Dataloading: 0.0027 s/iter. Inference: 0.2334 s/iter. Eval: 0.0752 s/iter. Total: 0.3114 s/iter. ETA=0:21:21
[08/06 18:31:37 d2.evaluation.evaluator]: Inference done 20806/24904. Dataloading: 0.0027 s/iter. Inference: 0.2334 s/iter. Eval: 0.0752 s/iter. Total: 0.3114 s/iter. ETA=0:21:15
[08/06 18:31:42 d2.evaluation.evaluator]: Inference done 20823/24904. Dataloading: 0.0027 s/iter. Inference: 0.2334 s/iter. Eval: 0.0752 s/iter. Total: 0.3114 s/iter. ETA=0:21:10
[08/06 18:31:47 d2.evaluation.evaluator]: Inference done 20840/24904. Dataloading: 0.0027 s/iter. Inference: 0.2334 s/iter. Eval: 0.0752 s/iter. Total: 0.3114 s/iter. ETA=0:21:05
[08/06 18:31:53 d2.evaluation.evaluator]: Inference done 20857/24904. Dataloading: 0.0027 s/iter. Inference: 0.2334 s/iter. Eval: 0.0752 s/iter. Total: 0.3114 s/iter. ETA=0:21:00
[08/06 18:31:58 d2.evaluation.evaluator]: Inference done 20873/24904. Dataloading: 0.0027 s/iter. Inference: 0.2334 s/iter. Eval: 0.0752 s/iter. Total: 0.3114 s/iter. ETA=0:20:55
[08/06 18:32:03 d2.evaluation.evaluator]: Inference done 20889/24904. Dataloading: 0.0027 s/iter. Inference: 0.2334 s/iter. Eval: 0.0752 s/iter. Total: 0.3114 s/iter. ETA=0:20:50
[08/06 18:32:08 d2.evaluation.evaluator]: Inference done 20900/24904. Dataloading: 0.0027 s/iter. Inference: 0.2334 s/iter. Eval: 0.0752 s/iter. Total: 0.3114 s/iter. ETA=0:20:46
[08/06 18:32:13 d2.evaluation.evaluator]: Inference done 20917/24904. Dataloading: 0.0027 s/iter. Inference: 0.2334 s/iter. Eval: 0.0752 s/iter. Total: 0.3114 s/iter. ETA=0:20:41
[08/06 18:32:18 d2.evaluation.evaluator]: Inference done 20934/24904. Dataloading: 0.0027 s/iter. Inference: 0.2334 s/iter. Eval: 0.0752 s/iter. Total: 0.3114 s/iter. ETA=0:20:36
[08/06 18:32:23 d2.evaluation.evaluator]: Inference done 20951/24904. Dataloading: 0.0027 s/iter. Inference: 0.2334 s/iter. Eval: 0.0752 s/iter. Total: 0.3114 s/iter. ETA=0:20:30
[08/06 18:32:29 d2.evaluation.evaluator]: Inference done 20968/24904. Dataloading: 0.0027 s/iter. Inference: 0.2334 s/iter. Eval: 0.0752 s/iter. Total: 0.3114 s/iter. ETA=0:20:25
[08/06 18:32:34 d2.evaluation.evaluator]: Inference done 20985/24904. Dataloading: 0.0027 s/iter. Inference: 0.2334 s/iter. Eval: 0.0752 s/iter. Total: 0.3114 s/iter. ETA=0:20:20
[08/06 18:32:40 d2.evaluation.evaluator]: Inference done 21000/24904. Dataloading: 0.0027 s/iter. Inference: 0.2334 s/iter. Eval: 0.0752 s/iter. Total: 0.3114 s/iter. ETA=0:20:15
[08/06 18:32:46 d2.evaluation.evaluator]: Inference done 21017/24904. Dataloading: 0.0027 s/iter. Inference: 0.2334 s/iter. Eval: 0.0752 s/iter. Total: 0.3114 s/iter. ETA=0:20:10
[08/06 18:32:51 d2.evaluation.evaluator]: Inference done 21034/24904. Dataloading: 0.0027 s/iter. Inference: 0.2334 s/iter. Eval: 0.0752 s/iter. Total: 0.3114 s/iter. ETA=0:20:04
[08/06 18:32:56 d2.evaluation.evaluator]: Inference done 21050/24904. Dataloading: 0.0027 s/iter. Inference: 0.2334 s/iter. Eval: 0.0752 s/iter. Total: 0.3114 s/iter. ETA=0:19:59
[08/06 18:33:01 d2.evaluation.evaluator]: Inference done 21066/24904. Dataloading: 0.0027 s/iter. Inference: 0.2334 s/iter. Eval: 0.0752 s/iter. Total: 0.3114 s/iter. ETA=0:19:54
[08/06 18:33:06 d2.evaluation.evaluator]: Inference done 21083/24904. Dataloading: 0.0027 s/iter. Inference: 0.2334 s/iter. Eval: 0.0752 s/iter. Total: 0.3114 s/iter. ETA=0:19:49
[08/06 18:33:11 d2.evaluation.evaluator]: Inference done 21100/24904. Dataloading: 0.0027 s/iter. Inference: 0.2334 s/iter. Eval: 0.0752 s/iter. Total: 0.3114 s/iter. ETA=0:19:44
[08/06 18:33:17 d2.evaluation.evaluator]: Inference done 21112/24904. Dataloading: 0.0027 s/iter. Inference: 0.2334 s/iter. Eval: 0.0752 s/iter. Total: 0.3114 s/iter. ETA=0:19:40
[08/06 18:33:22 d2.evaluation.evaluator]: Inference done 21128/24904. Dataloading: 0.0027 s/iter. Inference: 0.2334 s/iter. Eval: 0.0752 s/iter. Total: 0.3114 s/iter. ETA=0:19:35
[08/06 18:33:27 d2.evaluation.evaluator]: Inference done 21145/24904. Dataloading: 0.0027 s/iter. Inference: 0.2334 s/iter. Eval: 0.0752 s/iter. Total: 0.3114 s/iter. ETA=0:19:30
[08/06 18:33:32 d2.evaluation.evaluator]: Inference done 21162/24904. Dataloading: 0.0027 s/iter. Inference: 0.2334 s/iter. Eval: 0.0752 s/iter. Total: 0.3114 s/iter. ETA=0:19:25
[08/06 18:33:37 d2.evaluation.evaluator]: Inference done 21178/24904. Dataloading: 0.0027 s/iter. Inference: 0.2334 s/iter. Eval: 0.0752 s/iter. Total: 0.3114 s/iter. ETA=0:19:20
[08/06 18:33:43 d2.evaluation.evaluator]: Inference done 21195/24904. Dataloading: 0.0027 s/iter. Inference: 0.2334 s/iter. Eval: 0.0752 s/iter. Total: 0.3114 s/iter. ETA=0:19:14
[08/06 18:33:49 d2.evaluation.evaluator]: Inference done 21210/24904. Dataloading: 0.0027 s/iter. Inference: 0.2334 s/iter. Eval: 0.0752 s/iter. Total: 0.3114 s/iter. ETA=0:19:10
[08/06 18:33:54 d2.evaluation.evaluator]: Inference done 21227/24904. Dataloading: 0.0027 s/iter. Inference: 0.2334 s/iter. Eval: 0.0752 s/iter. Total: 0.3114 s/iter. ETA=0:19:04
[08/06 18:34:00 d2.evaluation.evaluator]: Inference done 21244/24904. Dataloading: 0.0027 s/iter. Inference: 0.2334 s/iter. Eval: 0.0752 s/iter. Total: 0.3114 s/iter. ETA=0:18:59
[08/06 18:34:05 d2.evaluation.evaluator]: Inference done 21261/24904. Dataloading: 0.0027 s/iter. Inference: 0.2334 s/iter. Eval: 0.0752 s/iter. Total: 0.3114 s/iter. ETA=0:18:54
[08/06 18:34:10 d2.evaluation.evaluator]: Inference done 21278/24904. Dataloading: 0.0027 s/iter. Inference: 0.2334 s/iter. Eval: 0.0752 s/iter. Total: 0.3114 s/iter. ETA=0:18:48
[08/06 18:34:15 d2.evaluation.evaluator]: Inference done 21295/24904. Dataloading: 0.0027 s/iter. Inference: 0.2334 s/iter. Eval: 0.0752 s/iter. Total: 0.3114 s/iter. ETA=0:18:43
[08/06 18:34:21 d2.evaluation.evaluator]: Inference done 21312/24904. Dataloading: 0.0027 s/iter. Inference: 0.2334 s/iter. Eval: 0.0752 s/iter. Total: 0.3113 s/iter. ETA=0:18:38
[08/06 18:34:26 d2.evaluation.evaluator]: Inference done 21323/24904. Dataloading: 0.0027 s/iter. Inference: 0.2334 s/iter. Eval: 0.0752 s/iter. Total: 0.3113 s/iter. ETA=0:18:34
[08/06 18:34:31 d2.evaluation.evaluator]: Inference done 21340/24904. Dataloading: 0.0027 s/iter. Inference: 0.2334 s/iter. Eval: 0.0752 s/iter. Total: 0.3113 s/iter. ETA=0:18:29
[08/06 18:34:36 d2.evaluation.evaluator]: Inference done 21357/24904. Dataloading: 0.0027 s/iter. Inference: 0.2334 s/iter. Eval: 0.0752 s/iter. Total: 0.3113 s/iter. ETA=0:18:24
[08/06 18:34:41 d2.evaluation.evaluator]: Inference done 21374/24904. Dataloading: 0.0027 s/iter. Inference: 0.2334 s/iter. Eval: 0.0752 s/iter. Total: 0.3113 s/iter. ETA=0:18:19
[08/06 18:34:47 d2.evaluation.evaluator]: Inference done 21391/24904. Dataloading: 0.0027 s/iter. Inference: 0.2334 s/iter. Eval: 0.0752 s/iter. Total: 0.3113 s/iter. ETA=0:18:13
[08/06 18:34:52 d2.evaluation.evaluator]: Inference done 21407/24904. Dataloading: 0.0027 s/iter. Inference: 0.2334 s/iter. Eval: 0.0752 s/iter. Total: 0.3113 s/iter. ETA=0:18:08
[08/06 18:34:58 d2.evaluation.evaluator]: Inference done 21422/24904. Dataloading: 0.0027 s/iter. Inference: 0.2334 s/iter. Eval: 0.0752 s/iter. Total: 0.3113 s/iter. ETA=0:18:04
[08/06 18:35:03 d2.evaluation.evaluator]: Inference done 21438/24904. Dataloading: 0.0027 s/iter. Inference: 0.2334 s/iter. Eval: 0.0752 s/iter. Total: 0.3113 s/iter. ETA=0:17:59
[08/06 18:35:08 d2.evaluation.evaluator]: Inference done 21455/24904. Dataloading: 0.0027 s/iter. Inference: 0.2334 s/iter. Eval: 0.0752 s/iter. Total: 0.3113 s/iter. ETA=0:17:53
[08/06 18:35:13 d2.evaluation.evaluator]: Inference done 21472/24904. Dataloading: 0.0027 s/iter. Inference: 0.2334 s/iter. Eval: 0.0752 s/iter. Total: 0.3113 s/iter. ETA=0:17:48
[08/06 18:35:19 d2.evaluation.evaluator]: Inference done 21489/24904. Dataloading: 0.0027 s/iter. Inference: 0.2333 s/iter. Eval: 0.0752 s/iter. Total: 0.3113 s/iter. ETA=0:17:43
[08/06 18:35:24 d2.evaluation.evaluator]: Inference done 21506/24904. Dataloading: 0.0027 s/iter. Inference: 0.2333 s/iter. Eval: 0.0752 s/iter. Total: 0.3113 s/iter. ETA=0:17:37
[08/06 18:35:29 d2.evaluation.evaluator]: Inference done 21523/24904. Dataloading: 0.0027 s/iter. Inference: 0.2333 s/iter. Eval: 0.0752 s/iter. Total: 0.3113 s/iter. ETA=0:17:32
[08/06 18:35:34 d2.evaluation.evaluator]: Inference done 21534/24904. Dataloading: 0.0027 s/iter. Inference: 0.2333 s/iter. Eval: 0.0752 s/iter. Total: 0.3113 s/iter. ETA=0:17:29
[08/06 18:35:40 d2.evaluation.evaluator]: Inference done 21551/24904. Dataloading: 0.0027 s/iter. Inference: 0.2333 s/iter. Eval: 0.0752 s/iter. Total: 0.3113 s/iter. ETA=0:17:23
[08/06 18:35:45 d2.evaluation.evaluator]: Inference done 21568/24904. Dataloading: 0.0027 s/iter. Inference: 0.2333 s/iter. Eval: 0.0752 s/iter. Total: 0.3113 s/iter. ETA=0:17:18
[08/06 18:35:50 d2.evaluation.evaluator]: Inference done 21585/24904. Dataloading: 0.0027 s/iter. Inference: 0.2333 s/iter. Eval: 0.0752 s/iter. Total: 0.3113 s/iter. ETA=0:17:13
[08/06 18:35:55 d2.evaluation.evaluator]: Inference done 21602/24904. Dataloading: 0.0027 s/iter. Inference: 0.2333 s/iter. Eval: 0.0752 s/iter. Total: 0.3113 s/iter. ETA=0:17:07
[08/06 18:36:00 d2.evaluation.evaluator]: Inference done 21619/24904. Dataloading: 0.0027 s/iter. Inference: 0.2333 s/iter. Eval: 0.0752 s/iter. Total: 0.3113 s/iter. ETA=0:17:02
[08/06 18:36:08 d2.evaluation.evaluator]: Inference done 21636/24904. Dataloading: 0.0027 s/iter. Inference: 0.2333 s/iter. Eval: 0.0752 s/iter. Total: 0.3113 s/iter. ETA=0:16:57
[08/06 18:36:13 d2.evaluation.evaluator]: Inference done 21652/24904. Dataloading: 0.0027 s/iter. Inference: 0.2333 s/iter. Eval: 0.0752 s/iter. Total: 0.3113 s/iter. ETA=0:16:52
[08/06 18:36:18 d2.evaluation.evaluator]: Inference done 21668/24904. Dataloading: 0.0027 s/iter. Inference: 0.2333 s/iter. Eval: 0.0752 s/iter. Total: 0.3113 s/iter. ETA=0:16:47
[08/06 18:36:23 d2.evaluation.evaluator]: Inference done 21685/24904. Dataloading: 0.0027 s/iter. Inference: 0.2333 s/iter. Eval: 0.0752 s/iter. Total: 0.3113 s/iter. ETA=0:16:42
[08/06 18:36:28 d2.evaluation.evaluator]: Inference done 21702/24904. Dataloading: 0.0027 s/iter. Inference: 0.2333 s/iter. Eval: 0.0752 s/iter. Total: 0.3113 s/iter. ETA=0:16:36
[08/06 18:36:33 d2.evaluation.evaluator]: Inference done 21719/24904. Dataloading: 0.0027 s/iter. Inference: 0.2333 s/iter. Eval: 0.0752 s/iter. Total: 0.3113 s/iter. ETA=0:16:31
[08/06 18:36:38 d2.evaluation.evaluator]: Inference done 21736/24904. Dataloading: 0.0027 s/iter. Inference: 0.2333 s/iter. Eval: 0.0752 s/iter. Total: 0.3113 s/iter. ETA=0:16:26
[08/06 18:36:44 d2.evaluation.evaluator]: Inference done 21747/24904. Dataloading: 0.0027 s/iter. Inference: 0.2333 s/iter. Eval: 0.0752 s/iter. Total: 0.3113 s/iter. ETA=0:16:22
[08/06 18:36:49 d2.evaluation.evaluator]: Inference done 21763/24904. Dataloading: 0.0027 s/iter. Inference: 0.2333 s/iter. Eval: 0.0752 s/iter. Total: 0.3113 s/iter. ETA=0:16:17
[08/06 18:36:54 d2.evaluation.evaluator]: Inference done 21780/24904. Dataloading: 0.0027 s/iter. Inference: 0.2333 s/iter. Eval: 0.0752 s/iter. Total: 0.3113 s/iter. ETA=0:16:12
[08/06 18:36:59 d2.evaluation.evaluator]: Inference done 21797/24904. Dataloading: 0.0027 s/iter. Inference: 0.2333 s/iter. Eval: 0.0752 s/iter. Total: 0.3113 s/iter. ETA=0:16:07
[08/06 18:37:04 d2.evaluation.evaluator]: Inference done 21814/24904. Dataloading: 0.0027 s/iter. Inference: 0.2333 s/iter. Eval: 0.0752 s/iter. Total: 0.3113 s/iter. ETA=0:16:01
[08/06 18:37:10 d2.evaluation.evaluator]: Inference done 21831/24904. Dataloading: 0.0027 s/iter. Inference: 0.2333 s/iter. Eval: 0.0752 s/iter. Total: 0.3113 s/iter. ETA=0:15:56
[08/06 18:37:16 d2.evaluation.evaluator]: Inference done 21847/24904. Dataloading: 0.0027 s/iter. Inference: 0.2333 s/iter. Eval: 0.0752 s/iter. Total: 0.3113 s/iter. ETA=0:15:51
[08/06 18:37:22 d2.evaluation.evaluator]: Inference done 21864/24904. Dataloading: 0.0027 s/iter. Inference: 0.2333 s/iter. Eval: 0.0752 s/iter. Total: 0.3113 s/iter. ETA=0:15:46
[08/06 18:37:27 d2.evaluation.evaluator]: Inference done 21881/24904. Dataloading: 0.0027 s/iter. Inference: 0.2333 s/iter. Eval: 0.0752 s/iter. Total: 0.3113 s/iter. ETA=0:15:40
[08/06 18:37:32 d2.evaluation.evaluator]: Inference done 21898/24904. Dataloading: 0.0027 s/iter. Inference: 0.2333 s/iter. Eval: 0.0752 s/iter. Total: 0.3113 s/iter. ETA=0:15:35
[08/06 18:37:37 d2.evaluation.evaluator]: Inference done 21915/24904. Dataloading: 0.0027 s/iter. Inference: 0.2333 s/iter. Eval: 0.0752 s/iter. Total: 0.3113 s/iter. ETA=0:15:30
[08/06 18:37:43 d2.evaluation.evaluator]: Inference done 21932/24904. Dataloading: 0.0027 s/iter. Inference: 0.2333 s/iter. Eval: 0.0752 s/iter. Total: 0.3113 s/iter. ETA=0:15:25
[08/06 18:37:48 d2.evaluation.evaluator]: Inference done 21949/24904. Dataloading: 0.0027 s/iter. Inference: 0.2333 s/iter. Eval: 0.0752 s/iter. Total: 0.3113 s/iter. ETA=0:15:19
[08/06 18:37:53 d2.evaluation.evaluator]: Inference done 21960/24904. Dataloading: 0.0027 s/iter. Inference: 0.2333 s/iter. Eval: 0.0752 s/iter. Total: 0.3113 s/iter. ETA=0:15:16
[08/06 18:37:58 d2.evaluation.evaluator]: Inference done 21976/24904. Dataloading: 0.0027 s/iter. Inference: 0.2333 s/iter. Eval: 0.0752 s/iter. Total: 0.3113 s/iter. ETA=0:15:11
[08/06 18:38:03 d2.evaluation.evaluator]: Inference done 21992/24904. Dataloading: 0.0027 s/iter. Inference: 0.2333 s/iter. Eval: 0.0752 s/iter. Total: 0.3113 s/iter. ETA=0:15:06
[08/06 18:38:08 d2.evaluation.evaluator]: Inference done 22009/24904. Dataloading: 0.0027 s/iter. Inference: 0.2333 s/iter. Eval: 0.0752 s/iter. Total: 0.3113 s/iter. ETA=0:15:01
[08/06 18:38:14 d2.evaluation.evaluator]: Inference done 22026/24904. Dataloading: 0.0027 s/iter. Inference: 0.2333 s/iter. Eval: 0.0752 s/iter. Total: 0.3113 s/iter. ETA=0:14:55
[08/06 18:38:19 d2.evaluation.evaluator]: Inference done 22043/24904. Dataloading: 0.0027 s/iter. Inference: 0.2333 s/iter. Eval: 0.0752 s/iter. Total: 0.3113 s/iter. ETA=0:14:50
[08/06 18:38:25 d2.evaluation.evaluator]: Inference done 22058/24904. Dataloading: 0.0027 s/iter. Inference: 0.2333 s/iter. Eval: 0.0752 s/iter. Total: 0.3113 s/iter. ETA=0:14:45
[08/06 18:38:31 d2.evaluation.evaluator]: Inference done 22075/24904. Dataloading: 0.0027 s/iter. Inference: 0.2333 s/iter. Eval: 0.0752 s/iter. Total: 0.3113 s/iter. ETA=0:14:40
[08/06 18:38:36 d2.evaluation.evaluator]: Inference done 22092/24904. Dataloading: 0.0027 s/iter. Inference: 0.2333 s/iter. Eval: 0.0752 s/iter. Total: 0.3113 s/iter. ETA=0:14:35
[08/06 18:38:41 d2.evaluation.evaluator]: Inference done 22109/24904. Dataloading: 0.0027 s/iter. Inference: 0.2333 s/iter. Eval: 0.0752 s/iter. Total: 0.3113 s/iter. ETA=0:14:29
[08/06 18:38:46 d2.evaluation.evaluator]: Inference done 22126/24904. Dataloading: 0.0027 s/iter. Inference: 0.2333 s/iter. Eval: 0.0752 s/iter. Total: 0.3113 s/iter. ETA=0:14:24
[08/06 18:38:52 d2.evaluation.evaluator]: Inference done 22143/24904. Dataloading: 0.0027 s/iter. Inference: 0.2333 s/iter. Eval: 0.0752 s/iter. Total: 0.3113 s/iter. ETA=0:14:19
[08/06 18:38:57 d2.evaluation.evaluator]: Inference done 22160/24904. Dataloading: 0.0027 s/iter. Inference: 0.2333 s/iter. Eval: 0.0752 s/iter. Total: 0.3113 s/iter. ETA=0:14:14
[08/06 18:39:02 d2.evaluation.evaluator]: Inference done 22171/24904. Dataloading: 0.0027 s/iter. Inference: 0.2333 s/iter. Eval: 0.0752 s/iter. Total: 0.3113 s/iter. ETA=0:14:10
[08/06 18:39:07 d2.evaluation.evaluator]: Inference done 22188/24904. Dataloading: 0.0027 s/iter. Inference: 0.2333 s/iter. Eval: 0.0752 s/iter. Total: 0.3113 s/iter. ETA=0:14:05
[08/06 18:39:13 d2.evaluation.evaluator]: Inference done 22205/24904. Dataloading: 0.0027 s/iter. Inference: 0.2333 s/iter. Eval: 0.0752 s/iter. Total: 0.3113 s/iter. ETA=0:14:00
[08/06 18:39:18 d2.evaluation.evaluator]: Inference done 22222/24904. Dataloading: 0.0027 s/iter. Inference: 0.2333 s/iter. Eval: 0.0752 s/iter. Total: 0.3113 s/iter. ETA=0:13:54
[08/06 18:39:23 d2.evaluation.evaluator]: Inference done 22239/24904. Dataloading: 0.0027 s/iter. Inference: 0.2333 s/iter. Eval: 0.0752 s/iter. Total: 0.3113 s/iter. ETA=0:13:49
[08/06 18:39:28 d2.evaluation.evaluator]: Inference done 22256/24904. Dataloading: 0.0027 s/iter. Inference: 0.2333 s/iter. Eval: 0.0752 s/iter. Total: 0.3113 s/iter. ETA=0:13:44
[08/06 18:39:35 d2.evaluation.evaluator]: Inference done 22270/24904. Dataloading: 0.0027 s/iter. Inference: 0.2333 s/iter. Eval: 0.0752 s/iter. Total: 0.3113 s/iter. ETA=0:13:39
[08/06 18:39:40 d2.evaluation.evaluator]: Inference done 22287/24904. Dataloading: 0.0027 s/iter. Inference: 0.2333 s/iter. Eval: 0.0752 s/iter. Total: 0.3113 s/iter. ETA=0:13:34
[08/06 18:39:45 d2.evaluation.evaluator]: Inference done 22303/24904. Dataloading: 0.0027 s/iter. Inference: 0.2333 s/iter. Eval: 0.0752 s/iter. Total: 0.3113 s/iter. ETA=0:13:29
[08/06 18:39:50 d2.evaluation.evaluator]: Inference done 22319/24904. Dataloading: 0.0027 s/iter. Inference: 0.2333 s/iter. Eval: 0.0752 s/iter. Total: 0.3113 s/iter. ETA=0:13:24
[08/06 18:39:55 d2.evaluation.evaluator]: Inference done 22335/24904. Dataloading: 0.0027 s/iter. Inference: 0.2333 s/iter. Eval: 0.0752 s/iter. Total: 0.3113 s/iter. ETA=0:13:19
[08/06 18:40:00 d2.evaluation.evaluator]: Inference done 22351/24904. Dataloading: 0.0027 s/iter. Inference: 0.2333 s/iter. Eval: 0.0752 s/iter. Total: 0.3113 s/iter. ETA=0:13:14
[08/06 18:40:05 d2.evaluation.evaluator]: Inference done 22368/24904. Dataloading: 0.0027 s/iter. Inference: 0.2333 s/iter. Eval: 0.0752 s/iter. Total: 0.3113 s/iter. ETA=0:13:09
[08/06 18:40:10 d2.evaluation.evaluator]: Inference done 22379/24904. Dataloading: 0.0027 s/iter. Inference: 0.2333 s/iter. Eval: 0.0752 s/iter. Total: 0.3113 s/iter. ETA=0:13:05
[08/06 18:40:15 d2.evaluation.evaluator]: Inference done 22396/24904. Dataloading: 0.0027 s/iter. Inference: 0.2333 s/iter. Eval: 0.0752 s/iter. Total: 0.3113 s/iter. ETA=0:13:00
[08/06 18:40:21 d2.evaluation.evaluator]: Inference done 22413/24904. Dataloading: 0.0027 s/iter. Inference: 0.2333 s/iter. Eval: 0.0752 s/iter. Total: 0.3113 s/iter. ETA=0:12:55
[08/06 18:40:26 d2.evaluation.evaluator]: Inference done 22429/24904. Dataloading: 0.0027 s/iter. Inference: 0.2333 s/iter. Eval: 0.0752 s/iter. Total: 0.3113 s/iter. ETA=0:12:50
[08/06 18:40:31 d2.evaluation.evaluator]: Inference done 22446/24904. Dataloading: 0.0027 s/iter. Inference: 0.2333 s/iter. Eval: 0.0752 s/iter. Total: 0.3113 s/iter. ETA=0:12:45
[08/06 18:40:36 d2.evaluation.evaluator]: Inference done 22463/24904. Dataloading: 0.0027 s/iter. Inference: 0.2333 s/iter. Eval: 0.0752 s/iter. Total: 0.3113 s/iter. ETA=0:12:39
[08/06 18:40:41 d2.evaluation.evaluator]: Inference done 22480/24904. Dataloading: 0.0027 s/iter. Inference: 0.2333 s/iter. Eval: 0.0752 s/iter. Total: 0.3112 s/iter. ETA=0:12:34
[08/06 18:40:47 d2.evaluation.evaluator]: Inference done 22491/24904. Dataloading: 0.0027 s/iter. Inference: 0.2333 s/iter. Eval: 0.0752 s/iter. Total: 0.3112 s/iter. ETA=0:12:31
[08/06 18:40:52 d2.evaluation.evaluator]: Inference done 22508/24904. Dataloading: 0.0027 s/iter. Inference: 0.2333 s/iter. Eval: 0.0752 s/iter. Total: 0.3112 s/iter. ETA=0:12:25
[08/06 18:40:57 d2.evaluation.evaluator]: Inference done 22525/24904. Dataloading: 0.0027 s/iter. Inference: 0.2333 s/iter. Eval: 0.0752 s/iter. Total: 0.3112 s/iter. ETA=0:12:20
[08/06 18:41:02 d2.evaluation.evaluator]: Inference done 22542/24904. Dataloading: 0.0027 s/iter. Inference: 0.2333 s/iter. Eval: 0.0752 s/iter. Total: 0.3112 s/iter. ETA=0:12:15
[08/06 18:41:08 d2.evaluation.evaluator]: Inference done 22559/24904. Dataloading: 0.0027 s/iter. Inference: 0.2333 s/iter. Eval: 0.0752 s/iter. Total: 0.3112 s/iter. ETA=0:12:09
[08/06 18:41:13 d2.evaluation.evaluator]: Inference done 22575/24904. Dataloading: 0.0027 s/iter. Inference: 0.2333 s/iter. Eval: 0.0752 s/iter. Total: 0.3112 s/iter. ETA=0:12:04
[08/06 18:41:18 d2.evaluation.evaluator]: Inference done 22586/24904. Dataloading: 0.0027 s/iter. Inference: 0.2333 s/iter. Eval: 0.0752 s/iter. Total: 0.3112 s/iter. ETA=0:12:01
[08/06 18:41:23 d2.evaluation.evaluator]: Inference done 22603/24904. Dataloading: 0.0027 s/iter. Inference: 0.2333 s/iter. Eval: 0.0752 s/iter. Total: 0.3112 s/iter. ETA=0:11:56
[08/06 18:41:28 d2.evaluation.evaluator]: Inference done 22620/24904. Dataloading: 0.0027 s/iter. Inference: 0.2333 s/iter. Eval: 0.0752 s/iter. Total: 0.3112 s/iter. ETA=0:11:50
[08/06 18:41:34 d2.evaluation.evaluator]: Inference done 22637/24904. Dataloading: 0.0027 s/iter. Inference: 0.2333 s/iter. Eval: 0.0752 s/iter. Total: 0.3112 s/iter. ETA=0:11:45
[08/06 18:41:39 d2.evaluation.evaluator]: Inference done 22654/24904. Dataloading: 0.0027 s/iter. Inference: 0.2333 s/iter. Eval: 0.0752 s/iter. Total: 0.3112 s/iter. ETA=0:11:40
[08/06 18:41:44 d2.evaluation.evaluator]: Inference done 22671/24904. Dataloading: 0.0027 s/iter. Inference: 0.2333 s/iter. Eval: 0.0752 s/iter. Total: 0.3112 s/iter. ETA=0:11:34
[08/06 18:41:49 d2.evaluation.evaluator]: Inference done 22688/24904. Dataloading: 0.0027 s/iter. Inference: 0.2333 s/iter. Eval: 0.0752 s/iter. Total: 0.3112 s/iter. ETA=0:11:29
[08/06 18:41:54 d2.evaluation.evaluator]: Inference done 22698/24904. Dataloading: 0.0027 s/iter. Inference: 0.2333 s/iter. Eval: 0.0752 s/iter. Total: 0.3112 s/iter. ETA=0:11:26
[08/06 18:41:59 d2.evaluation.evaluator]: Inference done 22714/24904. Dataloading: 0.0027 s/iter. Inference: 0.2333 s/iter. Eval: 0.0752 s/iter. Total: 0.3112 s/iter. ETA=0:11:21
[08/06 18:42:05 d2.evaluation.evaluator]: Inference done 22731/24904. Dataloading: 0.0027 s/iter. Inference: 0.2333 s/iter. Eval: 0.0752 s/iter. Total: 0.3112 s/iter. ETA=0:11:16
[08/06 18:42:10 d2.evaluation.evaluator]: Inference done 22748/24904. Dataloading: 0.0027 s/iter. Inference: 0.2333 s/iter. Eval: 0.0751 s/iter. Total: 0.3112 s/iter. ETA=0:11:10
[08/06 18:42:15 d2.evaluation.evaluator]: Inference done 22765/24904. Dataloading: 0.0027 s/iter. Inference: 0.2333 s/iter. Eval: 0.0751 s/iter. Total: 0.3112 s/iter. ETA=0:11:05
[08/06 18:42:20 d2.evaluation.evaluator]: Inference done 22782/24904. Dataloading: 0.0027 s/iter. Inference: 0.2333 s/iter. Eval: 0.0751 s/iter. Total: 0.3112 s/iter. ETA=0:11:00
[08/06 18:42:25 d2.evaluation.evaluator]: Inference done 22798/24904. Dataloading: 0.0027 s/iter. Inference: 0.2333 s/iter. Eval: 0.0751 s/iter. Total: 0.3112 s/iter. ETA=0:10:55
[08/06 18:42:30 d2.evaluation.evaluator]: Inference done 22808/24904. Dataloading: 0.0027 s/iter. Inference: 0.2333 s/iter. Eval: 0.0751 s/iter. Total: 0.3112 s/iter. ETA=0:10:52
[08/06 18:42:35 d2.evaluation.evaluator]: Inference done 22824/24904. Dataloading: 0.0027 s/iter. Inference: 0.2333 s/iter. Eval: 0.0751 s/iter. Total: 0.3112 s/iter. ETA=0:10:47
[08/06 18:42:40 d2.evaluation.evaluator]: Inference done 22841/24904. Dataloading: 0.0027 s/iter. Inference: 0.2333 s/iter. Eval: 0.0751 s/iter. Total: 0.3112 s/iter. ETA=0:10:42
[08/06 18:42:46 d2.evaluation.evaluator]: Inference done 22859/24904. Dataloading: 0.0027 s/iter. Inference: 0.2332 s/iter. Eval: 0.0751 s/iter. Total: 0.3112 s/iter. ETA=0:10:36
[08/06 18:42:51 d2.evaluation.evaluator]: Inference done 22876/24904. Dataloading: 0.0027 s/iter. Inference: 0.2332 s/iter. Eval: 0.0751 s/iter. Total: 0.3112 s/iter. ETA=0:10:31
[08/06 18:42:56 d2.evaluation.evaluator]: Inference done 22892/24904. Dataloading: 0.0027 s/iter. Inference: 0.2332 s/iter. Eval: 0.0751 s/iter. Total: 0.3112 s/iter. ETA=0:10:26
[08/06 18:43:02 d2.evaluation.evaluator]: Inference done 22906/24904. Dataloading: 0.0027 s/iter. Inference: 0.2332 s/iter. Eval: 0.0751 s/iter. Total: 0.3112 s/iter. ETA=0:10:21
[08/06 18:43:07 d2.evaluation.evaluator]: Inference done 22922/24904. Dataloading: 0.0027 s/iter. Inference: 0.2332 s/iter. Eval: 0.0751 s/iter. Total: 0.3112 s/iter. ETA=0:10:16
[08/06 18:43:12 d2.evaluation.evaluator]: Inference done 22939/24904. Dataloading: 0.0027 s/iter. Inference: 0.2332 s/iter. Eval: 0.0751 s/iter. Total: 0.3112 s/iter. ETA=0:10:11
[08/06 18:43:18 d2.evaluation.evaluator]: Inference done 22956/24904. Dataloading: 0.0027 s/iter. Inference: 0.2332 s/iter. Eval: 0.0751 s/iter. Total: 0.3112 s/iter. ETA=0:10:06
[08/06 18:43:23 d2.evaluation.evaluator]: Inference done 22973/24904. Dataloading: 0.0027 s/iter. Inference: 0.2332 s/iter. Eval: 0.0751 s/iter. Total: 0.3112 s/iter. ETA=0:10:00
[08/06 18:43:28 d2.evaluation.evaluator]: Inference done 22990/24904. Dataloading: 0.0027 s/iter. Inference: 0.2332 s/iter. Eval: 0.0751 s/iter. Total: 0.3112 s/iter. ETA=0:09:55
[08/06 18:43:33 d2.evaluation.evaluator]: Inference done 23006/24904. Dataloading: 0.0027 s/iter. Inference: 0.2332 s/iter. Eval: 0.0751 s/iter. Total: 0.3112 s/iter. ETA=0:09:50
[08/06 18:43:38 d2.evaluation.evaluator]: Inference done 23015/24904. Dataloading: 0.0027 s/iter. Inference: 0.2332 s/iter. Eval: 0.0751 s/iter. Total: 0.3112 s/iter. ETA=0:09:47
[08/06 18:43:43 d2.evaluation.evaluator]: Inference done 23032/24904. Dataloading: 0.0027 s/iter. Inference: 0.2332 s/iter. Eval: 0.0751 s/iter. Total: 0.3112 s/iter. ETA=0:09:42
[08/06 18:43:48 d2.evaluation.evaluator]: Inference done 23049/24904. Dataloading: 0.0027 s/iter. Inference: 0.2332 s/iter. Eval: 0.0751 s/iter. Total: 0.3112 s/iter. ETA=0:09:37
[08/06 18:43:53 d2.evaluation.evaluator]: Inference done 23066/24904. Dataloading: 0.0027 s/iter. Inference: 0.2332 s/iter. Eval: 0.0751 s/iter. Total: 0.3112 s/iter. ETA=0:09:31
[08/06 18:43:58 d2.evaluation.evaluator]: Inference done 23083/24904. Dataloading: 0.0027 s/iter. Inference: 0.2332 s/iter. Eval: 0.0751 s/iter. Total: 0.3111 s/iter. ETA=0:09:26
[08/06 18:44:04 d2.evaluation.evaluator]: Inference done 23100/24904. Dataloading: 0.0027 s/iter. Inference: 0.2332 s/iter. Eval: 0.0751 s/iter. Total: 0.3111 s/iter. ETA=0:09:21
[08/06 18:44:09 d2.evaluation.evaluator]: Inference done 23116/24904. Dataloading: 0.0027 s/iter. Inference: 0.2332 s/iter. Eval: 0.0751 s/iter. Total: 0.3112 s/iter. ETA=0:09:16
[08/06 18:44:14 d2.evaluation.evaluator]: Inference done 23126/24904. Dataloading: 0.0027 s/iter. Inference: 0.2332 s/iter. Eval: 0.0751 s/iter. Total: 0.3112 s/iter. ETA=0:09:13
[08/06 18:44:19 d2.evaluation.evaluator]: Inference done 23143/24904. Dataloading: 0.0027 s/iter. Inference: 0.2332 s/iter. Eval: 0.0751 s/iter. Total: 0.3111 s/iter. ETA=0:09:07
[08/06 18:44:24 d2.evaluation.evaluator]: Inference done 23160/24904. Dataloading: 0.0027 s/iter. Inference: 0.2332 s/iter. Eval: 0.0751 s/iter. Total: 0.3111 s/iter. ETA=0:09:02
[08/06 18:44:29 d2.evaluation.evaluator]: Inference done 23177/24904. Dataloading: 0.0027 s/iter. Inference: 0.2332 s/iter. Eval: 0.0751 s/iter. Total: 0.3111 s/iter. ETA=0:08:57
[08/06 18:44:34 d2.evaluation.evaluator]: Inference done 23194/24904. Dataloading: 0.0027 s/iter. Inference: 0.2332 s/iter. Eval: 0.0751 s/iter. Total: 0.3111 s/iter. ETA=0:08:52
[08/06 18:44:40 d2.evaluation.evaluator]: Inference done 23211/24904. Dataloading: 0.0027 s/iter. Inference: 0.2332 s/iter. Eval: 0.0751 s/iter. Total: 0.3111 s/iter. ETA=0:08:46
[08/06 18:44:47 d2.evaluation.evaluator]: Inference done 23226/24904. Dataloading: 0.0027 s/iter. Inference: 0.2332 s/iter. Eval: 0.0751 s/iter. Total: 0.3111 s/iter. ETA=0:08:42
[08/06 18:44:52 d2.evaluation.evaluator]: Inference done 23243/24904. Dataloading: 0.0027 s/iter. Inference: 0.2332 s/iter. Eval: 0.0751 s/iter. Total: 0.3111 s/iter. ETA=0:08:36
[08/06 18:44:57 d2.evaluation.evaluator]: Inference done 23261/24904. Dataloading: 0.0027 s/iter. Inference: 0.2332 s/iter. Eval: 0.0751 s/iter. Total: 0.3111 s/iter. ETA=0:08:31
[08/06 18:45:02 d2.evaluation.evaluator]: Inference done 23278/24904. Dataloading: 0.0027 s/iter. Inference: 0.2332 s/iter. Eval: 0.0751 s/iter. Total: 0.3111 s/iter. ETA=0:08:25
[08/06 18:45:07 d2.evaluation.evaluator]: Inference done 23295/24904. Dataloading: 0.0027 s/iter. Inference: 0.2332 s/iter. Eval: 0.0751 s/iter. Total: 0.3111 s/iter. ETA=0:08:20
[08/06 18:45:13 d2.evaluation.evaluator]: Inference done 23312/24904. Dataloading: 0.0027 s/iter. Inference: 0.2332 s/iter. Eval: 0.0751 s/iter. Total: 0.3111 s/iter. ETA=0:08:15
[08/06 18:45:18 d2.evaluation.evaluator]: Inference done 23328/24904. Dataloading: 0.0027 s/iter. Inference: 0.2332 s/iter. Eval: 0.0751 s/iter. Total: 0.3111 s/iter. ETA=0:08:10
[08/06 18:45:23 d2.evaluation.evaluator]: Inference done 23338/24904. Dataloading: 0.0027 s/iter. Inference: 0.2332 s/iter. Eval: 0.0751 s/iter. Total: 0.3111 s/iter. ETA=0:08:07
[08/06 18:45:28 d2.evaluation.evaluator]: Inference done 23355/24904. Dataloading: 0.0027 s/iter. Inference: 0.2332 s/iter. Eval: 0.0751 s/iter. Total: 0.3111 s/iter. ETA=0:08:01
[08/06 18:45:33 d2.evaluation.evaluator]: Inference done 23372/24904. Dataloading: 0.0027 s/iter. Inference: 0.2332 s/iter. Eval: 0.0751 s/iter. Total: 0.3111 s/iter. ETA=0:07:56
[08/06 18:45:39 d2.evaluation.evaluator]: Inference done 23389/24904. Dataloading: 0.0027 s/iter. Inference: 0.2332 s/iter. Eval: 0.0751 s/iter. Total: 0.3111 s/iter. ETA=0:07:51
[08/06 18:45:44 d2.evaluation.evaluator]: Inference done 23406/24904. Dataloading: 0.0027 s/iter. Inference: 0.2332 s/iter. Eval: 0.0751 s/iter. Total: 0.3111 s/iter. ETA=0:07:46
[08/06 18:45:49 d2.evaluation.evaluator]: Inference done 23423/24904. Dataloading: 0.0027 s/iter. Inference: 0.2332 s/iter. Eval: 0.0751 s/iter. Total: 0.3111 s/iter. ETA=0:07:40
[08/06 18:45:56 d2.evaluation.evaluator]: Inference done 23439/24904. Dataloading: 0.0027 s/iter. Inference: 0.2332 s/iter. Eval: 0.0751 s/iter. Total: 0.3111 s/iter. ETA=0:07:35
[08/06 18:46:01 d2.evaluation.evaluator]: Inference done 23455/24904. Dataloading: 0.0027 s/iter. Inference: 0.2332 s/iter. Eval: 0.0751 s/iter. Total: 0.3111 s/iter. ETA=0:07:30
[08/06 18:46:06 d2.evaluation.evaluator]: Inference done 23472/24904. Dataloading: 0.0027 s/iter. Inference: 0.2332 s/iter. Eval: 0.0751 s/iter. Total: 0.3111 s/iter. ETA=0:07:25
[08/06 18:46:12 d2.evaluation.evaluator]: Inference done 23489/24904. Dataloading: 0.0027 s/iter. Inference: 0.2332 s/iter. Eval: 0.0751 s/iter. Total: 0.3111 s/iter. ETA=0:07:20
[08/06 18:46:17 d2.evaluation.evaluator]: Inference done 23506/24904. Dataloading: 0.0027 s/iter. Inference: 0.2332 s/iter. Eval: 0.0751 s/iter. Total: 0.3111 s/iter. ETA=0:07:14
[08/06 18:46:22 d2.evaluation.evaluator]: Inference done 23522/24904. Dataloading: 0.0027 s/iter. Inference: 0.2332 s/iter. Eval: 0.0751 s/iter. Total: 0.3111 s/iter. ETA=0:07:09
[08/06 18:46:27 d2.evaluation.evaluator]: Inference done 23538/24904. Dataloading: 0.0027 s/iter. Inference: 0.2332 s/iter. Eval: 0.0751 s/iter. Total: 0.3111 s/iter. ETA=0:07:04
[08/06 18:46:32 d2.evaluation.evaluator]: Inference done 23549/24904. Dataloading: 0.0027 s/iter. Inference: 0.2332 s/iter. Eval: 0.0751 s/iter. Total: 0.3111 s/iter. ETA=0:07:01
[08/06 18:46:37 d2.evaluation.evaluator]: Inference done 23565/24904. Dataloading: 0.0027 s/iter. Inference: 0.2332 s/iter. Eval: 0.0751 s/iter. Total: 0.3111 s/iter. ETA=0:06:56
[08/06 18:46:42 d2.evaluation.evaluator]: Inference done 23582/24904. Dataloading: 0.0027 s/iter. Inference: 0.2332 s/iter. Eval: 0.0751 s/iter. Total: 0.3111 s/iter. ETA=0:06:51
[08/06 18:46:48 d2.evaluation.evaluator]: Inference done 23599/24904. Dataloading: 0.0027 s/iter. Inference: 0.2332 s/iter. Eval: 0.0751 s/iter. Total: 0.3111 s/iter. ETA=0:06:45
[08/06 18:46:53 d2.evaluation.evaluator]: Inference done 23616/24904. Dataloading: 0.0027 s/iter. Inference: 0.2332 s/iter. Eval: 0.0751 s/iter. Total: 0.3111 s/iter. ETA=0:06:40
[08/06 18:46:58 d2.evaluation.evaluator]: Inference done 23633/24904. Dataloading: 0.0027 s/iter. Inference: 0.2332 s/iter. Eval: 0.0751 s/iter. Total: 0.3111 s/iter. ETA=0:06:35
[08/06 18:47:05 d2.evaluation.evaluator]: Inference done 23649/24904. Dataloading: 0.0027 s/iter. Inference: 0.2332 s/iter. Eval: 0.0751 s/iter. Total: 0.3111 s/iter. ETA=0:06:30
[08/06 18:47:10 d2.evaluation.evaluator]: Inference done 23666/24904. Dataloading: 0.0027 s/iter. Inference: 0.2332 s/iter. Eval: 0.0751 s/iter. Total: 0.3111 s/iter. ETA=0:06:25
[08/06 18:47:15 d2.evaluation.evaluator]: Inference done 23683/24904. Dataloading: 0.0027 s/iter. Inference: 0.2332 s/iter. Eval: 0.0751 s/iter. Total: 0.3111 s/iter. ETA=0:06:19
[08/06 18:47:21 d2.evaluation.evaluator]: Inference done 23700/24904. Dataloading: 0.0027 s/iter. Inference: 0.2332 s/iter. Eval: 0.0751 s/iter. Total: 0.3111 s/iter. ETA=0:06:14
[08/06 18:47:26 d2.evaluation.evaluator]: Inference done 23717/24904. Dataloading: 0.0027 s/iter. Inference: 0.2332 s/iter. Eval: 0.0751 s/iter. Total: 0.3111 s/iter. ETA=0:06:09
[08/06 18:47:31 d2.evaluation.evaluator]: Inference done 23734/24904. Dataloading: 0.0027 s/iter. Inference: 0.2332 s/iter. Eval: 0.0751 s/iter. Total: 0.3111 s/iter. ETA=0:06:03
[08/06 18:47:36 d2.evaluation.evaluator]: Inference done 23751/24904. Dataloading: 0.0027 s/iter. Inference: 0.2332 s/iter. Eval: 0.0751 s/iter. Total: 0.3111 s/iter. ETA=0:05:58
[08/06 18:47:42 d2.evaluation.evaluator]: Inference done 23762/24904. Dataloading: 0.0027 s/iter. Inference: 0.2332 s/iter. Eval: 0.0751 s/iter. Total: 0.3111 s/iter. ETA=0:05:55
[08/06 18:47:47 d2.evaluation.evaluator]: Inference done 23779/24904. Dataloading: 0.0027 s/iter. Inference: 0.2332 s/iter. Eval: 0.0751 s/iter. Total: 0.3111 s/iter. ETA=0:05:49
[08/06 18:47:52 d2.evaluation.evaluator]: Inference done 23796/24904. Dataloading: 0.0027 s/iter. Inference: 0.2332 s/iter. Eval: 0.0751 s/iter. Total: 0.3111 s/iter. ETA=0:05:44
[08/06 18:47:58 d2.evaluation.evaluator]: Inference done 23813/24904. Dataloading: 0.0027 s/iter. Inference: 0.2332 s/iter. Eval: 0.0751 s/iter. Total: 0.3111 s/iter. ETA=0:05:39
[08/06 18:48:03 d2.evaluation.evaluator]: Inference done 23830/24904. Dataloading: 0.0027 s/iter. Inference: 0.2332 s/iter. Eval: 0.0751 s/iter. Total: 0.3111 s/iter. ETA=0:05:34
[08/06 18:48:08 d2.evaluation.evaluator]: Inference done 23847/24904. Dataloading: 0.0027 s/iter. Inference: 0.2332 s/iter. Eval: 0.0751 s/iter. Total: 0.3111 s/iter. ETA=0:05:28
[08/06 18:48:14 d2.evaluation.evaluator]: Inference done 23861/24904. Dataloading: 0.0027 s/iter. Inference: 0.2332 s/iter. Eval: 0.0751 s/iter. Total: 0.3111 s/iter. ETA=0:05:24
[08/06 18:48:19 d2.evaluation.evaluator]: Inference done 23878/24904. Dataloading: 0.0027 s/iter. Inference: 0.2332 s/iter. Eval: 0.0751 s/iter. Total: 0.3111 s/iter. ETA=0:05:19
[08/06 18:48:25 d2.evaluation.evaluator]: Inference done 23895/24904. Dataloading: 0.0027 s/iter. Inference: 0.2332 s/iter. Eval: 0.0751 s/iter. Total: 0.3111 s/iter. ETA=0:05:13
[08/06 18:48:30 d2.evaluation.evaluator]: Inference done 23912/24904. Dataloading: 0.0027 s/iter. Inference: 0.2332 s/iter. Eval: 0.0751 s/iter. Total: 0.3111 s/iter. ETA=0:05:08
[08/06 18:48:35 d2.evaluation.evaluator]: Inference done 23929/24904. Dataloading: 0.0027 s/iter. Inference: 0.2331 s/iter. Eval: 0.0751 s/iter. Total: 0.3111 s/iter. ETA=0:05:03
[08/06 18:48:40 d2.evaluation.evaluator]: Inference done 23946/24904. Dataloading: 0.0027 s/iter. Inference: 0.2331 s/iter. Eval: 0.0751 s/iter. Total: 0.3111 s/iter. ETA=0:04:58
[08/06 18:48:45 d2.evaluation.evaluator]: Inference done 23963/24904. Dataloading: 0.0027 s/iter. Inference: 0.2331 s/iter. Eval: 0.0751 s/iter. Total: 0.3111 s/iter. ETA=0:04:52
[08/06 18:48:51 d2.evaluation.evaluator]: Inference done 23974/24904. Dataloading: 0.0027 s/iter. Inference: 0.2331 s/iter. Eval: 0.0751 s/iter. Total: 0.3111 s/iter. ETA=0:04:49
[08/06 18:48:56 d2.evaluation.evaluator]: Inference done 23991/24904. Dataloading: 0.0027 s/iter. Inference: 0.2331 s/iter. Eval: 0.0751 s/iter. Total: 0.3111 s/iter. ETA=0:04:44
[08/06 18:49:01 d2.evaluation.evaluator]: Inference done 24008/24904. Dataloading: 0.0027 s/iter. Inference: 0.2331 s/iter. Eval: 0.0751 s/iter. Total: 0.3111 s/iter. ETA=0:04:38
[08/06 18:49:06 d2.evaluation.evaluator]: Inference done 24025/24904. Dataloading: 0.0027 s/iter. Inference: 0.2331 s/iter. Eval: 0.0751 s/iter. Total: 0.3111 s/iter. ETA=0:04:33
[08/06 18:49:12 d2.evaluation.evaluator]: Inference done 24042/24904. Dataloading: 0.0027 s/iter. Inference: 0.2331 s/iter. Eval: 0.0751 s/iter. Total: 0.3111 s/iter. ETA=0:04:28
[08/06 18:49:17 d2.evaluation.evaluator]: Inference done 24059/24904. Dataloading: 0.0027 s/iter. Inference: 0.2331 s/iter. Eval: 0.0751 s/iter. Total: 0.3111 s/iter. ETA=0:04:22
[08/06 18:49:23 d2.evaluation.evaluator]: Inference done 24074/24904. Dataloading: 0.0027 s/iter. Inference: 0.2331 s/iter. Eval: 0.0751 s/iter. Total: 0.3111 s/iter. ETA=0:04:18
[08/06 18:49:28 d2.evaluation.evaluator]: Inference done 24090/24904. Dataloading: 0.0027 s/iter. Inference: 0.2331 s/iter. Eval: 0.0751 s/iter. Total: 0.3111 s/iter. ETA=0:04:13
[08/06 18:49:34 d2.evaluation.evaluator]: Inference done 24107/24904. Dataloading: 0.0027 s/iter. Inference: 0.2331 s/iter. Eval: 0.0751 s/iter. Total: 0.3111 s/iter. ETA=0:04:07
[08/06 18:49:39 d2.evaluation.evaluator]: Inference done 24124/24904. Dataloading: 0.0027 s/iter. Inference: 0.2331 s/iter. Eval: 0.0751 s/iter. Total: 0.3110 s/iter. ETA=0:04:02
[08/06 18:49:44 d2.evaluation.evaluator]: Inference done 24141/24904. Dataloading: 0.0027 s/iter. Inference: 0.2331 s/iter. Eval: 0.0751 s/iter. Total: 0.3110 s/iter. ETA=0:03:57
[08/06 18:49:49 d2.evaluation.evaluator]: Inference done 24158/24904. Dataloading: 0.0027 s/iter. Inference: 0.2331 s/iter. Eval: 0.0751 s/iter. Total: 0.3110 s/iter. ETA=0:03:52
[08/06 18:49:54 d2.evaluation.evaluator]: Inference done 24175/24904. Dataloading: 0.0027 s/iter. Inference: 0.2331 s/iter. Eval: 0.0751 s/iter. Total: 0.3110 s/iter. ETA=0:03:46
[08/06 18:49:59 d2.evaluation.evaluator]: Inference done 24185/24904. Dataloading: 0.0027 s/iter. Inference: 0.2331 s/iter. Eval: 0.0751 s/iter. Total: 0.3110 s/iter. ETA=0:03:43
[08/06 18:50:04 d2.evaluation.evaluator]: Inference done 24202/24904. Dataloading: 0.0027 s/iter. Inference: 0.2331 s/iter. Eval: 0.0751 s/iter. Total: 0.3110 s/iter. ETA=0:03:38
[08/06 18:50:10 d2.evaluation.evaluator]: Inference done 24219/24904. Dataloading: 0.0027 s/iter. Inference: 0.2331 s/iter. Eval: 0.0751 s/iter. Total: 0.3110 s/iter. ETA=0:03:33
[08/06 18:50:15 d2.evaluation.evaluator]: Inference done 24236/24904. Dataloading: 0.0027 s/iter. Inference: 0.2331 s/iter. Eval: 0.0751 s/iter. Total: 0.3110 s/iter. ETA=0:03:27
[08/06 18:50:20 d2.evaluation.evaluator]: Inference done 24253/24904. Dataloading: 0.0027 s/iter. Inference: 0.2331 s/iter. Eval: 0.0751 s/iter. Total: 0.3110 s/iter. ETA=0:03:22
[08/06 18:50:25 d2.evaluation.evaluator]: Inference done 24270/24904. Dataloading: 0.0027 s/iter. Inference: 0.2331 s/iter. Eval: 0.0751 s/iter. Total: 0.3110 s/iter. ETA=0:03:17
[08/06 18:50:32 d2.evaluation.evaluator]: Inference done 24287/24904. Dataloading: 0.0027 s/iter. Inference: 0.2331 s/iter. Eval: 0.0751 s/iter. Total: 0.3110 s/iter. ETA=0:03:11
[08/06 18:50:38 d2.evaluation.evaluator]: Inference done 24304/24904. Dataloading: 0.0027 s/iter. Inference: 0.2331 s/iter. Eval: 0.0751 s/iter. Total: 0.3110 s/iter. ETA=0:03:06
[08/06 18:50:43 d2.evaluation.evaluator]: Inference done 24321/24904. Dataloading: 0.0027 s/iter. Inference: 0.2331 s/iter. Eval: 0.0751 s/iter. Total: 0.3110 s/iter. ETA=0:03:01
[08/06 18:50:48 d2.evaluation.evaluator]: Inference done 24338/24904. Dataloading: 0.0027 s/iter. Inference: 0.2331 s/iter. Eval: 0.0751 s/iter. Total: 0.3110 s/iter. ETA=0:02:56
[08/06 18:50:53 d2.evaluation.evaluator]: Inference done 24355/24904. Dataloading: 0.0027 s/iter. Inference: 0.2331 s/iter. Eval: 0.0751 s/iter. Total: 0.3110 s/iter. ETA=0:02:50
[08/06 18:50:59 d2.evaluation.evaluator]: Inference done 24372/24904. Dataloading: 0.0027 s/iter. Inference: 0.2331 s/iter. Eval: 0.0751 s/iter. Total: 0.3110 s/iter. ETA=0:02:45
[08/06 18:51:04 d2.evaluation.evaluator]: Inference done 24389/24904. Dataloading: 0.0027 s/iter. Inference: 0.2331 s/iter. Eval: 0.0751 s/iter. Total: 0.3110 s/iter. ETA=0:02:40
[08/06 18:51:09 d2.evaluation.evaluator]: Inference done 24400/24904. Dataloading: 0.0027 s/iter. Inference: 0.2331 s/iter. Eval: 0.0751 s/iter. Total: 0.3110 s/iter. ETA=0:02:36
[08/06 18:51:14 d2.evaluation.evaluator]: Inference done 24417/24904. Dataloading: 0.0027 s/iter. Inference: 0.2331 s/iter. Eval: 0.0751 s/iter. Total: 0.3110 s/iter. ETA=0:02:31
[08/06 18:51:20 d2.evaluation.evaluator]: Inference done 24434/24904. Dataloading: 0.0027 s/iter. Inference: 0.2331 s/iter. Eval: 0.0751 s/iter. Total: 0.3110 s/iter. ETA=0:02:26
[08/06 18:51:25 d2.evaluation.evaluator]: Inference done 24450/24904. Dataloading: 0.0027 s/iter. Inference: 0.2331 s/iter. Eval: 0.0751 s/iter. Total: 0.3110 s/iter. ETA=0:02:21
[08/06 18:51:30 d2.evaluation.evaluator]: Inference done 24467/24904. Dataloading: 0.0027 s/iter. Inference: 0.2331 s/iter. Eval: 0.0751 s/iter. Total: 0.3110 s/iter. ETA=0:02:15
[08/06 18:51:35 d2.evaluation.evaluator]: Inference done 24484/24904. Dataloading: 0.0027 s/iter. Inference: 0.2331 s/iter. Eval: 0.0751 s/iter. Total: 0.3110 s/iter. ETA=0:02:10
[08/06 18:51:42 d2.evaluation.evaluator]: Inference done 24499/24904. Dataloading: 0.0027 s/iter. Inference: 0.2331 s/iter. Eval: 0.0751 s/iter. Total: 0.3110 s/iter. ETA=0:02:05
[08/06 18:51:47 d2.evaluation.evaluator]: Inference done 24516/24904. Dataloading: 0.0027 s/iter. Inference: 0.2331 s/iter. Eval: 0.0751 s/iter. Total: 0.3110 s/iter. ETA=0:02:00
[08/06 18:51:52 d2.evaluation.evaluator]: Inference done 24533/24904. Dataloading: 0.0027 s/iter. Inference: 0.2331 s/iter. Eval: 0.0751 s/iter. Total: 0.3110 s/iter. ETA=0:01:55
[08/06 18:51:57 d2.evaluation.evaluator]: Inference done 24550/24904. Dataloading: 0.0027 s/iter. Inference: 0.2331 s/iter. Eval: 0.0751 s/iter. Total: 0.3110 s/iter. ETA=0:01:50
[08/06 18:52:03 d2.evaluation.evaluator]: Inference done 24567/24904. Dataloading: 0.0027 s/iter. Inference: 0.2331 s/iter. Eval: 0.0751 s/iter. Total: 0.3110 s/iter. ETA=0:01:44
[08/06 18:52:08 d2.evaluation.evaluator]: Inference done 24584/24904. Dataloading: 0.0027 s/iter. Inference: 0.2331 s/iter. Eval: 0.0751 s/iter. Total: 0.3110 s/iter. ETA=0:01:39
[08/06 18:52:13 d2.evaluation.evaluator]: Inference done 24601/24904. Dataloading: 0.0027 s/iter. Inference: 0.2331 s/iter. Eval: 0.0751 s/iter. Total: 0.3110 s/iter. ETA=0:01:34
[08/06 18:52:18 d2.evaluation.evaluator]: Inference done 24612/24904. Dataloading: 0.0027 s/iter. Inference: 0.2331 s/iter. Eval: 0.0751 s/iter. Total: 0.3110 s/iter. ETA=0:01:30
[08/06 18:52:24 d2.evaluation.evaluator]: Inference done 24629/24904. Dataloading: 0.0027 s/iter. Inference: 0.2331 s/iter. Eval: 0.0751 s/iter. Total: 0.3110 s/iter. ETA=0:01:25
[08/06 18:52:29 d2.evaluation.evaluator]: Inference done 24645/24904. Dataloading: 0.0027 s/iter. Inference: 0.2331 s/iter. Eval: 0.0751 s/iter. Total: 0.3110 s/iter. ETA=0:01:20
[08/06 18:52:34 d2.evaluation.evaluator]: Inference done 24662/24904. Dataloading: 0.0027 s/iter. Inference: 0.2331 s/iter. Eval: 0.0751 s/iter. Total: 0.3110 s/iter. ETA=0:01:15
[08/06 18:52:39 d2.evaluation.evaluator]: Inference done 24678/24904. Dataloading: 0.0027 s/iter. Inference: 0.2331 s/iter. Eval: 0.0751 s/iter. Total: 0.3110 s/iter. ETA=0:01:10
[08/06 18:52:44 d2.evaluation.evaluator]: Inference done 24694/24904. Dataloading: 0.0027 s/iter. Inference: 0.2331 s/iter. Eval: 0.0751 s/iter. Total: 0.3110 s/iter. ETA=0:01:05
[08/06 18:52:51 d2.evaluation.evaluator]: Inference done 24710/24904. Dataloading: 0.0027 s/iter. Inference: 0.2331 s/iter. Eval: 0.0751 s/iter. Total: 0.3110 s/iter. ETA=0:01:00
[08/06 18:52:56 d2.evaluation.evaluator]: Inference done 24727/24904. Dataloading: 0.0027 s/iter. Inference: 0.2331 s/iter. Eval: 0.0751 s/iter. Total: 0.3110 s/iter. ETA=0:00:55
[08/06 18:53:01 d2.evaluation.evaluator]: Inference done 24744/24904. Dataloading: 0.0027 s/iter. Inference: 0.2331 s/iter. Eval: 0.0751 s/iter. Total: 0.3110 s/iter. ETA=0:00:49
[08/06 18:53:06 d2.evaluation.evaluator]: Inference done 24761/24904. Dataloading: 0.0027 s/iter. Inference: 0.2331 s/iter. Eval: 0.0751 s/iter. Total: 0.3110 s/iter. ETA=0:00:44
[08/06 18:53:12 d2.evaluation.evaluator]: Inference done 24778/24904. Dataloading: 0.0027 s/iter. Inference: 0.2331 s/iter. Eval: 0.0751 s/iter. Total: 0.3110 s/iter. ETA=0:00:39
[08/06 18:53:17 d2.evaluation.evaluator]: Inference done 24795/24904. Dataloading: 0.0027 s/iter. Inference: 0.2331 s/iter. Eval: 0.0751 s/iter. Total: 0.3110 s/iter. ETA=0:00:33
[08/06 18:53:22 d2.evaluation.evaluator]: Inference done 24812/24904. Dataloading: 0.0027 s/iter. Inference: 0.2331 s/iter. Eval: 0.0751 s/iter. Total: 0.3110 s/iter. ETA=0:00:28
[08/06 18:53:27 d2.evaluation.evaluator]: Inference done 24823/24904. Dataloading: 0.0027 s/iter. Inference: 0.2331 s/iter. Eval: 0.0751 s/iter. Total: 0.3110 s/iter. ETA=0:00:25
[08/06 18:53:32 d2.evaluation.evaluator]: Inference done 24840/24904. Dataloading: 0.0027 s/iter. Inference: 0.2331 s/iter. Eval: 0.0751 s/iter. Total: 0.3110 s/iter. ETA=0:00:19
[08/06 18:53:38 d2.evaluation.evaluator]: Inference done 24857/24904. Dataloading: 0.0027 s/iter. Inference: 0.2331 s/iter. Eval: 0.0751 s/iter. Total: 0.3110 s/iter. ETA=0:00:14
[08/06 18:53:43 d2.evaluation.evaluator]: Inference done 24874/24904. Dataloading: 0.0027 s/iter. Inference: 0.2331 s/iter. Eval: 0.0751 s/iter. Total: 0.3110 s/iter. ETA=0:00:09
[08/06 18:53:48 d2.evaluation.evaluator]: Inference done 24890/24904. Dataloading: 0.0027 s/iter. Inference: 0.2331 s/iter. Eval: 0.0751 s/iter. Total: 0.3110 s/iter. ETA=0:00:04
[08/06 18:53:52 d2.evaluation.evaluator]: Total inference time: 2:09:03.083307 (0.310980 s / iter per device, on 1 devices)
[08/06 18:53:52 d2.evaluation.evaluator]: Total inference pure compute time: 1:36:43 (0.233097 s / iter per device, on 1 devices)
[08/06 18:54:05 d2.evaluation.sem_seg_evaluation]: OrderedDict([('sem_seg', {'mIoU': 58.24629243749504, 'fwIoU': 77.8059827822549, 'IoU-road': 81.98254174357061, 'BoundaryIoU-road': 84.3938019528771, 'min(IoU, B-Iou)-road': 81.98254174357061, 'IoU-sidewalk': 41.14720442676467, 'BoundaryIoU-sidewalk': 25.299215974339855, 'min(IoU, B-Iou)-sidewalk': 25.299215974339855, 'IoU-building': 85.29565946496142, 'BoundaryIoU-building': 57.46046985721568, 'min(IoU, B-Iou)-building': 57.46046985721568, 'IoU-wall': 49.044189539242524, 'BoundaryIoU-wall': 22.735529806645907, 'min(IoU, B-Iou)-wall': 22.735529806645907, 'IoU-fence': 45.8281039984587, 'BoundaryIoU-fence': 19.364180698379123, 'min(IoU, B-Iou)-fence': 19.364180698379123, 'IoU-pole': 58.68607276033283, 'BoundaryIoU-pole': 47.5207921800219, 'min(IoU, B-Iou)-pole': 47.5207921800219, 'IoU-traffic light': 64.58514516679826, 'BoundaryIoU-traffic light': 55.679686841218846, 'min(IoU, B-Iou)-traffic light': 55.679686841218846, 'IoU-traffic sign': 40.405624311155556, 'BoundaryIoU-traffic sign': 15.987268352713658, 'min(IoU, B-Iou)-traffic sign': 15.987268352713658, 'IoU-vegetation': 79.8508426547807, 'BoundaryIoU-vegetation': 58.76704592971357, 'min(IoU, B-Iou)-vegetation': 58.76704592971357, 'IoU-terrain': 37.39579224828393, 'BoundaryIoU-terrain': 24.183610909699148, 'min(IoU, B-Iou)-terrain': 24.183610909699148, 'IoU-sky': 93.41069175687993, 'BoundaryIoU-sky': 87.39733239694827, 'min(IoU, B-Iou)-sky': 87.39733239694827, 'IoU-person': 81.03223579614294, 'BoundaryIoU-person': 43.643449426289024, 'min(IoU, B-Iou)-person': 43.643449426289024, 'IoU-rider': 55.57275762689318, 'BoundaryIoU-rider': 38.98330115294617, 'min(IoU, B-Iou)-rider': 38.98330115294617, 'IoU-car': 88.18330977129388, 'BoundaryIoU-car': 0.0, 'min(IoU, B-Iou)-car': 0.0, 'IoU-truck': 76.82151422588163, 'BoundaryIoU-truck': 0.0, 'min(IoU, B-Iou)-truck': 0.0, 'IoU-bus': 26.1761863940624, 'BoundaryIoU-bus': 0.0, 'min(IoU, B-Iou)-bus': 0.0, 'IoU-train': 10.714778173540992, 'BoundaryIoU-train': 0.0, 'min(IoU, B-Iou)-train': 0.0, 'IoU-motorcycle': 65.03789883714497, 'BoundaryIoU-motorcycle': 0.0, 'min(IoU, B-Iou)-motorcycle': 0.0, 'IoU-bicycle': 25.509007416216704, 'BoundaryIoU-bicycle': 0.0, 'min(IoU, B-Iou)-bicycle': 0.0, 'mACC': 75.83847497638713, 'pACC': 86.7066779646871, 'ACC-road': 92.1481856530375, 'ACC-sidewalk': 49.82247457655599, 'ACC-building': 94.39647163206705, 'ACC-wall': 62.78126387576721, 'ACC-fence': 63.4353871729706, 'ACC-pole': 76.08497433655612, 'ACC-traffic light': 75.34171730561093, 'ACC-traffic sign': 74.05091040362382, 'ACC-vegetation': 87.97883867819836, 'ACC-terrain': 60.7507039975866, 'ACC-sky': 95.79777732276114, 'ACC-person': 88.77148772228375, 'ACC-rider': 91.50887122287446, 'ACC-car': 95.25496878715532, 'ACC-truck': 85.44893865332477, 'ACC-bus': 27.887765295118292, 'ACC-train': 48.39588791672273, 'ACC-motorcycle': 83.04136783335757, 'ACC-bicycle': 88.0330321657833})])
[08/06 18:54:05 d2.engine.defaults]: Evaluation results for gta5_sem_seg_val in csv format:
[08/06 18:54:05 d2.evaluation.testing]: copypaste: Task: sem_seg
[08/06 18:54:05 d2.evaluation.testing]: copypaste: mIoU,fwIoU,mACC,pACC
[08/06 18:54:05 d2.evaluation.testing]: copypaste: 58.2463,77.8060,75.8385,86.7067
