/home/peter/miniconda3/envs/Attention-stability/lib/python3.8/site-packages/timm/models/layers/__init__.py:49: FutureWarning: Importing from timm.models.layers is deprecated, please import via timm.layers
  warnings.warn(f"Importing from {__name__} is deprecated, please import via timm.layers", FutureWarning)
/home/peter/research/Mask2Former/mask2former/modeling/pixel_decoder/msdeformattn.py:314: FutureWarning: `torch.cuda.amp.autocast(args...)` is deprecated. Please use `torch.amp.autocast('cuda', args...)` instead.
  @autocast(enabled=False)
Loading config custom_configs/training/csfd_swinb_90k.yaml with yaml.unsafe_load. Your machine may be at risk if the file contains malicious content.
Loading config custom_configs/training/../../configs/cityscapes/semantic-segmentation/swin/../Base-Cityscapes-SemanticSegmentation.yaml with yaml.unsafe_load. Your machine may be at risk if the file contains malicious content.

=== Registering DG datasets (19-class Cityscapes label space) ===
[cityscapes] cityscapes_fine_sem_seg_train already registered by detectron2 builtin
[cityscapes] cityscapes_fine_sem_seg_val already registered by detectron2 builtin
[bdd100k] preparing labels...
[bdd100k] registered bdd100k_sem_seg_train (7000 samples)
[bdd100k] registered bdd100k_sem_seg_val (1000 samples)
[gta5] preparing labels...
[gta5] registered gta5_sem_seg_val (24966 samples)
[mapillary] preparing labels...
[mapillary] config_v2.0.json: matched 29/124 classes -> 19-class
[mapillary] removed existing registration for mapillary_vistas_sem_seg_train
[mapillary] removed existing registration for mapillary_vistas_sem_seg_val
[mapillary] registered mapillary_vistas_sem_seg_train (18000 samples)
[mapillary] registered mapillary_vistas_sem_seg_val (2000 samples)
[acdc] registered acdc_sem_seg_val
[acdc] registered acdc_fog_sem_seg_val
[acdc] registered acdc_night_sem_seg_val
[acdc] registered acdc_rain_sem_seg_val
[acdc] registered acdc_snow_sem_seg_val
=== Registration complete ===

[mask2former.datasets] Note: Could not import custom datasets: No module named 'mask2former.datasets'
Command Line Args: Namespace(config_file='custom_configs/training/csfd_swinb_90k.yaml', dist_url='tcp://127.0.0.1:50153', eval_only=True, machine_rank=0, num_gpus=1, num_machines=1, opts=['MODEL.CSFD.USE_ROBUSTIFIER', 'False', 'MODEL.WEIGHTS', 'experiments/training_outputs/csfd_ablation_gate_only/model_final.pth', 'DATASETS.TEST', '("gta5_sem_seg_val",)', 'OUTPUT_DIR', 'experiments/ablation_results/gate_only'], resume=False)
[08/06 12:16:26 detectron2]: Rank of current process: 0. World size: 1
[08/06 12:16:26 detectron2]: Environment info:
-------------------------------  -----------------------------------------------------------------------------------------------------
sys.platform                     linux
Python                           3.8.20 (default, Oct  3 2024, 15:24:27) [GCC 11.2.0]
numpy                            1.24.4
detectron2                       0.6 @/home/peter/research/detectron2/detectron2
Compiler                         GCC 11.4
CUDA compiler                    CUDA 12.1
detectron2 arch flags            8.6
DETECTRON2_ENV_MODULE            <not set>
PyTorch                          2.4.0+cu121 @/home/peter/miniconda3/envs/Attention-stability/lib/python3.8/site-packages/torch
PyTorch debug build              False
torch._C._GLIBCXX_USE_CXX11_ABI  False
GPU available                    Yes
GPU 0                            NVIDIA GeForce RTX 3090 (arch=8.6)
Driver version                   591.86
CUDA_HOME                        /usr/local/cuda-12.1
TORCH_CUDA_ARCH_LIST             8.6
Pillow                           10.4.0
torchvision                      0.19.0+cu121 @/home/peter/miniconda3/envs/Attention-stability/lib/python3.8/site-packages/torchvision
torchvision arch flags           5.0, 6.0, 7.0, 7.5, 8.0, 8.6, 9.0
fvcore                           0.1.5.post20221221
iopath                           0.1.9
cv2                              4.13.0
-------------------------------  -----------------------------------------------------------------------------------------------------
PyTorch built with:
  - GCC 9.3
  - C++ Version: 201703
  - Intel(R) oneAPI Math Kernel Library Version 2022.2-Product Build 20220804 for Intel(R) 64 architecture applications
  - Intel(R) MKL-DNN v3.4.2 (Git Hash 1137e04ec0b5251ca2b4400a4fd3c667ce843d67)
  - OpenMP 201511 (a.k.a. OpenMP 4.5)
  - LAPACK is enabled (usually provided by MKL)
  - NNPACK is enabled
  - CPU capability usage: AVX2
  - CUDA Runtime 12.1
  - NVCC architecture flags: -gencode;arch=compute_50,code=sm_50;-gencode;arch=compute_60,code=sm_60;-gencode;arch=compute_70,code=sm_70;-gencode;arch=compute_75,code=sm_75;-gencode;arch=compute_80,code=sm_80;-gencode;arch=compute_86,code=sm_86;-gencode;arch=compute_90,code=sm_90
  - CuDNN 90.1  (built against CUDA 12.4)
  - Magma 2.6.1
  - Build settings: BLAS_INFO=mkl, BUILD_TYPE=Release, CUDA_VERSION=12.1, CUDNN_VERSION=9.1.0, CXX_COMPILER=/opt/rh/devtoolset-9/root/usr/bin/c++, CXX_FLAGS= -D_GLIBCXX_USE_CXX11_ABI=0 -fabi-version=11 -fvisibility-inlines-hidden -DUSE_PTHREADPOOL -DNDEBUG -DUSE_KINETO -DLIBKINETO_NOROCTRACER -DUSE_FBGEMM -DUSE_PYTORCH_QNNPACK -DUSE_XNNPACK -DSYMBOLICATE_MOBILE_DEBUG_HANDLE -O2 -fPIC -Wall -Wextra -Werror=return-type -Werror=non-virtual-dtor -Werror=bool-operation -Wnarrowing -Wno-missing-field-initializers -Wno-type-limits -Wno-array-bounds -Wno-unknown-pragmas -Wno-unused-parameter -Wno-unused-function -Wno-unused-result -Wno-strict-overflow -Wno-strict-aliasing -Wno-stringop-overflow -Wsuggest-override -Wno-psabi -Wno-error=pedantic -Wno-error=old-style-cast -Wno-missing-braces -fdiagnostics-color=always -faligned-new -Wno-unused-but-set-variable -Wno-maybe-uninitialized -fno-math-errno -fno-trapping-math -Werror=format -Wno-stringop-overflow, LAPACK_INFO=mkl, PERF_WITH_AVX=1, PERF_WITH_AVX2=1, PERF_WITH_AVX512=1, TORCH_VERSION=2.4.0, USE_CUDA=ON, USE_CUDNN=ON, USE_CUSPARSELT=1, USE_EXCEPTION_PTR=1, USE_GFLAGS=OFF, USE_GLOG=OFF, USE_GLOO=ON, USE_MKL=ON, USE_MKLDNN=ON, USE_MPI=OFF, USE_NCCL=1, USE_NNPACK=ON, USE_OPENMP=ON, USE_ROCM=OFF, USE_ROCM_KERNEL_ASSERT=OFF, 

[08/06 12:16:26 detectron2]: Command line arguments: Namespace(config_file='custom_configs/training/csfd_swinb_90k.yaml', dist_url='tcp://127.0.0.1:50153', eval_only=True, machine_rank=0, num_gpus=1, num_machines=1, opts=['MODEL.CSFD.USE_ROBUSTIFIER', 'False', 'MODEL.WEIGHTS', 'experiments/training_outputs/csfd_ablation_gate_only/model_final.pth', 'DATASETS.TEST', '("gta5_sem_seg_val",)', 'OUTPUT_DIR', 'experiments/ablation_results/gate_only'], resume=False)
[08/06 12:16:27 detectron2]: Contents of args.config_file=custom_configs/training/csfd_swinb_90k.yaml:
_BASE_: "../../configs/cityscapes/semantic-segmentation/swin/maskformer2_swin_base_IN21k_384_bs16_90k.yaml"
 
MODEL:
  BACKBONE:
    FREEZE_AT: 0
  WEIGHTS: "pretrained_weights/swin_base_patch4_window12_384_22k.pkl"
  SWIN:
    PRETRAIN_IMG_SIZE: 384
    WINDOW_SIZE: 12
    EMBED_DIM: 128
    DEPTHS: [2, 2, 18, 2]
    NUM_HEADS: [4, 8, 16, 32]
  MASK_FORMER:
    DEC_LAYERS: 10
  CSFD:
    ENABLED: True
    KERNEL_SIZE: 7
    INIT_SIGMA: 2.0
    REDUCTION: 4
 
SOLVER:
  IMS_PER_BATCH: 4
  BASE_LR: 0.0001
  WEIGHT_DECAY: 0.05
  MAX_ITER: 90000
  LR_SCHEDULER_NAME: "WarmupPolyLR"
  WARMUP_FACTOR: 1.0
  WARMUP_ITERS: 0
  POLY_LR_POWER: 0.9
  POLY_LR_CONSTANT_ENDING: 0.0
 
INPUT:
  MIN_SIZE_TRAIN: !!python/object/apply:eval ["[int(x * 0.1 * 1024) for x in range(5, 21)]"]
  MIN_SIZE_TRAIN_SAMPLING: "choice"
  MIN_SIZE_TEST: 1024
  MAX_SIZE_TRAIN: 4096
  MAX_SIZE_TEST: 2048
  CROP:
    ENABLED: True
    TYPE: "absolute"
    SIZE: (512, 1024)
    SINGLE_CATEGORY_MAX_AREA: 1.0
  COLOR_AUG_SSD: True
  FORMAT: "RGB"
 
DATALOADER:
  NUM_WORKERS: 4
 
OUTPUT_DIR: "experiments/training_outputs/csfd_swinb_90k"

[08/06 12:16:27 detectron2]: Running with full config:
CUDNN_BENCHMARK: false
DATALOADER:
  ASPECT_RATIO_GROUPING: true
  FILTER_EMPTY_ANNOTATIONS: true
  NUM_WORKERS: 4
  REPEAT_SQRT: true
  REPEAT_THRESHOLD: 0.0
  SAMPLER_TRAIN: TrainingSampler
DATASETS:
  PRECOMPUTED_PROPOSAL_TOPK_TEST: 1000
  PRECOMPUTED_PROPOSAL_TOPK_TRAIN: 2000
  PROPOSAL_FILES_TEST: []
  PROPOSAL_FILES_TRAIN: []
  TEST:
  - gta5_sem_seg_val
  TRAIN:
  - cityscapes_fine_sem_seg_train
FLOAT32_PRECISION: ''
GLOBAL:
  HACK: 1.0
INPUT:
  COLOR_AUG_SSD: true
  CROP:
    ENABLED: true
    SINGLE_CATEGORY_MAX_AREA: 1.0
    SIZE:
    - 512
    - 1024
    TYPE: absolute
  DATASET_MAPPER_NAME: mask_former_semantic
  FORMAT: RGB
  IMAGE_SIZE: 1024
  MASK_FORMAT: polygon
  MAX_SCALE: 2.0
  MAX_SIZE_TEST: 2048
  MAX_SIZE_TRAIN: 4096
  MIN_SCALE: 0.1
  MIN_SIZE_TEST: 1024
  MIN_SIZE_TRAIN:
  - 512
  - 614
  - 716
  - 819
  - 921
  - 1024
  - 1126
  - 1228
  - 1331
  - 1433
  - 1536
  - 1638
  - 1740
  - 1843
  - 1945
  - 2048
  MIN_SIZE_TRAIN_SAMPLING: choice
  RANDOM_FLIP: horizontal
  SIZE_DIVISIBILITY: -1
MODEL:
  ANCHOR_GENERATOR:
    ANGLES:
    - - -90
      - 0
      - 90
    ASPECT_RATIOS:
    - - 0.5
      - 1.0
      - 2.0
    NAME: DefaultAnchorGenerator
    OFFSET: 0.0
    SIZES:
    - - 32
      - 64
      - 128
      - 256
      - 512
  BACKBONE:
    FREEZE_AT: 0
    NAME: D2SwinTransformer
  CSFD:
    ENABLED: true
    INIT_SIGMA: 2.0
    KERNEL_SIZE: 7
    REDUCTION: 4
    STYLE_AUG:
      ENABLED: false
      MODE: full
      PROB: 0.5
      SEVERITY: 1.0
    USE_GATE: true
    USE_ROBUSTIFIER: false
  DEVICE: cuda
  FPN:
    FUSE_TYPE: sum
    IN_FEATURES: []
    NORM: ''
    OUT_CHANNELS: 256
  KEYPOINT_ON: false
  LOAD_PROPOSALS: false
  MASK_FORMER:
    CLASS_WEIGHT: 2.0
    DEC_LAYERS: 10
    DEEP_SUPERVISION: true
    DICE_WEIGHT: 5.0
    DIM_FEEDFORWARD: 2048
    DROPOUT: 0.0
    ENC_LAYERS: 0
    ENFORCE_INPUT_PROJ: false
    HIDDEN_DIM: 256
    IMPORTANCE_SAMPLE_RATIO: 0.75
    MASK_WEIGHT: 5.0
    NHEADS: 8
    NO_OBJECT_WEIGHT: 0.1
    NUM_OBJECT_QUERIES: 100
    OVERSAMPLE_RATIO: 3.0
    PRE_NORM: false
    SIZE_DIVISIBILITY: 32
    TEST:
      INSTANCE_ON: false
      OBJECT_MASK_THRESHOLD: 0.8
      OVERLAP_THRESHOLD: 0.8
      PANOPTIC_ON: false
      SEMANTIC_ON: true
      SEM_SEG_POSTPROCESSING_BEFORE_INFERENCE: false
    TRAIN_NUM_POINTS: 12544
    TRANSFORMER_DECODER_NAME: MultiScaleMaskedTransformerDecoder
    TRANSFORMER_IN_FEATURE: multi_scale_pixel_decoder
  MASK_ON: false
  META_ARCHITECTURE: MaskFormer
  PANOPTIC_FPN:
    COMBINE:
      ENABLED: true
      INSTANCES_CONFIDENCE_THRESH: 0.5
      OVERLAP_THRESH: 0.5
      STUFF_AREA_LIMIT: 4096
    INSTANCE_LOSS_WEIGHT: 1.0
  PIXEL_MEAN:
  - 123.675
  - 116.28
  - 103.53
  PIXEL_STD:
  - 58.395
  - 57.12
  - 57.375
  PROPOSAL_GENERATOR:
    MIN_SIZE: 0
    NAME: RPN
  RESNETS:
    DEFORM_MODULATED: false
    DEFORM_NUM_GROUPS: 1
    DEFORM_ON_PER_STAGE:
    - false
    - false
    - false
    - false
    DEPTH: 50
    NORM: SyncBN
    NUM_GROUPS: 1
    OUT_FEATURES:
    - res2
    - res3
    - res4
    - res5
    RES2_OUT_CHANNELS: 256
    RES4_DILATION: 1
    RES5_DILATION: 1
    RES5_MULTI_GRID:
    - 1
    - 1
    - 1
    STEM_OUT_CHANNELS: 64
    STEM_TYPE: basic
    STRIDE_IN_1X1: false
    WIDTH_PER_GROUP: 64
  RETINANET:
    BBOX_REG_LOSS_TYPE: smooth_l1
    BBOX_REG_WEIGHTS: &id002
    - 1.0
    - 1.0
    - 1.0
    - 1.0
    FOCAL_LOSS_ALPHA: 0.25
    FOCAL_LOSS_GAMMA: 2.0
    IN_FEATURES:
    - p3
    - p4
    - p5
    - p6
    - p7
    IOU_LABELS:
    - 0
    - -1
    - 1
    IOU_THRESHOLDS:
    - 0.4
    - 0.5
    NMS_THRESH_TEST: 0.5
    NORM: ''
    NUM_CLASSES: 80
    NUM_CONVS: 4
    PRIOR_PROB: 0.01
    SCORE_THRESH_TEST: 0.05
    SMOOTH_L1_LOSS_BETA: 0.1
    TOPK_CANDIDATES_TEST: 1000
  ROI_BOX_CASCADE_HEAD:
    BBOX_REG_WEIGHTS:
    - &id001
      - 10.0
      - 10.0
      - 5.0
      - 5.0
    - - 20.0
      - 20.0
      - 10.0
      - 10.0
    - - 30.0
      - 30.0
      - 15.0
      - 15.0
    IOUS:
    - 0.5
    - 0.6
    - 0.7
  ROI_BOX_HEAD:
    BBOX_REG_LOSS_TYPE: smooth_l1
    BBOX_REG_LOSS_WEIGHT: 1.0
    BBOX_REG_WEIGHTS: *id001
    CLS_AGNOSTIC_BBOX_REG: false
    CONV_DIM: 256
    FC_DIM: 1024
    FED_LOSS_FREQ_WEIGHT_POWER: 0.5
    FED_LOSS_NUM_CLASSES: 50
    NAME: ''
    NORM: ''
    NUM_CONV: 0
    NUM_FC: 0
    POOLER_RESOLUTION: 14
    POOLER_SAMPLING_RATIO: 0
    POOLER_TYPE: ROIAlignV2
    SMOOTH_L1_BETA: 0.0
    TRAIN_ON_PRED_BOXES: false
    USE_FED_LOSS: false
    USE_SIGMOID_CE: false
  ROI_HEADS:
    BATCH_SIZE_PER_IMAGE: 512
    IN_FEATURES:
    - res4
    IOU_LABELS:
    - 0
    - 1
    IOU_THRESHOLDS:
    - 0.5
    NAME: Res5ROIHeads
    NMS_THRESH_TEST: 0.5
    NUM_CLASSES: 80
    POSITIVE_FRACTION: 0.25
    PROPOSAL_APPEND_GT: true
    SCORE_THRESH_TEST: 0.05
  ROI_KEYPOINT_HEAD:
    CONV_DIMS:
    - 512
    - 512
    - 512
    - 512
    - 512
    - 512
    - 512
    - 512
    LOSS_WEIGHT: 1.0
    MIN_KEYPOINTS_PER_IMAGE: 1
    NAME: KRCNNConvDeconvUpsampleHead
    NORMALIZE_LOSS_BY_VISIBLE_KEYPOINTS: true
    NUM_KEYPOINTS: 17
    POOLER_RESOLUTION: 14
    POOLER_SAMPLING_RATIO: 0
    POOLER_TYPE: ROIAlignV2
  ROI_MASK_HEAD:
    CLS_AGNOSTIC_MASK: false
    CONV_DIM: 256
    NAME: MaskRCNNConvUpsampleHead
    NORM: ''
    NUM_CONV: 0
    POOLER_RESOLUTION: 14
    POOLER_SAMPLING_RATIO: 0
    POOLER_TYPE: ROIAlignV2
  RPN:
    BATCH_SIZE_PER_IMAGE: 256
    BBOX_REG_LOSS_TYPE: smooth_l1
    BBOX_REG_LOSS_WEIGHT: 1.0
    BBOX_REG_WEIGHTS: *id002
    BOUNDARY_THRESH: -1
    CONV_DIMS:
    - -1
    HEAD_NAME: StandardRPNHead
    IN_FEATURES:
    - res4
    IOU_LABELS:
    - 0
    - -1
    - 1
    IOU_THRESHOLDS:
    - 0.3
    - 0.7
    LOSS_WEIGHT: 1.0
    NMS_THRESH: 0.7
    POSITIVE_FRACTION: 0.5
    POST_NMS_TOPK_TEST: 1000
    POST_NMS_TOPK_TRAIN: 2000
    PRE_NMS_TOPK_TEST: 6000
    PRE_NMS_TOPK_TRAIN: 12000
    SMOOTH_L1_BETA: 0.0
  SEM_SEG_HEAD:
    ASPP_CHANNELS: 256
    ASPP_DILATIONS:
    - 6
    - 12
    - 18
    ASPP_DROPOUT: 0.1
    COMMON_STRIDE: 4
    CONVS_DIM: 256
    DEFORMABLE_TRANSFORMER_ENCODER_IN_FEATURES:
    - res3
    - res4
    - res5
    DEFORMABLE_TRANSFORMER_ENCODER_N_HEADS: 8
    DEFORMABLE_TRANSFORMER_ENCODER_N_POINTS: 4
    IGNORE_VALUE: 255
    IN_FEATURES:
    - res2
    - res3
    - res4
    - res5
    LOSS_TYPE: hard_pixel_mining
    LOSS_WEIGHT: 1.0
    MASK_DIM: 256
    NAME: MaskFormerHead
    NORM: GN
    NUM_CLASSES: 19
    PIXEL_DECODER_NAME: MSDeformAttnPixelDecoder
    PROJECT_CHANNELS:
    - 48
    PROJECT_FEATURES:
    - res2
    TRANSFORMER_ENC_LAYERS: 6
    USE_DEPTHWISE_SEPARABLE_CONV: false
  SWIN:
    APE: false
    ATTN_DROP_RATE: 0.0
    DEPTHS:
    - 2
    - 2
    - 18
    - 2
    DROP_PATH_RATE: 0.3
    DROP_RATE: 0.0
    EMBED_DIM: 128
    MLP_RATIO: 4.0
    NUM_HEADS:
    - 4
    - 8
    - 16
    - 32
    OUT_FEATURES:
    - res2
    - res3
    - res4
    - res5
    PATCH_NORM: true
    PATCH_SIZE: 4
    PRETRAIN_IMG_SIZE: 384
    QKV_BIAS: true
    QK_SCALE: null
    USE_CHECKPOINT: false
    WINDOW_SIZE: 12
  WEIGHTS: experiments/training_outputs/csfd_ablation_gate_only/model_final.pth
OUTPUT_DIR: experiments/ablation_results/gate_only
SEED: -1
SOLVER:
  AMP:
    ENABLED: true
  BACKBONE_MULTIPLIER: 0.1
  BASE_LR: 0.0001
  BASE_LR_END: 0.0
  BIAS_LR_FACTOR: 1.0
  CHECKPOINT_PERIOD: 5000
  CLIP_GRADIENTS:
    CLIP_TYPE: full_model
    CLIP_VALUE: 0.01
    ENABLED: true
    NORM_TYPE: 2.0
  GAMMA: 0.1
  IMS_PER_BATCH: 4
  LR_SCHEDULER_NAME: WarmupPolyLR
  MAX_ITER: 90000
  MOMENTUM: 0.9
  NESTEROV: false
  NUM_DECAYS: 3
  OPTIMIZER: ADAMW
  POLY_LR_CONSTANT_ENDING: 0.0
  POLY_LR_POWER: 0.9
  REFERENCE_WORLD_SIZE: 0
  RESCALE_INTERVAL: false
  STEPS:
  - 30000
  WARMUP_FACTOR: 1.0
  WARMUP_ITERS: 0
  WARMUP_METHOD: linear
  WEIGHT_DECAY: 0.05
  WEIGHT_DECAY_BIAS: null
  WEIGHT_DECAY_EMBED: 0.0
  WEIGHT_DECAY_NORM: 0.0
TEST:
  AUG:
    ENABLED: false
    FLIP: true
    MAX_SIZE: 4096
    MIN_SIZES:
    - 512
    - 768
    - 1024
    - 1280
    - 1536
    - 1792
  DETECTIONS_PER_IMAGE: 100
  EVAL_PERIOD: 5000
  EXPECTED_RESULTS: []
  KEYPOINT_OKS_SIGMAS: []
  PRECISE_BN:
    ENABLED: false
    NUM_ITER: 200
VERSION: 2
VIS_PERIOD: 0

[08/06 12:16:27 detectron2]: Full config saved to experiments/ablation_results/gate_only/config.yaml
[08/06 12:16:27 d2.utils.env]: Using a generated random seed 29540562
[08/06 12:16:27 mask2former.modeling.meta_arch.mask_former_head]: [CSFD] Enabled: kernel_size=7, params=179,457
[08/06 12:16:27 d2.engine.defaults]: Model:
MaskFormer(
  (backbone): D2SwinTransformer(
    (patch_embed): PatchEmbed(
      (proj): Conv2d(3, 128, kernel_size=(4, 4), stride=(4, 4))
      (norm): LayerNorm((128,), eps=1e-05, elementwise_affine=True)
    )
    (pos_drop): Dropout(p=0.0, inplace=False)
    (layers): ModuleList(
      (0): BasicLayer(
        (blocks): ModuleList(
          (0): SwinTransformerBlock(
            (norm1): LayerNorm((128,), eps=1e-05, elementwise_affine=True)
            (attn): WindowAttention(
              (qkv): Linear(in_features=128, out_features=384, bias=True)
              (attn_drop): Dropout(p=0.0, inplace=False)
              (proj): Linear(in_features=128, out_features=128, bias=True)
              (proj_drop): Dropout(p=0.0, inplace=False)
              (softmax): Softmax(dim=-1)
            )
            (drop_path): Identity()
            (norm2): LayerNorm((128,), eps=1e-05, elementwise_affine=True)
            (mlp): Mlp(
              (fc1): Linear(in_features=128, out_features=512, bias=True)
              (act): GELU(approximate='none')
              (fc2): Linear(in_features=512, out_features=128, bias=True)
              (drop): Dropout(p=0.0, inplace=False)
            )
          )
          (1): SwinTransformerBlock(
            (norm1): LayerNorm((128,), eps=1e-05, elementwise_affine=True)
            (attn): WindowAttention(
              (qkv): Linear(in_features=128, out_features=384, bias=True)
              (attn_drop): Dropout(p=0.0, inplace=False)
              (proj): Linear(in_features=128, out_features=128, bias=True)
              (proj_drop): Dropout(p=0.0, inplace=False)
              (softmax): Softmax(dim=-1)
            )
            (drop_path): DropPath(drop_prob=0.013)
            (norm2): LayerNorm((128,), eps=1e-05, elementwise_affine=True)
            (mlp): Mlp(
              (fc1): Linear(in_features=128, out_features=512, bias=True)
              (act): GELU(approximate='none')
              (fc2): Linear(in_features=512, out_features=128, bias=True)
              (drop): Dropout(p=0.0, inplace=False)
            )
          )
        )
        (downsample): PatchMerging(
          (reduction): Linear(in_features=512, out_features=256, bias=False)
          (norm): LayerNorm((512,), eps=1e-05, elementwise_affine=True)
        )
      )
      (1): BasicLayer(
        (blocks): ModuleList(
          (0): SwinTransformerBlock(
            (norm1): LayerNorm((256,), eps=1e-05, elementwise_affine=True)
            (attn): WindowAttention(
              (qkv): Linear(in_features=256, out_features=768, bias=True)
              (attn_drop): Dropout(p=0.0, inplace=False)
              (proj): Linear(in_features=256, out_features=256, bias=True)
              (proj_drop): Dropout(p=0.0, inplace=False)
              (softmax): Softmax(dim=-1)
            )
            (drop_path): DropPath(drop_prob=0.026)
            (norm2): LayerNorm((256,), eps=1e-05, elementwise_affine=True)
            (mlp): Mlp(
              (fc1): Linear(in_features=256, out_features=1024, bias=True)
              (act): GELU(approximate='none')
              (fc2): Linear(in_features=1024, out_features=256, bias=True)
              (drop): Dropout(p=0.0, inplace=False)
            )
          )
          (1): SwinTransformerBlock(
            (norm1): LayerNorm((256,), eps=1e-05, elementwise_affine=True)
            (attn): WindowAttention(
              (qkv): Linear(in_features=256, out_features=768, bias=True)
              (attn_drop): Dropout(p=0.0, inplace=False)
              (proj): Linear(in_features=256, out_features=256, bias=True)
              (proj_drop): Dropout(p=0.0, inplace=False)
              (softmax): Softmax(dim=-1)
            )
            (drop_path): DropPath(drop_prob=0.039)
            (norm2): LayerNorm((256,), eps=1e-05, elementwise_affine=True)
            (mlp): Mlp(
              (fc1): Linear(in_features=256, out_features=1024, bias=True)
              (act): GELU(approximate='none')
              (fc2): Linear(in_features=1024, out_features=256, bias=True)
              (drop): Dropout(p=0.0, inplace=False)
            )
          )
        )
        (downsample): PatchMerging(
          (reduction): Linear(in_features=1024, out_features=512, bias=False)
          (norm): LayerNorm((1024,), eps=1e-05, elementwise_affine=True)
        )
      )
      (2): BasicLayer(
        (blocks): ModuleList(
          (0): SwinTransformerBlock(
            (norm1): LayerNorm((512,), eps=1e-05, elementwise_affine=True)
            (attn): WindowAttention(
              (qkv): Linear(in_features=512, out_features=1536, bias=True)
              (attn_drop): Dropout(p=0.0, inplace=False)
              (proj): Linear(in_features=512, out_features=512, bias=True)
              (proj_drop): Dropout(p=0.0, inplace=False)
              (softmax): Softmax(dim=-1)
            )
            (drop_path): DropPath(drop_prob=0.052)
            (norm2): LayerNorm((512,), eps=1e-05, elementwise_affine=True)
            (mlp): Mlp(
              (fc1): Linear(in_features=512, out_features=2048, bias=True)
              (act): GELU(approximate='none')
              (fc2): Linear(in_features=2048, out_features=512, bias=True)
              (drop): Dropout(p=0.0, inplace=False)
            )
          )
          (1): SwinTransformerBlock(
            (norm1): LayerNorm((512,), eps=1e-05, elementwise_affine=True)
            (attn): WindowAttention(
              (qkv): Linear(in_features=512, out_features=1536, bias=True)
              (attn_drop): Dropout(p=0.0, inplace=False)
              (proj): Linear(in_features=512, out_features=512, bias=True)
              (proj_drop): Dropout(p=0.0, inplace=False)
              (softmax): Softmax(dim=-1)
            )
            (drop_path): DropPath(drop_prob=0.065)
            (norm2): LayerNorm((512,), eps=1e-05, elementwise_affine=True)
            (mlp): Mlp(
              (fc1): Linear(in_features=512, out_features=2048, bias=True)
              (act): GELU(approximate='none')
              (fc2): Linear(in_features=2048, out_features=512, bias=True)
              (drop): Dropout(p=0.0, inplace=False)
            )
          )
          (2): SwinTransformerBlock(
            (norm1): LayerNorm((512,), eps=1e-05, elementwise_affine=True)
            (attn): WindowAttention(
              (qkv): Linear(in_features=512, out_features=1536, bias=True)
              (attn_drop): Dropout(p=0.0, inplace=False)
              (proj): Linear(in_features=512, out_features=512, bias=True)
              (proj_drop): Dropout(p=0.0, inplace=False)
              (softmax): Softmax(dim=-1)
            )
            (drop_path): DropPath(drop_prob=0.078)
            (norm2): LayerNorm((512,), eps=1e-05, elementwise_affine=True)
            (mlp): Mlp(
              (fc1): Linear(in_features=512, out_features=2048, bias=True)
              (act): GELU(approximate='none')
              (fc2): Linear(in_features=2048, out_features=512, bias=True)
              (drop): Dropout(p=0.0, inplace=False)
            )
          )
          (3): SwinTransformerBlock(
            (norm1): LayerNorm((512,), eps=1e-05, elementwise_affine=True)
            (attn): WindowAttention(
              (qkv): Linear(in_features=512, out_features=1536, bias=True)
              (attn_drop): Dropout(p=0.0, inplace=False)
              (proj): Linear(in_features=512, out_features=512, bias=True)
              (proj_drop): Dropout(p=0.0, inplace=False)
              (softmax): Softmax(dim=-1)
            )
            (drop_path): DropPath(drop_prob=0.091)
            (norm2): LayerNorm((512,), eps=1e-05, elementwise_affine=True)
            (mlp): Mlp(
              (fc1): Linear(in_features=512, out_features=2048, bias=True)
              (act): GELU(approximate='none')
              (fc2): Linear(in_features=2048, out_features=512, bias=True)
              (drop): Dropout(p=0.0, inplace=False)
            )
          )
          (4): SwinTransformerBlock(
            (norm1): LayerNorm((512,), eps=1e-05, elementwise_affine=True)
            (attn): WindowAttention(
              (qkv): Linear(in_features=512, out_features=1536, bias=True)
              (attn_drop): Dropout(p=0.0, inplace=False)
              (proj): Linear(in_features=512, out_features=512, bias=True)
              (proj_drop): Dropout(p=0.0, inplace=False)
              (softmax): Softmax(dim=-1)
            )
            (drop_path): DropPath(drop_prob=0.104)
            (norm2): LayerNorm((512,), eps=1e-05, elementwise_affine=True)
            (mlp): Mlp(
              (fc1): Linear(in_features=512, out_features=2048, bias=True)
              (act): GELU(approximate='none')
              (fc2): Linear(in_features=2048, out_features=512, bias=True)
              (drop): Dropout(p=0.0, inplace=False)
            )
          )
          (5): SwinTransformerBlock(
            (norm1): LayerNorm((512,), eps=1e-05, elementwise_affine=True)
            (attn): WindowAttention(
              (qkv): Linear(in_features=512, out_features=1536, bias=True)
              (attn_drop): Dropout(p=0.0, inplace=False)
              (proj): Linear(in_features=512, out_features=512, bias=True)
              (proj_drop): Dropout(p=0.0, inplace=False)
              (softmax): Softmax(dim=-1)
            )
            (drop_path): DropPath(drop_prob=0.117)
            (norm2): LayerNorm((512,), eps=1e-05, elementwise_affine=True)
            (mlp): Mlp(
              (fc1): Linear(in_features=512, out_features=2048, bias=True)
              (act): GELU(approximate='none')
              (fc2): Linear(in_features=2048, out_features=512, bias=True)
              (drop): Dropout(p=0.0, inplace=False)
            )
          )
          (6): SwinTransformerBlock(
            (norm1): LayerNorm((512,), eps=1e-05, elementwise_affine=True)
            (attn): WindowAttention(
              (qkv): Linear(in_features=512, out_features=1536, bias=True)
              (attn_drop): Dropout(p=0.0, inplace=False)
              (proj): Linear(in_features=512, out_features=512, bias=True)
              (proj_drop): Dropout(p=0.0, inplace=False)
              (softmax): Softmax(dim=-1)
            )
            (drop_path): DropPath(drop_prob=0.130)
            (norm2): LayerNorm((512,), eps=1e-05, elementwise_affine=True)
            (mlp): Mlp(
              (fc1): Linear(in_features=512, out_features=2048, bias=True)
              (act): GELU(approximate='none')
              (fc2): Linear(in_features=2048, out_features=512, bias=True)
              (drop): Dropout(p=0.0, inplace=False)
            )
          )
          (7): SwinTransformerBlock(
            (norm1): LayerNorm((512,), eps=1e-05, elementwise_affine=True)
            (attn): WindowAttention(
              (qkv): Linear(in_features=512, out_features=1536, bias=True)
              (attn_drop): Dropout(p=0.0, inplace=False)
              (proj): Linear(in_features=512, out_features=512, bias=True)
              (proj_drop): Dropout(p=0.0, inplace=False)
              (softmax): Softmax(dim=-1)
            )
            (drop_path): DropPath(drop_prob=0.143)
            (norm2): LayerNorm((512,), eps=1e-05, elementwise_affine=True)
            (mlp): Mlp(
              (fc1): Linear(in_features=512, out_features=2048, bias=True)
              (act): GELU(approximate='none')
              (fc2): Linear(in_features=2048, out_features=512, bias=True)
              (drop): Dropout(p=0.0, inplace=False)
            )
          )
          (8): SwinTransformerBlock(
            (norm1): LayerNorm((512,), eps=1e-05, elementwise_affine=True)
            (attn): WindowAttention(
              (qkv): Linear(in_features=512, out_features=1536, bias=True)
              (attn_drop): Dropout(p=0.0, inplace=False)
              (proj): Linear(in_features=512, out_features=512, bias=True)
              (proj_drop): Dropout(p=0.0, inplace=False)
              (softmax): Softmax(dim=-1)
            )
            (drop_path): DropPath(drop_prob=0.157)
            (norm2): LayerNorm((512,), eps=1e-05, elementwise_affine=True)
            (mlp): Mlp(
              (fc1): Linear(in_features=512, out_features=2048, bias=True)
              (act): GELU(approximate='none')
              (fc2): Linear(in_features=2048, out_features=512, bias=True)
              (drop): Dropout(p=0.0, inplace=False)
            )
          )
          (9): SwinTransformerBlock(
            (norm1): LayerNorm((512,), eps=1e-05, elementwise_affine=True)
            (attn): WindowAttention(
              (qkv): Linear(in_features=512, out_features=1536, bias=True)
              (attn_drop): Dropout(p=0.0, inplace=False)
              (proj): Linear(in_features=512, out_features=512, bias=True)
              (proj_drop): Dropout(p=0.0, inplace=False)
              (softmax): Softmax(dim=-1)
            )
            (drop_path): DropPath(drop_prob=0.170)
            (norm2): LayerNorm((512,), eps=1e-05, elementwise_affine=True)
            (mlp): Mlp(
              (fc1): Linear(in_features=512, out_features=2048, bias=True)
              (act): GELU(approximate='none')
              (fc2): Linear(in_features=2048, out_features=512, bias=True)
              (drop): Dropout(p=0.0, inplace=False)
            )
          )
          (10): SwinTransformerBlock(
            (norm1): LayerNorm((512,), eps=1e-05, elementwise_affine=True)
            (attn): WindowAttention(
              (qkv): Linear(in_features=512, out_features=1536, bias=True)
              (attn_drop): Dropout(p=0.0, inplace=False)
              (proj): Linear(in_features=512, out_features=512, bias=True)
              (proj_drop): Dropout(p=0.0, inplace=False)
              (softmax): Softmax(dim=-1)
            )
            (drop_path): DropPath(drop_prob=0.183)
            (norm2): LayerNorm((512,), eps=1e-05, elementwise_affine=True)
            (mlp): Mlp(
              (fc1): Linear(in_features=512, out_features=2048, bias=True)
              (act): GELU(approximate='none')
              (fc2): Linear(in_features=2048, out_features=512, bias=True)
              (drop): Dropout(p=0.0, inplace=False)
            )
          )
          (11): SwinTransformerBlock(
            (norm1): LayerNorm((512,), eps=1e-05, elementwise_affine=True)
            (attn): WindowAttention(
              (qkv): Linear(in_features=512, out_features=1536, bias=True)
              (attn_drop): Dropout(p=0.0, inplace=False)
              (proj): Linear(in_features=512, out_features=512, bias=True)
              (proj_drop): Dropout(p=0.0, inplace=False)
              (softmax): Softmax(dim=-1)
            )
            (drop_path): DropPath(drop_prob=0.196)
            (norm2): LayerNorm((512,), eps=1e-05, elementwise_affine=True)
            (mlp): Mlp(
              (fc1): Linear(in_features=512, out_features=2048, bias=True)
              (act): GELU(approximate='none')
              (fc2): Linear(in_features=2048, out_features=512, bias=True)
              (drop): Dropout(p=0.0, inplace=False)
            )
          )
          (12): SwinTransformerBlock(
            (norm1): LayerNorm((512,), eps=1e-05, elementwise_affine=True)
            (attn): WindowAttention(
              (qkv): Linear(in_features=512, out_features=1536, bias=True)
              (attn_drop): Dropout(p=0.0, inplace=False)
              (proj): Linear(in_features=512, out_features=512, bias=True)
              (proj_drop): Dropout(p=0.0, inplace=False)
              (softmax): Softmax(dim=-1)
            )
            (drop_path): DropPath(drop_prob=0.209)
            (norm2): LayerNorm((512,), eps=1e-05, elementwise_affine=True)
            (mlp): Mlp(
              (fc1): Linear(in_features=512, out_features=2048, bias=True)
              (act): GELU(approximate='none')
              (fc2): Linear(in_features=2048, out_features=512, bias=True)
              (drop): Dropout(p=0.0, inplace=False)
            )
          )
          (13): SwinTransformerBlock(
            (norm1): LayerNorm((512,), eps=1e-05, elementwise_affine=True)
            (attn): WindowAttention(
              (qkv): Linear(in_features=512, out_features=1536, bias=True)
              (attn_drop): Dropout(p=0.0, inplace=False)
              (proj): Linear(in_features=512, out_features=512, bias=True)
              (proj_drop): Dropout(p=0.0, inplace=False)
              (softmax): Softmax(dim=-1)
            )
            (drop_path): DropPath(drop_prob=0.222)
            (norm2): LayerNorm((512,), eps=1e-05, elementwise_affine=True)
            (mlp): Mlp(
              (fc1): Linear(in_features=512, out_features=2048, bias=True)
              (act): GELU(approximate='none')
              (fc2): Linear(in_features=2048, out_features=512, bias=True)
              (drop): Dropout(p=0.0, inplace=False)
            )
          )
          (14): SwinTransformerBlock(
            (norm1): LayerNorm((512,), eps=1e-05, elementwise_affine=True)
            (attn): WindowAttention(
              (qkv): Linear(in_features=512, out_features=1536, bias=True)
              (attn_drop): Dropout(p=0.0, inplace=False)
              (proj): Linear(in_features=512, out_features=512, bias=True)
              (proj_drop): Dropout(p=0.0, inplace=False)
              (softmax): Softmax(dim=-1)
            )
            (drop_path): DropPath(drop_prob=0.235)
            (norm2): LayerNorm((512,), eps=1e-05, elementwise_affine=True)
            (mlp): Mlp(
              (fc1): Linear(in_features=512, out_features=2048, bias=True)
              (act): GELU(approximate='none')
              (fc2): Linear(in_features=2048, out_features=512, bias=True)
              (drop): Dropout(p=0.0, inplace=False)
            )
          )
          (15): SwinTransformerBlock(
            (norm1): LayerNorm((512,), eps=1e-05, elementwise_affine=True)
            (attn): WindowAttention(
              (qkv): Linear(in_features=512, out_features=1536, bias=True)
              (attn_drop): Dropout(p=0.0, inplace=False)
              (proj): Linear(in_features=512, out_features=512, bias=True)
              (proj_drop): Dropout(p=0.0, inplace=False)
              (softmax): Softmax(dim=-1)
            )
            (drop_path): DropPath(drop_prob=0.248)
            (norm2): LayerNorm((512,), eps=1e-05, elementwise_affine=True)
            (mlp): Mlp(
              (fc1): Linear(in_features=512, out_features=2048, bias=True)
              (act): GELU(approximate='none')
              (fc2): Linear(in_features=2048, out_features=512, bias=True)
              (drop): Dropout(p=0.0, inplace=False)
            )
          )
          (16): SwinTransformerBlock(
            (norm1): LayerNorm((512,), eps=1e-05, elementwise_affine=True)
            (attn): WindowAttention(
              (qkv): Linear(in_features=512, out_features=1536, bias=True)
              (attn_drop): Dropout(p=0.0, inplace=False)
              (proj): Linear(in_features=512, out_features=512, bias=True)
              (proj_drop): Dropout(p=0.0, inplace=False)
              (softmax): Softmax(dim=-1)
            )
            (drop_path): DropPath(drop_prob=0.261)
            (norm2): LayerNorm((512,), eps=1e-05, elementwise_affine=True)
            (mlp): Mlp(
              (fc1): Linear(in_features=512, out_features=2048, bias=True)
              (act): GELU(approximate='none')
              (fc2): Linear(in_features=2048, out_features=512, bias=True)
              (drop): Dropout(p=0.0, inplace=False)
            )
          )
          (17): SwinTransformerBlock(
            (norm1): LayerNorm((512,), eps=1e-05, elementwise_affine=True)
            (attn): WindowAttention(
              (qkv): Linear(in_features=512, out_features=1536, bias=True)
              (attn_drop): Dropout(p=0.0, inplace=False)
              (proj): Linear(in_features=512, out_features=512, bias=True)
              (proj_drop): Dropout(p=0.0, inplace=False)
              (softmax): Softmax(dim=-1)
            )
            (drop_path): DropPath(drop_prob=0.274)
            (norm2): LayerNorm((512,), eps=1e-05, elementwise_affine=True)
            (mlp): Mlp(
              (fc1): Linear(in_features=512, out_features=2048, bias=True)
              (act): GELU(approximate='none')
              (fc2): Linear(in_features=2048, out_features=512, bias=True)
              (drop): Dropout(p=0.0, inplace=False)
            )
          )
        )
        (downsample): PatchMerging(
          (reduction): Linear(in_features=2048, out_features=1024, bias=False)
          (norm): LayerNorm((2048,), eps=1e-05, elementwise_affine=True)
        )
      )
      (3): BasicLayer(
        (blocks): ModuleList(
          (0): SwinTransformerBlock(
            (norm1): LayerNorm((1024,), eps=1e-05, elementwise_affine=True)
            (attn): WindowAttention(
              (qkv): Linear(in_features=1024, out_features=3072, bias=True)
              (attn_drop): Dropout(p=0.0, inplace=False)
              (proj): Linear(in_features=1024, out_features=1024, bias=True)
              (proj_drop): Dropout(p=0.0, inplace=False)
              (softmax): Softmax(dim=-1)
            )
            (drop_path): DropPath(drop_prob=0.287)
            (norm2): LayerNorm((1024,), eps=1e-05, elementwise_affine=True)
            (mlp): Mlp(
              (fc1): Linear(in_features=1024, out_features=4096, bias=True)
              (act): GELU(approximate='none')
              (fc2): Linear(in_features=4096, out_features=1024, bias=True)
              (drop): Dropout(p=0.0, inplace=False)
            )
          )
          (1): SwinTransformerBlock(
            (norm1): LayerNorm((1024,), eps=1e-05, elementwise_affine=True)
            (attn): WindowAttention(
              (qkv): Linear(in_features=1024, out_features=3072, bias=True)
              (attn_drop): Dropout(p=0.0, inplace=False)
              (proj): Linear(in_features=1024, out_features=1024, bias=True)
              (proj_drop): Dropout(p=0.0, inplace=False)
              (softmax): Softmax(dim=-1)
            )
            (drop_path): DropPath(drop_prob=0.300)
            (norm2): LayerNorm((1024,), eps=1e-05, elementwise_affine=True)
            (mlp): Mlp(
              (fc1): Linear(in_features=1024, out_features=4096, bias=True)
              (act): GELU(approximate='none')
              (fc2): Linear(in_features=4096, out_features=1024, bias=True)
              (drop): Dropout(p=0.0, inplace=False)
            )
          )
        )
      )
    )
    (norm0): LayerNorm((128,), eps=1e-05, elementwise_affine=True)
    (norm1): LayerNorm((256,), eps=1e-05, elementwise_affine=True)
    (norm2): LayerNorm((512,), eps=1e-05, elementwise_affine=True)
    (norm3): LayerNorm((1024,), eps=1e-05, elementwise_affine=True)
  )
  (sem_seg_head): MaskFormerHead(
    (pixel_decoder): MSDeformAttnPixelDecoder(
      (input_proj): ModuleList(
        (0): Sequential(
          (0): Conv2d(1024, 256, kernel_size=(1, 1), stride=(1, 1))
          (1): GroupNorm(32, 256, eps=1e-05, affine=True)
        )
        (1): Sequential(
          (0): Conv2d(512, 256, kernel_size=(1, 1), stride=(1, 1))
          (1): GroupNorm(32, 256, eps=1e-05, affine=True)
        )
        (2): Sequential(
          (0): Conv2d(256, 256, kernel_size=(1, 1), stride=(1, 1))
          (1): GroupNorm(32, 256, eps=1e-05, affine=True)
        )
      )
      (transformer): MSDeformAttnTransformerEncoderOnly(
        (encoder): MSDeformAttnTransformerEncoder(
          (layers): ModuleList(
            (0-5): 6 x MSDeformAttnTransformerEncoderLayer(
              (self_attn): MSDeformAttn(
                (sampling_offsets): Linear(in_features=256, out_features=192, bias=True)
                (attention_weights): Linear(in_features=256, out_features=96, bias=True)
                (value_proj): Linear(in_features=256, out_features=256, bias=True)
                (output_proj): Linear(in_features=256, out_features=256, bias=True)
              )
              (dropout1): Dropout(p=0.0, inplace=False)
              (norm1): LayerNorm((256,), eps=1e-05, elementwise_affine=True)
              (linear1): Linear(in_features=256, out_features=1024, bias=True)
              (dropout2): Dropout(p=0.0, inplace=False)
              (linear2): Linear(in_features=1024, out_features=256, bias=True)
              (dropout3): Dropout(p=0.0, inplace=False)
              (norm2): LayerNorm((256,), eps=1e-05, elementwise_affine=True)
            )
          )
        )
      )
      (pe_layer): Positional encoding PositionEmbeddingSine
          num_pos_feats: 128
          temperature: 10000
          normalize: True
          scale: 6.283185307179586
      (mask_features): Conv2d(256, 256, kernel_size=(1, 1), stride=(1, 1))
      (adapter_1): Conv2d(
        128, 256, kernel_size=(1, 1), stride=(1, 1), bias=False
        (norm): GroupNorm(32, 256, eps=1e-05, affine=True)
      )
      (layer_1): Conv2d(
        256, 256, kernel_size=(3, 3), stride=(1, 1), padding=(1, 1), bias=False
        (norm): GroupNorm(32, 256, eps=1e-05, affine=True)
      )
    )
    (predictor): MultiScaleMaskedTransformerDecoder(
      (pe_layer): Positional encoding PositionEmbeddingSine
          num_pos_feats: 128
          temperature: 10000
          normalize: True
          scale: 6.283185307179586
      (transformer_self_attention_layers): ModuleList(
        (0-8): 9 x SelfAttentionLayer(
          (self_attn): MultiheadAttention(
            (out_proj): NonDynamicallyQuantizableLinear(in_features=256, out_features=256, bias=True)
          )
          (norm): LayerNorm((256,), eps=1e-05, elementwise_affine=True)
          (dropout): Dropout(p=0.0, inplace=False)
        )
      )
      (transformer_cross_attention_layers): ModuleList(
        (0-8): 9 x CrossAttentionLayer(
          (multihead_attn): MultiheadAttention(
            (out_proj): NonDynamicallyQuantizableLinear(in_features=256, out_features=256, bias=True)
          )
          (norm): LayerNorm((256,), eps=1e-05, elementwise_affine=True)
          (dropout): Dropout(p=0.0, inplace=False)
        )
      )
      (transformer_ffn_layers): ModuleList(
        (0-8): 9 x FFNLayer(
          (linear1): Linear(in_features=256, out_features=2048, bias=True)
          (dropout): Dropout(p=0.0, inplace=False)
          (linear2): Linear(in_features=2048, out_features=256, bias=True)
          (norm): LayerNorm((256,), eps=1e-05, elementwise_affine=True)
        )
      )
      (decoder_norm): LayerNorm((256,), eps=1e-05, elementwise_affine=True)
      (query_feat): Embedding(100, 256)
      (query_embed): Embedding(100, 256)
      (level_embed): Embedding(3, 256)
      (input_proj): ModuleList(
        (0-2): 3 x Sequential()
      )
      (class_embed): Linear(in_features=256, out_features=20, bias=True)
      (mask_embed): MLP(
        (layers): ModuleList(
          (0-2): 3 x Linear(in_features=256, out_features=256, bias=True)
        )
      )
    )
    (csfd): CSFD(
      in_channels=256, kernel_size=7, params=179.5K
      (low_pass): LearnableGaussianLowPass(
        (conv): Conv2d(256, 256, kernel_size=(7, 7), stride=(1, 1), padding=(3, 3), groups=256, bias=False)
      )
      (style_robustifier): StyleRobustifier(
        (norm): InstanceNorm2d(256, eps=1e-05, momentum=0.1, affine=True, track_running_stats=False)
        (transform): Sequential(
          (0): Conv2d(256, 64, kernel_size=(1, 1), stride=(1, 1), bias=False)
          (1): ReLU(inplace=True)
          (2): Conv2d(64, 256, kernel_size=(1, 1), stride=(1, 1), bias=False)
        )
      )
      (gate): SpatialGate(
        (gate_net): Sequential(
          (0): Conv2d(512, 256, kernel_size=(1, 1), stride=(1, 1), bias=False)
          (1): ReLU(inplace=True)
          (2): Conv2d(256, 256, kernel_size=(3, 3), stride=(1, 1), padding=(1, 1), groups=256, bias=False)
          (3): ReLU(inplace=True)
          (4): Conv2d(256, 1, kernel_size=(1, 1), stride=(1, 1))
        )
      )
    )
  )
  (criterion): Criterion SetCriterion
      matcher: Matcher HungarianMatcher
          cost_class: 2.0
          cost_mask: 5.0
          cost_dice: 5.0
      losses: ['labels', 'masks']
      weight_dict: {'loss_ce': 2.0, 'loss_mask': 5.0, 'loss_dice': 5.0, 'loss_ce_0': 2.0, 'loss_mask_0': 5.0, 'loss_dice_0': 5.0, 'loss_ce_1': 2.0, 'loss_mask_1': 5.0, 'loss_dice_1': 5.0, 'loss_ce_2': 2.0, 'loss_mask_2': 5.0, 'loss_dice_2': 5.0, 'loss_ce_3': 2.0, 'loss_mask_3': 5.0, 'loss_dice_3': 5.0, 'loss_ce_4': 2.0, 'loss_mask_4': 5.0, 'loss_dice_4': 5.0, 'loss_ce_5': 2.0, 'loss_mask_5': 5.0, 'loss_dice_5': 5.0, 'loss_ce_6': 2.0, 'loss_mask_6': 5.0, 'loss_dice_6': 5.0, 'loss_ce_7': 2.0, 'loss_mask_7': 5.0, 'loss_dice_7': 5.0, 'loss_ce_8': 2.0, 'loss_mask_8': 5.0, 'loss_dice_8': 5.0}
      num_classes: 19
      eos_coef: 0.1
      num_points: 12544
      oversample_ratio: 3.0
      importance_sample_ratio: 0.75
)
[08/06 12:16:27 d2.checkpoint.detection_checkpoint]: [DetectionCheckpointer] Loading from experiments/training_outputs/csfd_ablation_gate_only/model_final.pth ...
[08/06 12:16:27 fvcore.common.checkpoint]: [Checkpointer] Loading from experiments/training_outputs/csfd_ablation_gate_only/model_final.pth ...
[gta5] 24904 valid pairs, 62 skipped (size mismatch)
[08/06 12:20:00 d2.data.dataset_mapper]: [DatasetMapper] Augmentations used in inference: [ResizeShortestEdge(short_edge_length=(1024, 1024), max_size=2048, sample_style='choice')]
[08/06 12:20:00 d2.data.common]: Serializing the dataset using: <class 'detectron2.data.common._TorchSerializedList'>
[08/06 12:20:00 d2.data.common]: Serializing 24904 elements to byte tensors and concatenating them all ...
[08/06 12:20:00 d2.data.common]: Serialized dataset takes 4.77 MiB
[gta5] 24904 valid pairs, 62 skipped (size mismatch)
[08/06 12:23:10 d2.evaluation.evaluator]: Start inference on 24904 batches
/home/peter/miniconda3/envs/Attention-stability/lib/python3.8/site-packages/torch/functional.py:513: UserWarning: torch.meshgrid: in an upcoming release, it will be required to pass the indexing argument. (Triggered internally at ../aten/src/ATen/native/TensorShape.cpp:3609.)
  return _VF.meshgrid(tensors, **kwargs)  # type: ignore[attr-defined]
/home/peter/miniconda3/envs/Attention-stability/lib/python3.8/site-packages/fvcore/common/checkpoint.py:252: FutureWarning: You are using `torch.load` with `weights_only=False` (the current default value), which uses the default pickle module implicitly. It is possible to construct malicious pickle data which will execute arbitrary code during unpickling (See https://github.com/pytorch/pytorch/blob/main/SECURITY.md#untrusted-models for more details). In a future release, the default value for `weights_only` will be flipped to `True`. This limits the functions that could be executed during unpickling. Arbitrary objects will no longer be allowed to be loaded via this mode unless they are explicitly allowlisted by the user via `torch.serialization.add_safe_globals`. We recommend you start setting `weights_only=True` for any use case where you don't have full control of the loaded file. Please open an issue on GitHub for any issues related to this experimental feature.
  return torch.load(f, map_location=torch.device("cpu"))
[08/06 12:23:14 d2.evaluation.evaluator]: Inference done 11/24904. Dataloading: 0.0020 s/iter. Inference: 0.2401 s/iter. Eval: 0.0812 s/iter. Total: 0.3233 s/iter. ETA=2:14:08
[08/06 12:23:20 d2.evaluation.evaluator]: Inference done 28/24904. Dataloading: 0.0023 s/iter. Inference: 0.2311 s/iter. Eval: 0.0758 s/iter. Total: 0.3092 s/iter. ETA=2:08:12
[08/06 12:23:25 d2.evaluation.evaluator]: Inference done 44/24904. Dataloading: 0.0024 s/iter. Inference: 0.2330 s/iter. Eval: 0.0761 s/iter. Total: 0.3116 s/iter. ETA=2:09:06
[08/06 12:23:31 d2.evaluation.evaluator]: Inference done 60/24904. Dataloading: 0.0024 s/iter. Inference: 0.2332 s/iter. Eval: 0.0766 s/iter. Total: 0.3123 s/iter. ETA=2:09:17
[08/06 12:23:36 d2.evaluation.evaluator]: Inference done 77/24904. Dataloading: 0.0024 s/iter. Inference: 0.2321 s/iter. Eval: 0.0762 s/iter. Total: 0.3108 s/iter. ETA=2:08:35
[08/06 12:23:41 d2.evaluation.evaluator]: Inference done 93/24904. Dataloading: 0.0024 s/iter. Inference: 0.2332 s/iter. Eval: 0.0767 s/iter. Total: 0.3124 s/iter. ETA=2:09:11
[08/06 12:23:46 d2.evaluation.evaluator]: Inference done 109/24904. Dataloading: 0.0024 s/iter. Inference: 0.2336 s/iter. Eval: 0.0765 s/iter. Total: 0.3126 s/iter. ETA=2:09:11
[08/06 12:23:51 d2.evaluation.evaluator]: Inference done 125/24904. Dataloading: 0.0025 s/iter. Inference: 0.2345 s/iter. Eval: 0.0767 s/iter. Total: 0.3136 s/iter. ETA=2:09:31
[08/06 12:23:56 d2.evaluation.evaluator]: Inference done 141/24904. Dataloading: 0.0025 s/iter. Inference: 0.2348 s/iter. Eval: 0.0768 s/iter. Total: 0.3141 s/iter. ETA=2:09:38
[08/06 12:24:01 d2.evaluation.evaluator]: Inference done 157/24904. Dataloading: 0.0025 s/iter. Inference: 0.2350 s/iter. Eval: 0.0768 s/iter. Total: 0.3144 s/iter. ETA=2:09:39
[08/06 12:24:06 d2.evaluation.evaluator]: Inference done 171/24904. Dataloading: 0.0025 s/iter. Inference: 0.2353 s/iter. Eval: 0.0769 s/iter. Total: 0.3147 s/iter. ETA=2:09:43
[08/06 12:24:11 d2.evaluation.evaluator]: Inference done 187/24904. Dataloading: 0.0025 s/iter. Inference: 0.2353 s/iter. Eval: 0.0767 s/iter. Total: 0.3146 s/iter. ETA=2:09:36
[08/06 12:24:16 d2.evaluation.evaluator]: Inference done 203/24904. Dataloading: 0.0025 s/iter. Inference: 0.2354 s/iter. Eval: 0.0767 s/iter. Total: 0.3146 s/iter. ETA=2:09:31
[08/06 12:24:21 d2.evaluation.evaluator]: Inference done 219/24904. Dataloading: 0.0025 s/iter. Inference: 0.2354 s/iter. Eval: 0.0766 s/iter. Total: 0.3146 s/iter. ETA=2:09:25
[08/06 12:24:26 d2.evaluation.evaluator]: Inference done 235/24904. Dataloading: 0.0025 s/iter. Inference: 0.2356 s/iter. Eval: 0.0765 s/iter. Total: 0.3147 s/iter. ETA=2:09:22
[08/06 12:24:32 d2.evaluation.evaluator]: Inference done 251/24904. Dataloading: 0.0025 s/iter. Inference: 0.2357 s/iter. Eval: 0.0765 s/iter. Total: 0.3148 s/iter. ETA=2:09:21
[08/06 12:24:38 d2.evaluation.evaluator]: Inference done 268/24904. Dataloading: 0.0025 s/iter. Inference: 0.2357 s/iter. Eval: 0.0763 s/iter. Total: 0.3146 s/iter. ETA=2:09:11
[08/06 12:24:43 d2.evaluation.evaluator]: Inference done 285/24904. Dataloading: 0.0025 s/iter. Inference: 0.2357 s/iter. Eval: 0.0761 s/iter. Total: 0.3145 s/iter. ETA=2:09:01
[08/06 12:24:48 d2.evaluation.evaluator]: Inference done 302/24904. Dataloading: 0.0025 s/iter. Inference: 0.2357 s/iter. Eval: 0.0759 s/iter. Total: 0.3142 s/iter. ETA=2:08:49
[08/06 12:24:53 d2.evaluation.evaluator]: Inference done 318/24904. Dataloading: 0.0025 s/iter. Inference: 0.2358 s/iter. Eval: 0.0757 s/iter. Total: 0.3141 s/iter. ETA=2:08:42
[08/06 12:24:58 d2.evaluation.evaluator]: Inference done 334/24904. Dataloading: 0.0025 s/iter. Inference: 0.2358 s/iter. Eval: 0.0757 s/iter. Total: 0.3142 s/iter. ETA=2:08:39
[08/06 12:25:03 d2.evaluation.evaluator]: Inference done 350/24904. Dataloading: 0.0025 s/iter. Inference: 0.2359 s/iter. Eval: 0.0758 s/iter. Total: 0.3144 s/iter. ETA=2:08:38
[08/06 12:25:08 d2.evaluation.evaluator]: Inference done 366/24904. Dataloading: 0.0025 s/iter. Inference: 0.2361 s/iter. Eval: 0.0759 s/iter. Total: 0.3145 s/iter. ETA=2:08:37
[08/06 12:25:13 d2.evaluation.evaluator]: Inference done 379/24904. Dataloading: 0.0025 s/iter. Inference: 0.2361 s/iter. Eval: 0.0759 s/iter. Total: 0.3146 s/iter. ETA=2:08:36
[08/06 12:25:18 d2.evaluation.evaluator]: Inference done 395/24904. Dataloading: 0.0025 s/iter. Inference: 0.2362 s/iter. Eval: 0.0758 s/iter. Total: 0.3146 s/iter. ETA=2:08:31
[08/06 12:25:23 d2.evaluation.evaluator]: Inference done 411/24904. Dataloading: 0.0025 s/iter. Inference: 0.2363 s/iter. Eval: 0.0757 s/iter. Total: 0.3147 s/iter. ETA=2:08:27
[08/06 12:25:29 d2.evaluation.evaluator]: Inference done 427/24904. Dataloading: 0.0025 s/iter. Inference: 0.2364 s/iter. Eval: 0.0758 s/iter. Total: 0.3148 s/iter. ETA=2:08:24
[08/06 12:25:34 d2.evaluation.evaluator]: Inference done 443/24904. Dataloading: 0.0025 s/iter. Inference: 0.2365 s/iter. Eval: 0.0758 s/iter. Total: 0.3149 s/iter. ETA=2:08:22
[08/06 12:25:39 d2.evaluation.evaluator]: Inference done 459/24904. Dataloading: 0.0025 s/iter. Inference: 0.2366 s/iter. Eval: 0.0758 s/iter. Total: 0.3150 s/iter. ETA=2:08:20
[08/06 12:25:45 d2.evaluation.evaluator]: Inference done 475/24904. Dataloading: 0.0026 s/iter. Inference: 0.2366 s/iter. Eval: 0.0759 s/iter. Total: 0.3151 s/iter. ETA=2:08:17
[08/06 12:25:50 d2.evaluation.evaluator]: Inference done 491/24904. Dataloading: 0.0026 s/iter. Inference: 0.2367 s/iter. Eval: 0.0759 s/iter. Total: 0.3152 s/iter. ETA=2:08:15
[08/06 12:25:55 d2.evaluation.evaluator]: Inference done 507/24904. Dataloading: 0.0026 s/iter. Inference: 0.2368 s/iter. Eval: 0.0758 s/iter. Total: 0.3152 s/iter. ETA=2:08:09
[08/06 12:26:00 d2.evaluation.evaluator]: Inference done 523/24904. Dataloading: 0.0026 s/iter. Inference: 0.2369 s/iter. Eval: 0.0757 s/iter. Total: 0.3152 s/iter. ETA=2:08:04
[08/06 12:26:05 d2.evaluation.evaluator]: Inference done 539/24904. Dataloading: 0.0026 s/iter. Inference: 0.2370 s/iter. Eval: 0.0757 s/iter. Total: 0.3153 s/iter. ETA=2:08:01
[08/06 12:26:10 d2.evaluation.evaluator]: Inference done 555/24904. Dataloading: 0.0026 s/iter. Inference: 0.2371 s/iter. Eval: 0.0757 s/iter. Total: 0.3154 s/iter. ETA=2:07:59
[08/06 12:26:15 d2.evaluation.evaluator]: Inference done 571/24904. Dataloading: 0.0026 s/iter. Inference: 0.2371 s/iter. Eval: 0.0759 s/iter. Total: 0.3157 s/iter. ETA=2:08:00
[08/06 12:26:20 d2.evaluation.evaluator]: Inference done 584/24904. Dataloading: 0.0026 s/iter. Inference: 0.2372 s/iter. Eval: 0.0760 s/iter. Total: 0.3158 s/iter. ETA=2:08:00
[08/06 12:26:25 d2.evaluation.evaluator]: Inference done 600/24904. Dataloading: 0.0026 s/iter. Inference: 0.2373 s/iter. Eval: 0.0762 s/iter. Total: 0.3160 s/iter. ETA=2:08:00
[08/06 12:26:31 d2.evaluation.evaluator]: Inference done 616/24904. Dataloading: 0.0026 s/iter. Inference: 0.2373 s/iter. Eval: 0.0763 s/iter. Total: 0.3163 s/iter. ETA=2:08:01
[08/06 12:26:36 d2.evaluation.evaluator]: Inference done 632/24904. Dataloading: 0.0026 s/iter. Inference: 0.2374 s/iter. Eval: 0.0765 s/iter. Total: 0.3165 s/iter. ETA=2:08:01
[08/06 12:26:41 d2.evaluation.evaluator]: Inference done 648/24904. Dataloading: 0.0026 s/iter. Inference: 0.2374 s/iter. Eval: 0.0767 s/iter. Total: 0.3168 s/iter. ETA=2:08:03
[08/06 12:26:46 d2.evaluation.evaluator]: Inference done 664/24904. Dataloading: 0.0026 s/iter. Inference: 0.2375 s/iter. Eval: 0.0769 s/iter. Total: 0.3170 s/iter. ETA=2:08:03
[08/06 12:26:52 d2.evaluation.evaluator]: Inference done 679/24904. Dataloading: 0.0026 s/iter. Inference: 0.2376 s/iter. Eval: 0.0770 s/iter. Total: 0.3171 s/iter. ETA=2:08:02
[08/06 12:26:57 d2.evaluation.evaluator]: Inference done 695/24904. Dataloading: 0.0026 s/iter. Inference: 0.2376 s/iter. Eval: 0.0771 s/iter. Total: 0.3173 s/iter. ETA=2:08:01
[08/06 12:27:02 d2.evaluation.evaluator]: Inference done 711/24904. Dataloading: 0.0026 s/iter. Inference: 0.2377 s/iter. Eval: 0.0773 s/iter. Total: 0.3176 s/iter. ETA=2:08:02
[08/06 12:27:08 d2.evaluation.evaluator]: Inference done 727/24904. Dataloading: 0.0026 s/iter. Inference: 0.2377 s/iter. Eval: 0.0774 s/iter. Total: 0.3177 s/iter. ETA=2:08:00
[08/06 12:27:13 d2.evaluation.evaluator]: Inference done 743/24904. Dataloading: 0.0026 s/iter. Inference: 0.2377 s/iter. Eval: 0.0774 s/iter. Total: 0.3177 s/iter. ETA=2:07:56
[08/06 12:27:18 d2.evaluation.evaluator]: Inference done 759/24904. Dataloading: 0.0026 s/iter. Inference: 0.2378 s/iter. Eval: 0.0774 s/iter. Total: 0.3178 s/iter. ETA=2:07:54
[08/06 12:27:23 d2.evaluation.evaluator]: Inference done 775/24904. Dataloading: 0.0026 s/iter. Inference: 0.2378 s/iter. Eval: 0.0774 s/iter. Total: 0.3178 s/iter. ETA=2:07:48
[08/06 12:27:28 d2.evaluation.evaluator]: Inference done 788/24904. Dataloading: 0.0026 s/iter. Inference: 0.2379 s/iter. Eval: 0.0774 s/iter. Total: 0.3179 s/iter. ETA=2:07:45
[08/06 12:27:33 d2.evaluation.evaluator]: Inference done 804/24904. Dataloading: 0.0026 s/iter. Inference: 0.2380 s/iter. Eval: 0.0774 s/iter. Total: 0.3180 s/iter. ETA=2:07:44
[08/06 12:27:38 d2.evaluation.evaluator]: Inference done 820/24904. Dataloading: 0.0026 s/iter. Inference: 0.2380 s/iter. Eval: 0.0775 s/iter. Total: 0.3181 s/iter. ETA=2:07:40
[08/06 12:27:44 d2.evaluation.evaluator]: Inference done 836/24904. Dataloading: 0.0026 s/iter. Inference: 0.2381 s/iter. Eval: 0.0776 s/iter. Total: 0.3184 s/iter. ETA=2:07:42
[08/06 12:27:49 d2.evaluation.evaluator]: Inference done 851/24904. Dataloading: 0.0026 s/iter. Inference: 0.2383 s/iter. Eval: 0.0777 s/iter. Total: 0.3186 s/iter. ETA=2:07:44
[08/06 12:27:54 d2.evaluation.evaluator]: Inference done 867/24904. Dataloading: 0.0026 s/iter. Inference: 0.2383 s/iter. Eval: 0.0778 s/iter. Total: 0.3187 s/iter. ETA=2:07:41
[08/06 12:27:59 d2.evaluation.evaluator]: Inference done 881/24904. Dataloading: 0.0026 s/iter. Inference: 0.2384 s/iter. Eval: 0.0779 s/iter. Total: 0.3188 s/iter. ETA=2:07:39
[08/06 12:28:04 d2.evaluation.evaluator]: Inference done 896/24904. Dataloading: 0.0026 s/iter. Inference: 0.2385 s/iter. Eval: 0.0780 s/iter. Total: 0.3191 s/iter. ETA=2:07:41
[08/06 12:28:09 d2.evaluation.evaluator]: Inference done 912/24904. Dataloading: 0.0026 s/iter. Inference: 0.2385 s/iter. Eval: 0.0781 s/iter. Total: 0.3192 s/iter. ETA=2:07:38
[08/06 12:28:14 d2.evaluation.evaluator]: Inference done 928/24904. Dataloading: 0.0026 s/iter. Inference: 0.2385 s/iter. Eval: 0.0781 s/iter. Total: 0.3193 s/iter. ETA=2:07:36
[08/06 12:28:20 d2.evaluation.evaluator]: Inference done 944/24904. Dataloading: 0.0026 s/iter. Inference: 0.2386 s/iter. Eval: 0.0782 s/iter. Total: 0.3195 s/iter. ETA=2:07:34
[08/06 12:28:25 d2.evaluation.evaluator]: Inference done 960/24904. Dataloading: 0.0026 s/iter. Inference: 0.2387 s/iter. Eval: 0.0783 s/iter. Total: 0.3196 s/iter. ETA=2:07:32
[08/06 12:28:30 d2.evaluation.evaluator]: Inference done 976/24904. Dataloading: 0.0026 s/iter. Inference: 0.2387 s/iter. Eval: 0.0784 s/iter. Total: 0.3198 s/iter. ETA=2:07:30
[08/06 12:28:35 d2.evaluation.evaluator]: Inference done 990/24904. Dataloading: 0.0026 s/iter. Inference: 0.2388 s/iter. Eval: 0.0784 s/iter. Total: 0.3199 s/iter. ETA=2:07:28
[08/06 12:28:41 d2.evaluation.evaluator]: Inference done 1006/24904. Dataloading: 0.0026 s/iter. Inference: 0.2388 s/iter. Eval: 0.0785 s/iter. Total: 0.3200 s/iter. ETA=2:07:26
[08/06 12:28:46 d2.evaluation.evaluator]: Inference done 1022/24904. Dataloading: 0.0026 s/iter. Inference: 0.2388 s/iter. Eval: 0.0786 s/iter. Total: 0.3201 s/iter. ETA=2:07:24
[08/06 12:28:51 d2.evaluation.evaluator]: Inference done 1038/24904. Dataloading: 0.0026 s/iter. Inference: 0.2389 s/iter. Eval: 0.0785 s/iter. Total: 0.3200 s/iter. ETA=2:07:18
[08/06 12:28:56 d2.evaluation.evaluator]: Inference done 1054/24904. Dataloading: 0.0026 s/iter. Inference: 0.2389 s/iter. Eval: 0.0785 s/iter. Total: 0.3201 s/iter. ETA=2:07:13
[08/06 12:29:01 d2.evaluation.evaluator]: Inference done 1070/24904. Dataloading: 0.0026 s/iter. Inference: 0.2390 s/iter. Eval: 0.0786 s/iter. Total: 0.3202 s/iter. ETA=2:07:12
[08/06 12:29:06 d2.evaluation.evaluator]: Inference done 1085/24904. Dataloading: 0.0026 s/iter. Inference: 0.2391 s/iter. Eval: 0.0786 s/iter. Total: 0.3204 s/iter. ETA=2:07:11
[08/06 12:29:12 d2.evaluation.evaluator]: Inference done 1101/24904. Dataloading: 0.0026 s/iter. Inference: 0.2392 s/iter. Eval: 0.0787 s/iter. Total: 0.3206 s/iter. ETA=2:07:11
[08/06 12:29:17 d2.evaluation.evaluator]: Inference done 1115/24904. Dataloading: 0.0026 s/iter. Inference: 0.2395 s/iter. Eval: 0.0789 s/iter. Total: 0.3211 s/iter. ETA=2:07:17
[08/06 12:29:22 d2.evaluation.evaluator]: Inference done 1129/24904. Dataloading: 0.0026 s/iter. Inference: 0.2399 s/iter. Eval: 0.0793 s/iter. Total: 0.3219 s/iter. ETA=2:07:32
[08/06 12:29:27 d2.evaluation.evaluator]: Inference done 1144/24904. Dataloading: 0.0026 s/iter. Inference: 0.2401 s/iter. Eval: 0.0794 s/iter. Total: 0.3222 s/iter. ETA=2:07:35
[08/06 12:29:33 d2.evaluation.evaluator]: Inference done 1160/24904. Dataloading: 0.0026 s/iter. Inference: 0.2403 s/iter. Eval: 0.0794 s/iter. Total: 0.3223 s/iter. ETA=2:07:33
[08/06 12:29:38 d2.evaluation.evaluator]: Inference done 1175/24904. Dataloading: 0.0026 s/iter. Inference: 0.2404 s/iter. Eval: 0.0794 s/iter. Total: 0.3225 s/iter. ETA=2:07:31
[08/06 12:29:43 d2.evaluation.evaluator]: Inference done 1190/24904. Dataloading: 0.0026 s/iter. Inference: 0.2406 s/iter. Eval: 0.0795 s/iter. Total: 0.3227 s/iter. ETA=2:07:33
[08/06 12:29:48 d2.evaluation.evaluator]: Inference done 1205/24904. Dataloading: 0.0026 s/iter. Inference: 0.2408 s/iter. Eval: 0.0795 s/iter. Total: 0.3230 s/iter. ETA=2:07:33
[08/06 12:29:53 d2.evaluation.evaluator]: Inference done 1220/24904. Dataloading: 0.0026 s/iter. Inference: 0.2409 s/iter. Eval: 0.0796 s/iter. Total: 0.3232 s/iter. ETA=2:07:34
[08/06 12:29:58 d2.evaluation.evaluator]: Inference done 1235/24904. Dataloading: 0.0026 s/iter. Inference: 0.2410 s/iter. Eval: 0.0796 s/iter. Total: 0.3234 s/iter. ETA=2:07:34
[08/06 12:30:04 d2.evaluation.evaluator]: Inference done 1249/24904. Dataloading: 0.0027 s/iter. Inference: 0.2412 s/iter. Eval: 0.0801 s/iter. Total: 0.3241 s/iter. ETA=2:07:46
[08/06 12:30:09 d2.evaluation.evaluator]: Inference done 1264/24904. Dataloading: 0.0027 s/iter. Inference: 0.2414 s/iter. Eval: 0.0802 s/iter. Total: 0.3244 s/iter. ETA=2:07:48
[08/06 12:30:14 d2.evaluation.evaluator]: Inference done 1279/24904. Dataloading: 0.0027 s/iter. Inference: 0.2416 s/iter. Eval: 0.0803 s/iter. Total: 0.3246 s/iter. ETA=2:07:49
[08/06 12:30:19 d2.evaluation.evaluator]: Inference done 1293/24904. Dataloading: 0.0027 s/iter. Inference: 0.2418 s/iter. Eval: 0.0804 s/iter. Total: 0.3250 s/iter. ETA=2:07:53
[08/06 12:30:24 d2.evaluation.evaluator]: Inference done 1307/24904. Dataloading: 0.0027 s/iter. Inference: 0.2420 s/iter. Eval: 0.0808 s/iter. Total: 0.3256 s/iter. ETA=2:08:02
[08/06 12:30:29 d2.evaluation.evaluator]: Inference done 1322/24904. Dataloading: 0.0027 s/iter. Inference: 0.2422 s/iter. Eval: 0.0809 s/iter. Total: 0.3258 s/iter. ETA=2:08:02
[08/06 12:30:35 d2.evaluation.evaluator]: Inference done 1337/24904. Dataloading: 0.0027 s/iter. Inference: 0.2423 s/iter. Eval: 0.0810 s/iter. Total: 0.3260 s/iter. ETA=2:08:03
[08/06 12:30:40 d2.evaluation.evaluator]: Inference done 1353/24904. Dataloading: 0.0027 s/iter. Inference: 0.2424 s/iter. Eval: 0.0810 s/iter. Total: 0.3261 s/iter. ETA=2:08:00
[08/06 12:30:45 d2.evaluation.evaluator]: Inference done 1369/24904. Dataloading: 0.0027 s/iter. Inference: 0.2424 s/iter. Eval: 0.0810 s/iter. Total: 0.3262 s/iter. ETA=2:07:56
[08/06 12:30:51 d2.evaluation.evaluator]: Inference done 1385/24904. Dataloading: 0.0027 s/iter. Inference: 0.2425 s/iter. Eval: 0.0810 s/iter. Total: 0.3263 s/iter. ETA=2:07:53
[08/06 12:30:56 d2.evaluation.evaluator]: Inference done 1401/24904. Dataloading: 0.0027 s/iter. Inference: 0.2426 s/iter. Eval: 0.0810 s/iter. Total: 0.3263 s/iter. ETA=2:07:49
[08/06 12:31:01 d2.evaluation.evaluator]: Inference done 1417/24904. Dataloading: 0.0027 s/iter. Inference: 0.2426 s/iter. Eval: 0.0810 s/iter. Total: 0.3264 s/iter. ETA=2:07:45
[08/06 12:31:06 d2.evaluation.evaluator]: Inference done 1433/24904. Dataloading: 0.0027 s/iter. Inference: 0.2427 s/iter. Eval: 0.0810 s/iter. Total: 0.3264 s/iter. ETA=2:07:40
[08/06 12:31:12 d2.evaluation.evaluator]: Inference done 1449/24904. Dataloading: 0.0027 s/iter. Inference: 0.2427 s/iter. Eval: 0.0810 s/iter. Total: 0.3264 s/iter. ETA=2:07:36
[08/06 12:31:17 d2.evaluation.evaluator]: Inference done 1465/24904. Dataloading: 0.0027 s/iter. Inference: 0.2428 s/iter. Eval: 0.0809 s/iter. Total: 0.3265 s/iter. ETA=2:07:32
[08/06 12:31:22 d2.evaluation.evaluator]: Inference done 1480/24904. Dataloading: 0.0027 s/iter. Inference: 0.2429 s/iter. Eval: 0.0809 s/iter. Total: 0.3266 s/iter. ETA=2:07:29
[08/06 12:31:27 d2.evaluation.evaluator]: Inference done 1496/24904. Dataloading: 0.0027 s/iter. Inference: 0.2429 s/iter. Eval: 0.0809 s/iter. Total: 0.3266 s/iter. ETA=2:07:24
[08/06 12:31:33 d2.evaluation.evaluator]: Inference done 1512/24904. Dataloading: 0.0027 s/iter. Inference: 0.2429 s/iter. Eval: 0.0809 s/iter. Total: 0.3266 s/iter. ETA=2:07:19
[08/06 12:31:38 d2.evaluation.evaluator]: Inference done 1528/24904. Dataloading: 0.0027 s/iter. Inference: 0.2430 s/iter. Eval: 0.0809 s/iter. Total: 0.3266 s/iter. ETA=2:07:14
[08/06 12:31:43 d2.evaluation.evaluator]: Inference done 1544/24904. Dataloading: 0.0027 s/iter. Inference: 0.2430 s/iter. Eval: 0.0809 s/iter. Total: 0.3266 s/iter. ETA=2:07:10
[08/06 12:31:48 d2.evaluation.evaluator]: Inference done 1560/24904. Dataloading: 0.0027 s/iter. Inference: 0.2431 s/iter. Eval: 0.0808 s/iter. Total: 0.3266 s/iter. ETA=2:07:05
[08/06 12:31:54 d2.evaluation.evaluator]: Inference done 1576/24904. Dataloading: 0.0027 s/iter. Inference: 0.2431 s/iter. Eval: 0.0808 s/iter. Total: 0.3267 s/iter. ETA=2:07:01
[08/06 12:31:59 d2.evaluation.evaluator]: Inference done 1591/24904. Dataloading: 0.0027 s/iter. Inference: 0.2432 s/iter. Eval: 0.0808 s/iter. Total: 0.3268 s/iter. ETA=2:06:57
[08/06 12:32:04 d2.evaluation.evaluator]: Inference done 1606/24904. Dataloading: 0.0027 s/iter. Inference: 0.2432 s/iter. Eval: 0.0808 s/iter. Total: 0.3268 s/iter. ETA=2:06:54
[08/06 12:32:09 d2.evaluation.evaluator]: Inference done 1621/24904. Dataloading: 0.0027 s/iter. Inference: 0.2433 s/iter. Eval: 0.0809 s/iter. Total: 0.3269 s/iter. ETA=2:06:51
[08/06 12:32:14 d2.evaluation.evaluator]: Inference done 1637/24904. Dataloading: 0.0027 s/iter. Inference: 0.2433 s/iter. Eval: 0.0809 s/iter. Total: 0.3269 s/iter. ETA=2:06:46
[08/06 12:32:19 d2.evaluation.evaluator]: Inference done 1653/24904. Dataloading: 0.0027 s/iter. Inference: 0.2433 s/iter. Eval: 0.0808 s/iter. Total: 0.3269 s/iter. ETA=2:06:41
[08/06 12:32:24 d2.evaluation.evaluator]: Inference done 1668/24904. Dataloading: 0.0027 s/iter. Inference: 0.2434 s/iter. Eval: 0.0808 s/iter. Total: 0.3270 s/iter. ETA=2:06:38
[08/06 12:32:30 d2.evaluation.evaluator]: Inference done 1684/24904. Dataloading: 0.0027 s/iter. Inference: 0.2435 s/iter. Eval: 0.0808 s/iter. Total: 0.3271 s/iter. ETA=2:06:34
[08/06 12:32:35 d2.evaluation.evaluator]: Inference done 1700/24904. Dataloading: 0.0027 s/iter. Inference: 0.2435 s/iter. Eval: 0.0808 s/iter. Total: 0.3271 s/iter. ETA=2:06:30
[08/06 12:32:40 d2.evaluation.evaluator]: Inference done 1716/24904. Dataloading: 0.0027 s/iter. Inference: 0.2435 s/iter. Eval: 0.0808 s/iter. Total: 0.3271 s/iter. ETA=2:06:25
[08/06 12:32:45 d2.evaluation.evaluator]: Inference done 1732/24904. Dataloading: 0.0027 s/iter. Inference: 0.2436 s/iter. Eval: 0.0808 s/iter. Total: 0.3271 s/iter. ETA=2:06:20
[08/06 12:32:51 d2.evaluation.evaluator]: Inference done 1748/24904. Dataloading: 0.0027 s/iter. Inference: 0.2436 s/iter. Eval: 0.0808 s/iter. Total: 0.3272 s/iter. ETA=2:06:15
[08/06 12:32:56 d2.evaluation.evaluator]: Inference done 1764/24904. Dataloading: 0.0027 s/iter. Inference: 0.2436 s/iter. Eval: 0.0808 s/iter. Total: 0.3272 s/iter. ETA=2:06:10
[08/06 12:33:01 d2.evaluation.evaluator]: Inference done 1779/24904. Dataloading: 0.0027 s/iter. Inference: 0.2437 s/iter. Eval: 0.0808 s/iter. Total: 0.3272 s/iter. ETA=2:06:07
[08/06 12:33:06 d2.evaluation.evaluator]: Inference done 1795/24904. Dataloading: 0.0027 s/iter. Inference: 0.2438 s/iter. Eval: 0.0807 s/iter. Total: 0.3273 s/iter. ETA=2:06:03
[08/06 12:33:11 d2.evaluation.evaluator]: Inference done 1811/24904. Dataloading: 0.0027 s/iter. Inference: 0.2438 s/iter. Eval: 0.0807 s/iter. Total: 0.3273 s/iter. ETA=2:05:57
[08/06 12:33:17 d2.evaluation.evaluator]: Inference done 1827/24904. Dataloading: 0.0027 s/iter. Inference: 0.2438 s/iter. Eval: 0.0807 s/iter. Total: 0.3273 s/iter. ETA=2:05:51
[08/06 12:33:22 d2.evaluation.evaluator]: Inference done 1842/24904. Dataloading: 0.0027 s/iter. Inference: 0.2439 s/iter. Eval: 0.0807 s/iter. Total: 0.3274 s/iter. ETA=2:05:49
[08/06 12:33:27 d2.evaluation.evaluator]: Inference done 1858/24904. Dataloading: 0.0027 s/iter. Inference: 0.2439 s/iter. Eval: 0.0806 s/iter. Total: 0.3273 s/iter. ETA=2:05:44
[08/06 12:33:32 d2.evaluation.evaluator]: Inference done 1873/24904. Dataloading: 0.0027 s/iter. Inference: 0.2440 s/iter. Eval: 0.0806 s/iter. Total: 0.3274 s/iter. ETA=2:05:40
[08/06 12:33:37 d2.evaluation.evaluator]: Inference done 1889/24904. Dataloading: 0.0027 s/iter. Inference: 0.2441 s/iter. Eval: 0.0806 s/iter. Total: 0.3274 s/iter. ETA=2:05:36
[08/06 12:33:43 d2.evaluation.evaluator]: Inference done 1905/24904. Dataloading: 0.0027 s/iter. Inference: 0.2441 s/iter. Eval: 0.0806 s/iter. Total: 0.3275 s/iter. ETA=2:05:31
[08/06 12:33:48 d2.evaluation.evaluator]: Inference done 1921/24904. Dataloading: 0.0027 s/iter. Inference: 0.2441 s/iter. Eval: 0.0806 s/iter. Total: 0.3275 s/iter. ETA=2:05:26
[08/06 12:33:53 d2.evaluation.evaluator]: Inference done 1937/24904. Dataloading: 0.0027 s/iter. Inference: 0.2441 s/iter. Eval: 0.0806 s/iter. Total: 0.3275 s/iter. ETA=2:05:21
[08/06 12:33:58 d2.evaluation.evaluator]: Inference done 1953/24904. Dataloading: 0.0027 s/iter. Inference: 0.2442 s/iter. Eval: 0.0806 s/iter. Total: 0.3276 s/iter. ETA=2:05:17
[08/06 12:34:04 d2.evaluation.evaluator]: Inference done 1968/24904. Dataloading: 0.0027 s/iter. Inference: 0.2442 s/iter. Eval: 0.0806 s/iter. Total: 0.3276 s/iter. ETA=2:05:14
[08/06 12:34:09 d2.evaluation.evaluator]: Inference done 1983/24904. Dataloading: 0.0027 s/iter. Inference: 0.2443 s/iter. Eval: 0.0806 s/iter. Total: 0.3277 s/iter. ETA=2:05:11
[08/06 12:34:14 d2.evaluation.evaluator]: Inference done 1998/24904. Dataloading: 0.0027 s/iter. Inference: 0.2443 s/iter. Eval: 0.0807 s/iter. Total: 0.3277 s/iter. ETA=2:05:07
[08/06 12:34:19 d2.evaluation.evaluator]: Inference done 2013/24904. Dataloading: 0.0027 s/iter. Inference: 0.2443 s/iter. Eval: 0.0807 s/iter. Total: 0.3278 s/iter. ETA=2:05:03
[08/06 12:34:24 d2.evaluation.evaluator]: Inference done 2029/24904. Dataloading: 0.0027 s/iter. Inference: 0.2444 s/iter. Eval: 0.0807 s/iter. Total: 0.3278 s/iter. ETA=2:04:58
[08/06 12:34:29 d2.evaluation.evaluator]: Inference done 2045/24904. Dataloading: 0.0027 s/iter. Inference: 0.2444 s/iter. Eval: 0.0807 s/iter. Total: 0.3278 s/iter. ETA=2:04:53
[08/06 12:34:34 d2.evaluation.evaluator]: Inference done 2060/24904. Dataloading: 0.0027 s/iter. Inference: 0.2444 s/iter. Eval: 0.0807 s/iter. Total: 0.3279 s/iter. ETA=2:04:50
[08/06 12:34:39 d2.evaluation.evaluator]: Inference done 2075/24904. Dataloading: 0.0027 s/iter. Inference: 0.2445 s/iter. Eval: 0.0807 s/iter. Total: 0.3280 s/iter. ETA=2:04:46
[08/06 12:34:45 d2.evaluation.evaluator]: Inference done 2091/24904. Dataloading: 0.0027 s/iter. Inference: 0.2445 s/iter. Eval: 0.0807 s/iter. Total: 0.3280 s/iter. ETA=2:04:42
[08/06 12:34:50 d2.evaluation.evaluator]: Inference done 2107/24904. Dataloading: 0.0027 s/iter. Inference: 0.2445 s/iter. Eval: 0.0807 s/iter. Total: 0.3280 s/iter. ETA=2:04:37
[08/06 12:34:55 d2.evaluation.evaluator]: Inference done 2123/24904. Dataloading: 0.0027 s/iter. Inference: 0.2446 s/iter. Eval: 0.0807 s/iter. Total: 0.3280 s/iter. ETA=2:04:32
[08/06 12:35:00 d2.evaluation.evaluator]: Inference done 2139/24904. Dataloading: 0.0027 s/iter. Inference: 0.2446 s/iter. Eval: 0.0807 s/iter. Total: 0.3280 s/iter. ETA=2:04:27
[08/06 12:35:06 d2.evaluation.evaluator]: Inference done 2155/24904. Dataloading: 0.0027 s/iter. Inference: 0.2446 s/iter. Eval: 0.0807 s/iter. Total: 0.3281 s/iter. ETA=2:04:23
[08/06 12:35:11 d2.evaluation.evaluator]: Inference done 2170/24904. Dataloading: 0.0027 s/iter. Inference: 0.2447 s/iter. Eval: 0.0806 s/iter. Total: 0.3281 s/iter. ETA=2:04:19
[08/06 12:35:16 d2.evaluation.evaluator]: Inference done 2185/24904. Dataloading: 0.0027 s/iter. Inference: 0.2447 s/iter. Eval: 0.0806 s/iter. Total: 0.3281 s/iter. ETA=2:04:15
[08/06 12:35:21 d2.evaluation.evaluator]: Inference done 2201/24904. Dataloading: 0.0027 s/iter. Inference: 0.2447 s/iter. Eval: 0.0806 s/iter. Total: 0.3282 s/iter. ETA=2:04:10
[08/06 12:35:26 d2.evaluation.evaluator]: Inference done 2217/24904. Dataloading: 0.0027 s/iter. Inference: 0.2447 s/iter. Eval: 0.0806 s/iter. Total: 0.3282 s/iter. ETA=2:04:04
[08/06 12:35:32 d2.evaluation.evaluator]: Inference done 2233/24904. Dataloading: 0.0027 s/iter. Inference: 0.2447 s/iter. Eval: 0.0806 s/iter. Total: 0.3281 s/iter. ETA=2:03:59
[08/06 12:35:37 d2.evaluation.evaluator]: Inference done 2249/24904. Dataloading: 0.0027 s/iter. Inference: 0.2448 s/iter. Eval: 0.0806 s/iter. Total: 0.3281 s/iter. ETA=2:03:53
[08/06 12:35:42 d2.evaluation.evaluator]: Inference done 2264/24904. Dataloading: 0.0028 s/iter. Inference: 0.2448 s/iter. Eval: 0.0805 s/iter. Total: 0.3282 s/iter. ETA=2:03:49
[08/06 12:35:47 d2.evaluation.evaluator]: Inference done 2279/24904. Dataloading: 0.0028 s/iter. Inference: 0.2448 s/iter. Eval: 0.0805 s/iter. Total: 0.3282 s/iter. ETA=2:03:45
[08/06 12:35:52 d2.evaluation.evaluator]: Inference done 2294/24904. Dataloading: 0.0028 s/iter. Inference: 0.2449 s/iter. Eval: 0.0805 s/iter. Total: 0.3282 s/iter. ETA=2:03:41
[08/06 12:35:57 d2.evaluation.evaluator]: Inference done 2310/24904. Dataloading: 0.0028 s/iter. Inference: 0.2449 s/iter. Eval: 0.0805 s/iter. Total: 0.3282 s/iter. ETA=2:03:36
[08/06 12:36:02 d2.evaluation.evaluator]: Inference done 2326/24904. Dataloading: 0.0028 s/iter. Inference: 0.2449 s/iter. Eval: 0.0805 s/iter. Total: 0.3282 s/iter. ETA=2:03:31
[08/06 12:36:07 d2.evaluation.evaluator]: Inference done 2342/24904. Dataloading: 0.0028 s/iter. Inference: 0.2449 s/iter. Eval: 0.0805 s/iter. Total: 0.3282 s/iter. ETA=2:03:25
[08/06 12:36:13 d2.evaluation.evaluator]: Inference done 2358/24904. Dataloading: 0.0028 s/iter. Inference: 0.2449 s/iter. Eval: 0.0805 s/iter. Total: 0.3283 s/iter. ETA=2:03:20
[08/06 12:36:18 d2.evaluation.evaluator]: Inference done 2373/24904. Dataloading: 0.0028 s/iter. Inference: 0.2450 s/iter. Eval: 0.0806 s/iter. Total: 0.3284 s/iter. ETA=2:03:18
[08/06 12:36:23 d2.evaluation.evaluator]: Inference done 2388/24904. Dataloading: 0.0028 s/iter. Inference: 0.2450 s/iter. Eval: 0.0806 s/iter. Total: 0.3284 s/iter. ETA=2:03:13
[08/06 12:36:28 d2.evaluation.evaluator]: Inference done 2404/24904. Dataloading: 0.0028 s/iter. Inference: 0.2450 s/iter. Eval: 0.0805 s/iter. Total: 0.3284 s/iter. ETA=2:03:08
[08/06 12:36:33 d2.evaluation.evaluator]: Inference done 2420/24904. Dataloading: 0.0028 s/iter. Inference: 0.2450 s/iter. Eval: 0.0805 s/iter. Total: 0.3284 s/iter. ETA=2:03:03
[08/06 12:36:39 d2.evaluation.evaluator]: Inference done 2436/24904. Dataloading: 0.0028 s/iter. Inference: 0.2450 s/iter. Eval: 0.0805 s/iter. Total: 0.3284 s/iter. ETA=2:02:57
[08/06 12:36:44 d2.evaluation.evaluator]: Inference done 2452/24904. Dataloading: 0.0028 s/iter. Inference: 0.2450 s/iter. Eval: 0.0805 s/iter. Total: 0.3283 s/iter. ETA=2:02:51
[08/06 12:36:49 d2.evaluation.evaluator]: Inference done 2467/24904. Dataloading: 0.0028 s/iter. Inference: 0.2451 s/iter. Eval: 0.0805 s/iter. Total: 0.3284 s/iter. ETA=2:02:47
[08/06 12:36:54 d2.evaluation.evaluator]: Inference done 2483/24904. Dataloading: 0.0028 s/iter. Inference: 0.2451 s/iter. Eval: 0.0804 s/iter. Total: 0.3284 s/iter. ETA=2:02:42
[08/06 12:36:59 d2.evaluation.evaluator]: Inference done 2499/24904. Dataloading: 0.0028 s/iter. Inference: 0.2451 s/iter. Eval: 0.0804 s/iter. Total: 0.3284 s/iter. ETA=2:02:37
[08/06 12:37:05 d2.evaluation.evaluator]: Inference done 2515/24904. Dataloading: 0.0028 s/iter. Inference: 0.2451 s/iter. Eval: 0.0804 s/iter. Total: 0.3284 s/iter. ETA=2:02:31
[08/06 12:37:10 d2.evaluation.evaluator]: Inference done 2531/24904. Dataloading: 0.0028 s/iter. Inference: 0.2451 s/iter. Eval: 0.0804 s/iter. Total: 0.3284 s/iter. ETA=2:02:26
[08/06 12:37:15 d2.evaluation.evaluator]: Inference done 2547/24904. Dataloading: 0.0028 s/iter. Inference: 0.2451 s/iter. Eval: 0.0804 s/iter. Total: 0.3283 s/iter. ETA=2:02:20
[08/06 12:37:20 d2.evaluation.evaluator]: Inference done 2563/24904. Dataloading: 0.0028 s/iter. Inference: 0.2451 s/iter. Eval: 0.0804 s/iter. Total: 0.3284 s/iter. ETA=2:02:15
[08/06 12:37:26 d2.evaluation.evaluator]: Inference done 2579/24904. Dataloading: 0.0028 s/iter. Inference: 0.2451 s/iter. Eval: 0.0804 s/iter. Total: 0.3283 s/iter. ETA=2:02:10
[08/06 12:37:31 d2.evaluation.evaluator]: Inference done 2595/24904. Dataloading: 0.0028 s/iter. Inference: 0.2451 s/iter. Eval: 0.0804 s/iter. Total: 0.3283 s/iter. ETA=2:02:04
[08/06 12:37:36 d2.evaluation.evaluator]: Inference done 2611/24904. Dataloading: 0.0028 s/iter. Inference: 0.2452 s/iter. Eval: 0.0804 s/iter. Total: 0.3284 s/iter. ETA=2:02:00
[08/06 12:37:41 d2.evaluation.evaluator]: Inference done 2627/24904. Dataloading: 0.0028 s/iter. Inference: 0.2452 s/iter. Eval: 0.0804 s/iter. Total: 0.3284 s/iter. ETA=2:01:55
[08/06 12:37:47 d2.evaluation.evaluator]: Inference done 2643/24904. Dataloading: 0.0028 s/iter. Inference: 0.2452 s/iter. Eval: 0.0804 s/iter. Total: 0.3284 s/iter. ETA=2:01:50
[08/06 12:37:52 d2.evaluation.evaluator]: Inference done 2657/24904. Dataloading: 0.0028 s/iter. Inference: 0.2452 s/iter. Eval: 0.0804 s/iter. Total: 0.3284 s/iter. ETA=2:01:45
[08/06 12:37:57 d2.evaluation.evaluator]: Inference done 2673/24904. Dataloading: 0.0028 s/iter. Inference: 0.2452 s/iter. Eval: 0.0804 s/iter. Total: 0.3284 s/iter. ETA=2:01:40
[08/06 12:38:02 d2.evaluation.evaluator]: Inference done 2689/24904. Dataloading: 0.0028 s/iter. Inference: 0.2452 s/iter. Eval: 0.0804 s/iter. Total: 0.3284 s/iter. ETA=2:01:35
[08/06 12:38:07 d2.evaluation.evaluator]: Inference done 2705/24904. Dataloading: 0.0028 s/iter. Inference: 0.2452 s/iter. Eval: 0.0804 s/iter. Total: 0.3284 s/iter. ETA=2:01:29
[08/06 12:38:13 d2.evaluation.evaluator]: Inference done 2721/24904. Dataloading: 0.0028 s/iter. Inference: 0.2452 s/iter. Eval: 0.0803 s/iter. Total: 0.3284 s/iter. ETA=2:01:23
[08/06 12:38:18 d2.evaluation.evaluator]: Inference done 2737/24904. Dataloading: 0.0028 s/iter. Inference: 0.2452 s/iter. Eval: 0.0803 s/iter. Total: 0.3283 s/iter. ETA=2:01:18
[08/06 12:38:23 d2.evaluation.evaluator]: Inference done 2753/24904. Dataloading: 0.0028 s/iter. Inference: 0.2452 s/iter. Eval: 0.0803 s/iter. Total: 0.3283 s/iter. ETA=2:01:12
[08/06 12:38:28 d2.evaluation.evaluator]: Inference done 2768/24904. Dataloading: 0.0028 s/iter. Inference: 0.2452 s/iter. Eval: 0.0803 s/iter. Total: 0.3284 s/iter. ETA=2:01:08
[08/06 12:38:33 d2.evaluation.evaluator]: Inference done 2784/24904. Dataloading: 0.0028 s/iter. Inference: 0.2452 s/iter. Eval: 0.0803 s/iter. Total: 0.3284 s/iter. ETA=2:01:03
[08/06 12:38:39 d2.evaluation.evaluator]: Inference done 2800/24904. Dataloading: 0.0028 s/iter. Inference: 0.2453 s/iter. Eval: 0.0803 s/iter. Total: 0.3284 s/iter. ETA=2:00:58
[08/06 12:38:44 d2.evaluation.evaluator]: Inference done 2816/24904. Dataloading: 0.0028 s/iter. Inference: 0.2453 s/iter. Eval: 0.0803 s/iter. Total: 0.3284 s/iter. ETA=2:00:53
[08/06 12:38:49 d2.evaluation.evaluator]: Inference done 2832/24904. Dataloading: 0.0028 s/iter. Inference: 0.2453 s/iter. Eval: 0.0803 s/iter. Total: 0.3284 s/iter. ETA=2:00:48
[08/06 12:38:55 d2.evaluation.evaluator]: Inference done 2848/24904. Dataloading: 0.0028 s/iter. Inference: 0.2453 s/iter. Eval: 0.0803 s/iter. Total: 0.3284 s/iter. ETA=2:00:43
[08/06 12:39:00 d2.evaluation.evaluator]: Inference done 2863/24904. Dataloading: 0.0028 s/iter. Inference: 0.2453 s/iter. Eval: 0.0803 s/iter. Total: 0.3284 s/iter. ETA=2:00:39
[08/06 12:39:05 d2.evaluation.evaluator]: Inference done 2878/24904. Dataloading: 0.0028 s/iter. Inference: 0.2453 s/iter. Eval: 0.0803 s/iter. Total: 0.3285 s/iter. ETA=2:00:35
[08/06 12:39:10 d2.evaluation.evaluator]: Inference done 2893/24904. Dataloading: 0.0028 s/iter. Inference: 0.2453 s/iter. Eval: 0.0803 s/iter. Total: 0.3285 s/iter. ETA=2:00:31
[08/06 12:39:15 d2.evaluation.evaluator]: Inference done 2909/24904. Dataloading: 0.0028 s/iter. Inference: 0.2454 s/iter. Eval: 0.0803 s/iter. Total: 0.3285 s/iter. ETA=2:00:26
[08/06 12:39:20 d2.evaluation.evaluator]: Inference done 2925/24904. Dataloading: 0.0028 s/iter. Inference: 0.2454 s/iter. Eval: 0.0803 s/iter. Total: 0.3285 s/iter. ETA=2:00:21
[08/06 12:39:25 d2.evaluation.evaluator]: Inference done 2941/24904. Dataloading: 0.0028 s/iter. Inference: 0.2454 s/iter. Eval: 0.0803 s/iter. Total: 0.3286 s/iter. ETA=2:00:16
[08/06 12:39:31 d2.evaluation.evaluator]: Inference done 2957/24904. Dataloading: 0.0028 s/iter. Inference: 0.2454 s/iter. Eval: 0.0804 s/iter. Total: 0.3286 s/iter. ETA=2:00:11
[08/06 12:39:36 d2.evaluation.evaluator]: Inference done 2972/24904. Dataloading: 0.0028 s/iter. Inference: 0.2454 s/iter. Eval: 0.0804 s/iter. Total: 0.3286 s/iter. ETA=2:00:07
[08/06 12:39:41 d2.evaluation.evaluator]: Inference done 2988/24904. Dataloading: 0.0028 s/iter. Inference: 0.2454 s/iter. Eval: 0.0804 s/iter. Total: 0.3286 s/iter. ETA=2:00:02
[08/06 12:39:46 d2.evaluation.evaluator]: Inference done 3004/24904. Dataloading: 0.0028 s/iter. Inference: 0.2454 s/iter. Eval: 0.0804 s/iter. Total: 0.3286 s/iter. ETA=1:59:57
[08/06 12:39:52 d2.evaluation.evaluator]: Inference done 3020/24904. Dataloading: 0.0028 s/iter. Inference: 0.2455 s/iter. Eval: 0.0804 s/iter. Total: 0.3286 s/iter. ETA=1:59:52
[08/06 12:39:57 d2.evaluation.evaluator]: Inference done 3036/24904. Dataloading: 0.0028 s/iter. Inference: 0.2455 s/iter. Eval: 0.0804 s/iter. Total: 0.3287 s/iter. ETA=1:59:47
[08/06 12:40:02 d2.evaluation.evaluator]: Inference done 3051/24904. Dataloading: 0.0028 s/iter. Inference: 0.2455 s/iter. Eval: 0.0804 s/iter. Total: 0.3287 s/iter. ETA=1:59:43
[08/06 12:40:07 d2.evaluation.evaluator]: Inference done 3066/24904. Dataloading: 0.0028 s/iter. Inference: 0.2456 s/iter. Eval: 0.0804 s/iter. Total: 0.3288 s/iter. ETA=1:59:39
[08/06 12:40:12 d2.evaluation.evaluator]: Inference done 3081/24904. Dataloading: 0.0028 s/iter. Inference: 0.2456 s/iter. Eval: 0.0804 s/iter. Total: 0.3288 s/iter. ETA=1:59:35
[08/06 12:40:18 d2.evaluation.evaluator]: Inference done 3097/24904. Dataloading: 0.0028 s/iter. Inference: 0.2456 s/iter. Eval: 0.0804 s/iter. Total: 0.3288 s/iter. ETA=1:59:30
[08/06 12:40:23 d2.evaluation.evaluator]: Inference done 3113/24904. Dataloading: 0.0028 s/iter. Inference: 0.2456 s/iter. Eval: 0.0804 s/iter. Total: 0.3288 s/iter. ETA=1:59:25
[08/06 12:40:28 d2.evaluation.evaluator]: Inference done 3129/24904. Dataloading: 0.0028 s/iter. Inference: 0.2456 s/iter. Eval: 0.0804 s/iter. Total: 0.3288 s/iter. ETA=1:59:20
[08/06 12:40:33 d2.evaluation.evaluator]: Inference done 3145/24904. Dataloading: 0.0028 s/iter. Inference: 0.2456 s/iter. Eval: 0.0804 s/iter. Total: 0.3288 s/iter. ETA=1:59:15
[08/06 12:40:38 d2.evaluation.evaluator]: Inference done 3160/24904. Dataloading: 0.0028 s/iter. Inference: 0.2456 s/iter. Eval: 0.0804 s/iter. Total: 0.3289 s/iter. ETA=1:59:10
[08/06 12:40:44 d2.evaluation.evaluator]: Inference done 3176/24904. Dataloading: 0.0028 s/iter. Inference: 0.2457 s/iter. Eval: 0.0804 s/iter. Total: 0.3289 s/iter. ETA=1:59:06
[08/06 12:40:49 d2.evaluation.evaluator]: Inference done 3192/24904. Dataloading: 0.0028 s/iter. Inference: 0.2457 s/iter. Eval: 0.0803 s/iter. Total: 0.3289 s/iter. ETA=1:59:00
[08/06 12:40:54 d2.evaluation.evaluator]: Inference done 3207/24904. Dataloading: 0.0028 s/iter. Inference: 0.2457 s/iter. Eval: 0.0804 s/iter. Total: 0.3289 s/iter. ETA=1:58:56
[08/06 12:40:59 d2.evaluation.evaluator]: Inference done 3223/24904. Dataloading: 0.0028 s/iter. Inference: 0.2457 s/iter. Eval: 0.0803 s/iter. Total: 0.3289 s/iter. ETA=1:58:50
[08/06 12:41:05 d2.evaluation.evaluator]: Inference done 3239/24904. Dataloading: 0.0028 s/iter. Inference: 0.2457 s/iter. Eval: 0.0803 s/iter. Total: 0.3289 s/iter. ETA=1:58:45
[08/06 12:41:10 d2.evaluation.evaluator]: Inference done 3254/24904. Dataloading: 0.0028 s/iter. Inference: 0.2457 s/iter. Eval: 0.0803 s/iter. Total: 0.3289 s/iter. ETA=1:58:41
[08/06 12:41:15 d2.evaluation.evaluator]: Inference done 3269/24904. Dataloading: 0.0028 s/iter. Inference: 0.2458 s/iter. Eval: 0.0803 s/iter. Total: 0.3290 s/iter. ETA=1:58:36
[08/06 12:41:20 d2.evaluation.evaluator]: Inference done 3285/24904. Dataloading: 0.0028 s/iter. Inference: 0.2458 s/iter. Eval: 0.0803 s/iter. Total: 0.3290 s/iter. ETA=1:58:31
[08/06 12:41:25 d2.evaluation.evaluator]: Inference done 3301/24904. Dataloading: 0.0028 s/iter. Inference: 0.2458 s/iter. Eval: 0.0803 s/iter. Total: 0.3290 s/iter. ETA=1:58:26
[08/06 12:41:30 d2.evaluation.evaluator]: Inference done 3317/24904. Dataloading: 0.0028 s/iter. Inference: 0.2458 s/iter. Eval: 0.0803 s/iter. Total: 0.3290 s/iter. ETA=1:58:21
[08/06 12:41:35 d2.evaluation.evaluator]: Inference done 3332/24904. Dataloading: 0.0028 s/iter. Inference: 0.2458 s/iter. Eval: 0.0804 s/iter. Total: 0.3290 s/iter. ETA=1:58:17
[08/06 12:41:41 d2.evaluation.evaluator]: Inference done 3348/24904. Dataloading: 0.0028 s/iter. Inference: 0.2458 s/iter. Eval: 0.0804 s/iter. Total: 0.3290 s/iter. ETA=1:58:12
[08/06 12:41:46 d2.evaluation.evaluator]: Inference done 3363/24904. Dataloading: 0.0028 s/iter. Inference: 0.2458 s/iter. Eval: 0.0804 s/iter. Total: 0.3290 s/iter. ETA=1:58:07
[08/06 12:41:51 d2.evaluation.evaluator]: Inference done 3378/24904. Dataloading: 0.0028 s/iter. Inference: 0.2458 s/iter. Eval: 0.0804 s/iter. Total: 0.3291 s/iter. ETA=1:58:03
[08/06 12:41:56 d2.evaluation.evaluator]: Inference done 3394/24904. Dataloading: 0.0028 s/iter. Inference: 0.2458 s/iter. Eval: 0.0804 s/iter. Total: 0.3291 s/iter. ETA=1:57:58
[08/06 12:42:01 d2.evaluation.evaluator]: Inference done 3410/24904. Dataloading: 0.0028 s/iter. Inference: 0.2459 s/iter. Eval: 0.0804 s/iter. Total: 0.3291 s/iter. ETA=1:57:53
[08/06 12:42:07 d2.evaluation.evaluator]: Inference done 3426/24904. Dataloading: 0.0028 s/iter. Inference: 0.2459 s/iter. Eval: 0.0804 s/iter. Total: 0.3291 s/iter. ETA=1:57:48
[08/06 12:42:12 d2.evaluation.evaluator]: Inference done 3442/24904. Dataloading: 0.0028 s/iter. Inference: 0.2459 s/iter. Eval: 0.0804 s/iter. Total: 0.3291 s/iter. ETA=1:57:42
[08/06 12:42:17 d2.evaluation.evaluator]: Inference done 3458/24904. Dataloading: 0.0028 s/iter. Inference: 0.2459 s/iter. Eval: 0.0804 s/iter. Total: 0.3291 s/iter. ETA=1:57:37
[08/06 12:42:23 d2.evaluation.evaluator]: Inference done 3474/24904. Dataloading: 0.0028 s/iter. Inference: 0.2459 s/iter. Eval: 0.0803 s/iter. Total: 0.3291 s/iter. ETA=1:57:32
[08/06 12:42:28 d2.evaluation.evaluator]: Inference done 3490/24904. Dataloading: 0.0028 s/iter. Inference: 0.2459 s/iter. Eval: 0.0803 s/iter. Total: 0.3291 s/iter. ETA=1:57:27
[08/06 12:42:33 d2.evaluation.evaluator]: Inference done 3506/24904. Dataloading: 0.0028 s/iter. Inference: 0.2459 s/iter. Eval: 0.0803 s/iter. Total: 0.3291 s/iter. ETA=1:57:21
[08/06 12:42:38 d2.evaluation.evaluator]: Inference done 3522/24904. Dataloading: 0.0028 s/iter. Inference: 0.2459 s/iter. Eval: 0.0803 s/iter. Total: 0.3291 s/iter. ETA=1:57:15
[08/06 12:42:43 d2.evaluation.evaluator]: Inference done 3538/24904. Dataloading: 0.0028 s/iter. Inference: 0.2459 s/iter. Eval: 0.0802 s/iter. Total: 0.3290 s/iter. ETA=1:57:10
[08/06 12:42:49 d2.evaluation.evaluator]: Inference done 3554/24904. Dataloading: 0.0028 s/iter. Inference: 0.2460 s/iter. Eval: 0.0802 s/iter. Total: 0.3290 s/iter. ETA=1:57:04
[08/06 12:42:54 d2.evaluation.evaluator]: Inference done 3570/24904. Dataloading: 0.0028 s/iter. Inference: 0.2460 s/iter. Eval: 0.0802 s/iter. Total: 0.3290 s/iter. ETA=1:56:59
[08/06 12:42:59 d2.evaluation.evaluator]: Inference done 3586/24904. Dataloading: 0.0028 s/iter. Inference: 0.2460 s/iter. Eval: 0.0801 s/iter. Total: 0.3290 s/iter. ETA=1:56:53
[08/06 12:43:04 d2.evaluation.evaluator]: Inference done 3602/24904. Dataloading: 0.0028 s/iter. Inference: 0.2460 s/iter. Eval: 0.0801 s/iter. Total: 0.3290 s/iter. ETA=1:56:47
[08/06 12:43:09 d2.evaluation.evaluator]: Inference done 3618/24904. Dataloading: 0.0028 s/iter. Inference: 0.2460 s/iter. Eval: 0.0801 s/iter. Total: 0.3290 s/iter. ETA=1:56:42
[08/06 12:43:15 d2.evaluation.evaluator]: Inference done 3634/24904. Dataloading: 0.0028 s/iter. Inference: 0.2460 s/iter. Eval: 0.0801 s/iter. Total: 0.3290 s/iter. ETA=1:56:37
[08/06 12:43:20 d2.evaluation.evaluator]: Inference done 3650/24904. Dataloading: 0.0028 s/iter. Inference: 0.2460 s/iter. Eval: 0.0801 s/iter. Total: 0.3290 s/iter. ETA=1:56:32
[08/06 12:43:25 d2.evaluation.evaluator]: Inference done 3666/24904. Dataloading: 0.0028 s/iter. Inference: 0.2460 s/iter. Eval: 0.0801 s/iter. Total: 0.3290 s/iter. ETA=1:56:26
[08/06 12:43:30 d2.evaluation.evaluator]: Inference done 3682/24904. Dataloading: 0.0028 s/iter. Inference: 0.2460 s/iter. Eval: 0.0801 s/iter. Total: 0.3290 s/iter. ETA=1:56:21
[08/06 12:43:36 d2.evaluation.evaluator]: Inference done 3698/24904. Dataloading: 0.0028 s/iter. Inference: 0.2460 s/iter. Eval: 0.0801 s/iter. Total: 0.3290 s/iter. ETA=1:56:15
[08/06 12:43:41 d2.evaluation.evaluator]: Inference done 3714/24904. Dataloading: 0.0028 s/iter. Inference: 0.2460 s/iter. Eval: 0.0801 s/iter. Total: 0.3290 s/iter. ETA=1:56:10
[08/06 12:43:46 d2.evaluation.evaluator]: Inference done 3730/24904. Dataloading: 0.0028 s/iter. Inference: 0.2460 s/iter. Eval: 0.0801 s/iter. Total: 0.3290 s/iter. ETA=1:56:05
[08/06 12:43:52 d2.evaluation.evaluator]: Inference done 3746/24904. Dataloading: 0.0028 s/iter. Inference: 0.2461 s/iter. Eval: 0.0801 s/iter. Total: 0.3290 s/iter. ETA=1:56:00
[08/06 12:43:57 d2.evaluation.evaluator]: Inference done 3761/24904. Dataloading: 0.0028 s/iter. Inference: 0.2461 s/iter. Eval: 0.0801 s/iter. Total: 0.3290 s/iter. ETA=1:55:56
[08/06 12:44:02 d2.evaluation.evaluator]: Inference done 3776/24904. Dataloading: 0.0028 s/iter. Inference: 0.2461 s/iter. Eval: 0.0801 s/iter. Total: 0.3290 s/iter. ETA=1:55:52
[08/06 12:44:07 d2.evaluation.evaluator]: Inference done 3792/24904. Dataloading: 0.0028 s/iter. Inference: 0.2461 s/iter. Eval: 0.0801 s/iter. Total: 0.3291 s/iter. ETA=1:55:47
[08/06 12:44:12 d2.evaluation.evaluator]: Inference done 3808/24904. Dataloading: 0.0028 s/iter. Inference: 0.2461 s/iter. Eval: 0.0801 s/iter. Total: 0.3291 s/iter. ETA=1:55:42
[08/06 12:44:18 d2.evaluation.evaluator]: Inference done 3824/24904. Dataloading: 0.0028 s/iter. Inference: 0.2461 s/iter. Eval: 0.0801 s/iter. Total: 0.3291 s/iter. ETA=1:55:37
[08/06 12:44:23 d2.evaluation.evaluator]: Inference done 3839/24904. Dataloading: 0.0028 s/iter. Inference: 0.2461 s/iter. Eval: 0.0801 s/iter. Total: 0.3291 s/iter. ETA=1:55:32
[08/06 12:44:28 d2.evaluation.evaluator]: Inference done 3854/24904. Dataloading: 0.0028 s/iter. Inference: 0.2461 s/iter. Eval: 0.0802 s/iter. Total: 0.3291 s/iter. ETA=1:55:28
[08/06 12:44:33 d2.evaluation.evaluator]: Inference done 3869/24904. Dataloading: 0.0028 s/iter. Inference: 0.2461 s/iter. Eval: 0.0802 s/iter. Total: 0.3292 s/iter. ETA=1:55:23
[08/06 12:44:38 d2.evaluation.evaluator]: Inference done 3884/24904. Dataloading: 0.0028 s/iter. Inference: 0.2461 s/iter. Eval: 0.0802 s/iter. Total: 0.3292 s/iter. ETA=1:55:19
[08/06 12:44:43 d2.evaluation.evaluator]: Inference done 3900/24904. Dataloading: 0.0028 s/iter. Inference: 0.2461 s/iter. Eval: 0.0802 s/iter. Total: 0.3292 s/iter. ETA=1:55:14
[08/06 12:44:48 d2.evaluation.evaluator]: Inference done 3916/24904. Dataloading: 0.0028 s/iter. Inference: 0.2461 s/iter. Eval: 0.0802 s/iter. Total: 0.3292 s/iter. ETA=1:55:09
[08/06 12:44:53 d2.evaluation.evaluator]: Inference done 3931/24904. Dataloading: 0.0028 s/iter. Inference: 0.2462 s/iter. Eval: 0.0802 s/iter. Total: 0.3292 s/iter. ETA=1:55:05
[08/06 12:44:59 d2.evaluation.evaluator]: Inference done 3947/24904. Dataloading: 0.0028 s/iter. Inference: 0.2462 s/iter. Eval: 0.0802 s/iter. Total: 0.3293 s/iter. ETA=1:55:00
[08/06 12:45:04 d2.evaluation.evaluator]: Inference done 3962/24904. Dataloading: 0.0028 s/iter. Inference: 0.2462 s/iter. Eval: 0.0802 s/iter. Total: 0.3293 s/iter. ETA=1:54:55
[08/06 12:45:09 d2.evaluation.evaluator]: Inference done 3978/24904. Dataloading: 0.0028 s/iter. Inference: 0.2462 s/iter. Eval: 0.0802 s/iter. Total: 0.3293 s/iter. ETA=1:54:50
[08/06 12:45:14 d2.evaluation.evaluator]: Inference done 3994/24904. Dataloading: 0.0028 s/iter. Inference: 0.2462 s/iter. Eval: 0.0802 s/iter. Total: 0.3293 s/iter. ETA=1:54:45
[08/06 12:45:20 d2.evaluation.evaluator]: Inference done 4010/24904. Dataloading: 0.0028 s/iter. Inference: 0.2462 s/iter. Eval: 0.0802 s/iter. Total: 0.3293 s/iter. ETA=1:54:39
[08/06 12:45:25 d2.evaluation.evaluator]: Inference done 4026/24904. Dataloading: 0.0028 s/iter. Inference: 0.2462 s/iter. Eval: 0.0802 s/iter. Total: 0.3293 s/iter. ETA=1:54:34
[08/06 12:45:30 d2.evaluation.evaluator]: Inference done 4041/24904. Dataloading: 0.0028 s/iter. Inference: 0.2462 s/iter. Eval: 0.0802 s/iter. Total: 0.3293 s/iter. ETA=1:54:29
[08/06 12:45:35 d2.evaluation.evaluator]: Inference done 4056/24904. Dataloading: 0.0028 s/iter. Inference: 0.2463 s/iter. Eval: 0.0802 s/iter. Total: 0.3293 s/iter. ETA=1:54:25
[08/06 12:45:40 d2.evaluation.evaluator]: Inference done 4072/24904. Dataloading: 0.0028 s/iter. Inference: 0.2463 s/iter. Eval: 0.0801 s/iter. Total: 0.3293 s/iter. ETA=1:54:20
[08/06 12:45:45 d2.evaluation.evaluator]: Inference done 4088/24904. Dataloading: 0.0028 s/iter. Inference: 0.2463 s/iter. Eval: 0.0802 s/iter. Total: 0.3293 s/iter. ETA=1:54:14
[08/06 12:45:51 d2.evaluation.evaluator]: Inference done 4104/24904. Dataloading: 0.0028 s/iter. Inference: 0.2463 s/iter. Eval: 0.0802 s/iter. Total: 0.3293 s/iter. ETA=1:54:09
[08/06 12:45:56 d2.evaluation.evaluator]: Inference done 4119/24904. Dataloading: 0.0028 s/iter. Inference: 0.2463 s/iter. Eval: 0.0802 s/iter. Total: 0.3293 s/iter. ETA=1:54:05
[08/06 12:46:01 d2.evaluation.evaluator]: Inference done 4134/24904. Dataloading: 0.0028 s/iter. Inference: 0.2463 s/iter. Eval: 0.0802 s/iter. Total: 0.3293 s/iter. ETA=1:54:00
[08/06 12:46:06 d2.evaluation.evaluator]: Inference done 4149/24904. Dataloading: 0.0028 s/iter. Inference: 0.2463 s/iter. Eval: 0.0802 s/iter. Total: 0.3294 s/iter. ETA=1:53:56
[08/06 12:46:11 d2.evaluation.evaluator]: Inference done 4164/24904. Dataloading: 0.0028 s/iter. Inference: 0.2463 s/iter. Eval: 0.0802 s/iter. Total: 0.3294 s/iter. ETA=1:53:52
[08/06 12:46:16 d2.evaluation.evaluator]: Inference done 4180/24904. Dataloading: 0.0028 s/iter. Inference: 0.2463 s/iter. Eval: 0.0802 s/iter. Total: 0.3294 s/iter. ETA=1:53:47
[08/06 12:46:21 d2.evaluation.evaluator]: Inference done 4196/24904. Dataloading: 0.0028 s/iter. Inference: 0.2463 s/iter. Eval: 0.0802 s/iter. Total: 0.3294 s/iter. ETA=1:53:41
[08/06 12:46:27 d2.evaluation.evaluator]: Inference done 4212/24904. Dataloading: 0.0028 s/iter. Inference: 0.2463 s/iter. Eval: 0.0802 s/iter. Total: 0.3294 s/iter. ETA=1:53:36
[08/06 12:46:32 d2.evaluation.evaluator]: Inference done 4228/24904. Dataloading: 0.0028 s/iter. Inference: 0.2463 s/iter. Eval: 0.0802 s/iter. Total: 0.3294 s/iter. ETA=1:53:31
[08/06 12:46:37 d2.evaluation.evaluator]: Inference done 4243/24904. Dataloading: 0.0028 s/iter. Inference: 0.2463 s/iter. Eval: 0.0802 s/iter. Total: 0.3295 s/iter. ETA=1:53:27
[08/06 12:46:42 d2.evaluation.evaluator]: Inference done 4258/24904. Dataloading: 0.0028 s/iter. Inference: 0.2464 s/iter. Eval: 0.0802 s/iter. Total: 0.3295 s/iter. ETA=1:53:22
[08/06 12:46:47 d2.evaluation.evaluator]: Inference done 4274/24904. Dataloading: 0.0028 s/iter. Inference: 0.2464 s/iter. Eval: 0.0802 s/iter. Total: 0.3295 s/iter. ETA=1:53:17
[08/06 12:46:53 d2.evaluation.evaluator]: Inference done 4290/24904. Dataloading: 0.0028 s/iter. Inference: 0.2464 s/iter. Eval: 0.0802 s/iter. Total: 0.3295 s/iter. ETA=1:53:11
[08/06 12:46:58 d2.evaluation.evaluator]: Inference done 4306/24904. Dataloading: 0.0028 s/iter. Inference: 0.2464 s/iter. Eval: 0.0802 s/iter. Total: 0.3295 s/iter. ETA=1:53:06
[08/06 12:47:03 d2.evaluation.evaluator]: Inference done 4322/24904. Dataloading: 0.0028 s/iter. Inference: 0.2464 s/iter. Eval: 0.0802 s/iter. Total: 0.3295 s/iter. ETA=1:53:01
[08/06 12:47:08 d2.evaluation.evaluator]: Inference done 4338/24904. Dataloading: 0.0028 s/iter. Inference: 0.2464 s/iter. Eval: 0.0802 s/iter. Total: 0.3295 s/iter. ETA=1:52:56
[08/06 12:47:14 d2.evaluation.evaluator]: Inference done 4353/24904. Dataloading: 0.0028 s/iter. Inference: 0.2464 s/iter. Eval: 0.0802 s/iter. Total: 0.3295 s/iter. ETA=1:52:51
[08/06 12:47:19 d2.evaluation.evaluator]: Inference done 4369/24904. Dataloading: 0.0028 s/iter. Inference: 0.2464 s/iter. Eval: 0.0802 s/iter. Total: 0.3295 s/iter. ETA=1:52:46
[08/06 12:47:24 d2.evaluation.evaluator]: Inference done 4385/24904. Dataloading: 0.0028 s/iter. Inference: 0.2464 s/iter. Eval: 0.0802 s/iter. Total: 0.3295 s/iter. ETA=1:52:41
[08/06 12:47:29 d2.evaluation.evaluator]: Inference done 4401/24904. Dataloading: 0.0028 s/iter. Inference: 0.2464 s/iter. Eval: 0.0802 s/iter. Total: 0.3295 s/iter. ETA=1:52:35
[08/06 12:47:35 d2.evaluation.evaluator]: Inference done 4417/24904. Dataloading: 0.0028 s/iter. Inference: 0.2464 s/iter. Eval: 0.0802 s/iter. Total: 0.3295 s/iter. ETA=1:52:30
[08/06 12:47:40 d2.evaluation.evaluator]: Inference done 4433/24904. Dataloading: 0.0028 s/iter. Inference: 0.2464 s/iter. Eval: 0.0802 s/iter. Total: 0.3295 s/iter. ETA=1:52:25
[08/06 12:47:45 d2.evaluation.evaluator]: Inference done 4448/24904. Dataloading: 0.0028 s/iter. Inference: 0.2464 s/iter. Eval: 0.0802 s/iter. Total: 0.3295 s/iter. ETA=1:52:20
[08/06 12:47:50 d2.evaluation.evaluator]: Inference done 4463/24904. Dataloading: 0.0028 s/iter. Inference: 0.2464 s/iter. Eval: 0.0802 s/iter. Total: 0.3295 s/iter. ETA=1:52:16
[08/06 12:47:55 d2.evaluation.evaluator]: Inference done 4478/24904. Dataloading: 0.0028 s/iter. Inference: 0.2464 s/iter. Eval: 0.0802 s/iter. Total: 0.3296 s/iter. ETA=1:52:11
[08/06 12:48:00 d2.evaluation.evaluator]: Inference done 4494/24904. Dataloading: 0.0028 s/iter. Inference: 0.2465 s/iter. Eval: 0.0802 s/iter. Total: 0.3296 s/iter. ETA=1:52:06
[08/06 12:48:05 d2.evaluation.evaluator]: Inference done 4510/24904. Dataloading: 0.0028 s/iter. Inference: 0.2465 s/iter. Eval: 0.0802 s/iter. Total: 0.3296 s/iter. ETA=1:52:00
[08/06 12:48:11 d2.evaluation.evaluator]: Inference done 4526/24904. Dataloading: 0.0028 s/iter. Inference: 0.2465 s/iter. Eval: 0.0802 s/iter. Total: 0.3295 s/iter. ETA=1:51:55
[08/06 12:48:16 d2.evaluation.evaluator]: Inference done 4542/24904. Dataloading: 0.0028 s/iter. Inference: 0.2465 s/iter. Eval: 0.0802 s/iter. Total: 0.3296 s/iter. ETA=1:51:50
[08/06 12:48:21 d2.evaluation.evaluator]: Inference done 4558/24904. Dataloading: 0.0028 s/iter. Inference: 0.2465 s/iter. Eval: 0.0802 s/iter. Total: 0.3296 s/iter. ETA=1:51:45
[08/06 12:48:27 d2.evaluation.evaluator]: Inference done 4574/24904. Dataloading: 0.0028 s/iter. Inference: 0.2465 s/iter. Eval: 0.0802 s/iter. Total: 0.3296 s/iter. ETA=1:51:39
[08/06 12:48:32 d2.evaluation.evaluator]: Inference done 4590/24904. Dataloading: 0.0028 s/iter. Inference: 0.2465 s/iter. Eval: 0.0802 s/iter. Total: 0.3295 s/iter. ETA=1:51:34
[08/06 12:48:37 d2.evaluation.evaluator]: Inference done 4606/24904. Dataloading: 0.0028 s/iter. Inference: 0.2465 s/iter. Eval: 0.0801 s/iter. Total: 0.3296 s/iter. ETA=1:51:29
[08/06 12:48:42 d2.evaluation.evaluator]: Inference done 4622/24904. Dataloading: 0.0028 s/iter. Inference: 0.2465 s/iter. Eval: 0.0801 s/iter. Total: 0.3295 s/iter. ETA=1:51:23
[08/06 12:48:48 d2.evaluation.evaluator]: Inference done 4638/24904. Dataloading: 0.0028 s/iter. Inference: 0.2465 s/iter. Eval: 0.0801 s/iter. Total: 0.3295 s/iter. ETA=1:51:18
[08/06 12:48:53 d2.evaluation.evaluator]: Inference done 4653/24904. Dataloading: 0.0028 s/iter. Inference: 0.2465 s/iter. Eval: 0.0801 s/iter. Total: 0.3296 s/iter. ETA=1:51:14
[08/06 12:48:58 d2.evaluation.evaluator]: Inference done 4669/24904. Dataloading: 0.0028 s/iter. Inference: 0.2465 s/iter. Eval: 0.0801 s/iter. Total: 0.3296 s/iter. ETA=1:51:08
[08/06 12:49:03 d2.evaluation.evaluator]: Inference done 4685/24904. Dataloading: 0.0028 s/iter. Inference: 0.2465 s/iter. Eval: 0.0801 s/iter. Total: 0.3296 s/iter. ETA=1:51:03
[08/06 12:49:08 d2.evaluation.evaluator]: Inference done 4701/24904. Dataloading: 0.0028 s/iter. Inference: 0.2465 s/iter. Eval: 0.0801 s/iter. Total: 0.3296 s/iter. ETA=1:50:58
[08/06 12:49:14 d2.evaluation.evaluator]: Inference done 4717/24904. Dataloading: 0.0028 s/iter. Inference: 0.2465 s/iter. Eval: 0.0801 s/iter. Total: 0.3296 s/iter. ETA=1:50:52
[08/06 12:49:19 d2.evaluation.evaluator]: Inference done 4733/24904. Dataloading: 0.0028 s/iter. Inference: 0.2465 s/iter. Eval: 0.0801 s/iter. Total: 0.3296 s/iter. ETA=1:50:47
[08/06 12:49:24 d2.evaluation.evaluator]: Inference done 4748/24904. Dataloading: 0.0028 s/iter. Inference: 0.2466 s/iter. Eval: 0.0801 s/iter. Total: 0.3296 s/iter. ETA=1:50:43
[08/06 12:49:29 d2.evaluation.evaluator]: Inference done 4764/24904. Dataloading: 0.0028 s/iter. Inference: 0.2466 s/iter. Eval: 0.0801 s/iter. Total: 0.3296 s/iter. ETA=1:50:38
[08/06 12:49:35 d2.evaluation.evaluator]: Inference done 4780/24904. Dataloading: 0.0028 s/iter. Inference: 0.2466 s/iter. Eval: 0.0801 s/iter. Total: 0.3296 s/iter. ETA=1:50:32
[08/06 12:49:40 d2.evaluation.evaluator]: Inference done 4796/24904. Dataloading: 0.0028 s/iter. Inference: 0.2466 s/iter. Eval: 0.0801 s/iter. Total: 0.3296 s/iter. ETA=1:50:27
[08/06 12:49:45 d2.evaluation.evaluator]: Inference done 4812/24904. Dataloading: 0.0028 s/iter. Inference: 0.2466 s/iter. Eval: 0.0801 s/iter. Total: 0.3296 s/iter. ETA=1:50:21
[08/06 12:49:50 d2.evaluation.evaluator]: Inference done 4828/24904. Dataloading: 0.0028 s/iter. Inference: 0.2466 s/iter. Eval: 0.0801 s/iter. Total: 0.3296 s/iter. ETA=1:50:16
[08/06 12:49:55 d2.evaluation.evaluator]: Inference done 4843/24904. Dataloading: 0.0028 s/iter. Inference: 0.2466 s/iter. Eval: 0.0801 s/iter. Total: 0.3296 s/iter. ETA=1:50:11
[08/06 12:50:01 d2.evaluation.evaluator]: Inference done 4858/24904. Dataloading: 0.0028 s/iter. Inference: 0.2466 s/iter. Eval: 0.0801 s/iter. Total: 0.3296 s/iter. ETA=1:50:07
[08/06 12:50:06 d2.evaluation.evaluator]: Inference done 4874/24904. Dataloading: 0.0028 s/iter. Inference: 0.2466 s/iter. Eval: 0.0801 s/iter. Total: 0.3296 s/iter. ETA=1:50:02
[08/06 12:50:11 d2.evaluation.evaluator]: Inference done 4889/24904. Dataloading: 0.0028 s/iter. Inference: 0.2466 s/iter. Eval: 0.0801 s/iter. Total: 0.3297 s/iter. ETA=1:49:58
[08/06 12:50:16 d2.evaluation.evaluator]: Inference done 4904/24904. Dataloading: 0.0028 s/iter. Inference: 0.2466 s/iter. Eval: 0.0802 s/iter. Total: 0.3297 s/iter. ETA=1:49:53
[08/06 12:50:21 d2.evaluation.evaluator]: Inference done 4920/24904. Dataloading: 0.0028 s/iter. Inference: 0.2466 s/iter. Eval: 0.0802 s/iter. Total: 0.3297 s/iter. ETA=1:49:48
[08/06 12:50:26 d2.evaluation.evaluator]: Inference done 4936/24904. Dataloading: 0.0028 s/iter. Inference: 0.2466 s/iter. Eval: 0.0801 s/iter. Total: 0.3297 s/iter. ETA=1:49:42
[08/06 12:50:32 d2.evaluation.evaluator]: Inference done 4951/24904. Dataloading: 0.0028 s/iter. Inference: 0.2466 s/iter. Eval: 0.0802 s/iter. Total: 0.3297 s/iter. ETA=1:49:38
[08/06 12:50:37 d2.evaluation.evaluator]: Inference done 4967/24904. Dataloading: 0.0028 s/iter. Inference: 0.2467 s/iter. Eval: 0.0802 s/iter. Total: 0.3297 s/iter. ETA=1:49:33
[08/06 12:50:42 d2.evaluation.evaluator]: Inference done 4983/24904. Dataloading: 0.0028 s/iter. Inference: 0.2467 s/iter. Eval: 0.0802 s/iter. Total: 0.3297 s/iter. ETA=1:49:28
[08/06 12:50:47 d2.evaluation.evaluator]: Inference done 4999/24904. Dataloading: 0.0028 s/iter. Inference: 0.2467 s/iter. Eval: 0.0802 s/iter. Total: 0.3297 s/iter. ETA=1:49:22
[08/06 12:50:53 d2.evaluation.evaluator]: Inference done 5015/24904. Dataloading: 0.0028 s/iter. Inference: 0.2467 s/iter. Eval: 0.0802 s/iter. Total: 0.3297 s/iter. ETA=1:49:17
[08/06 12:50:58 d2.evaluation.evaluator]: Inference done 5030/24904. Dataloading: 0.0028 s/iter. Inference: 0.2467 s/iter. Eval: 0.0802 s/iter. Total: 0.3297 s/iter. ETA=1:49:13
[08/06 12:51:03 d2.evaluation.evaluator]: Inference done 5046/24904. Dataloading: 0.0028 s/iter. Inference: 0.2467 s/iter. Eval: 0.0802 s/iter. Total: 0.3297 s/iter. ETA=1:49:07
[08/06 12:51:08 d2.evaluation.evaluator]: Inference done 5062/24904. Dataloading: 0.0028 s/iter. Inference: 0.2467 s/iter. Eval: 0.0802 s/iter. Total: 0.3297 s/iter. ETA=1:49:02
[08/06 12:51:14 d2.evaluation.evaluator]: Inference done 5078/24904. Dataloading: 0.0028 s/iter. Inference: 0.2467 s/iter. Eval: 0.0801 s/iter. Total: 0.3297 s/iter. ETA=1:48:57
[08/06 12:51:19 d2.evaluation.evaluator]: Inference done 5094/24904. Dataloading: 0.0028 s/iter. Inference: 0.2467 s/iter. Eval: 0.0801 s/iter. Total: 0.3297 s/iter. ETA=1:48:52
[08/06 12:51:24 d2.evaluation.evaluator]: Inference done 5110/24904. Dataloading: 0.0028 s/iter. Inference: 0.2467 s/iter. Eval: 0.0801 s/iter. Total: 0.3297 s/iter. ETA=1:48:46
[08/06 12:51:29 d2.evaluation.evaluator]: Inference done 5125/24904. Dataloading: 0.0028 s/iter. Inference: 0.2467 s/iter. Eval: 0.0802 s/iter. Total: 0.3297 s/iter. ETA=1:48:42
[08/06 12:51:34 d2.evaluation.evaluator]: Inference done 5140/24904. Dataloading: 0.0028 s/iter. Inference: 0.2467 s/iter. Eval: 0.0802 s/iter. Total: 0.3298 s/iter. ETA=1:48:37
[08/06 12:51:40 d2.evaluation.evaluator]: Inference done 5156/24904. Dataloading: 0.0028 s/iter. Inference: 0.2467 s/iter. Eval: 0.0802 s/iter. Total: 0.3298 s/iter. ETA=1:48:32
[08/06 12:51:45 d2.evaluation.evaluator]: Inference done 5172/24904. Dataloading: 0.0028 s/iter. Inference: 0.2467 s/iter. Eval: 0.0802 s/iter. Total: 0.3298 s/iter. ETA=1:48:27
[08/06 12:51:50 d2.evaluation.evaluator]: Inference done 5188/24904. Dataloading: 0.0028 s/iter. Inference: 0.2467 s/iter. Eval: 0.0802 s/iter. Total: 0.3298 s/iter. ETA=1:48:22
[08/06 12:51:55 d2.evaluation.evaluator]: Inference done 5204/24904. Dataloading: 0.0028 s/iter. Inference: 0.2467 s/iter. Eval: 0.0802 s/iter. Total: 0.3298 s/iter. ETA=1:48:16
[08/06 12:52:01 d2.evaluation.evaluator]: Inference done 5220/24904. Dataloading: 0.0028 s/iter. Inference: 0.2467 s/iter. Eval: 0.0802 s/iter. Total: 0.3298 s/iter. ETA=1:48:11
[08/06 12:52:06 d2.evaluation.evaluator]: Inference done 5235/24904. Dataloading: 0.0028 s/iter. Inference: 0.2468 s/iter. Eval: 0.0802 s/iter. Total: 0.3298 s/iter. ETA=1:48:07
[08/06 12:52:11 d2.evaluation.evaluator]: Inference done 5250/24904. Dataloading: 0.0028 s/iter. Inference: 0.2468 s/iter. Eval: 0.0802 s/iter. Total: 0.3298 s/iter. ETA=1:48:02
[08/06 12:52:16 d2.evaluation.evaluator]: Inference done 5266/24904. Dataloading: 0.0028 s/iter. Inference: 0.2468 s/iter. Eval: 0.0802 s/iter. Total: 0.3298 s/iter. ETA=1:47:57
[08/06 12:52:21 d2.evaluation.evaluator]: Inference done 5282/24904. Dataloading: 0.0028 s/iter. Inference: 0.2468 s/iter. Eval: 0.0802 s/iter. Total: 0.3298 s/iter. ETA=1:47:52
[08/06 12:52:27 d2.evaluation.evaluator]: Inference done 5298/24904. Dataloading: 0.0028 s/iter. Inference: 0.2468 s/iter. Eval: 0.0802 s/iter. Total: 0.3298 s/iter. ETA=1:47:46
[08/06 12:52:32 d2.evaluation.evaluator]: Inference done 5314/24904. Dataloading: 0.0028 s/iter. Inference: 0.2468 s/iter. Eval: 0.0802 s/iter. Total: 0.3298 s/iter. ETA=1:47:41
[08/06 12:52:37 d2.evaluation.evaluator]: Inference done 5329/24904. Dataloading: 0.0028 s/iter. Inference: 0.2468 s/iter. Eval: 0.0802 s/iter. Total: 0.3299 s/iter. ETA=1:47:37
[08/06 12:52:42 d2.evaluation.evaluator]: Inference done 5344/24904. Dataloading: 0.0028 s/iter. Inference: 0.2468 s/iter. Eval: 0.0802 s/iter. Total: 0.3299 s/iter. ETA=1:47:32
[08/06 12:52:47 d2.evaluation.evaluator]: Inference done 5360/24904. Dataloading: 0.0028 s/iter. Inference: 0.2468 s/iter. Eval: 0.0802 s/iter. Total: 0.3299 s/iter. ETA=1:47:27
[08/06 12:52:53 d2.evaluation.evaluator]: Inference done 5376/24904. Dataloading: 0.0028 s/iter. Inference: 0.2468 s/iter. Eval: 0.0802 s/iter. Total: 0.3299 s/iter. ETA=1:47:22
[08/06 12:52:58 d2.evaluation.evaluator]: Inference done 5392/24904. Dataloading: 0.0028 s/iter. Inference: 0.2468 s/iter. Eval: 0.0802 s/iter. Total: 0.3299 s/iter. ETA=1:47:16
[08/06 12:53:03 d2.evaluation.evaluator]: Inference done 5408/24904. Dataloading: 0.0028 s/iter. Inference: 0.2468 s/iter. Eval: 0.0802 s/iter. Total: 0.3299 s/iter. ETA=1:47:11
[08/06 12:53:08 d2.evaluation.evaluator]: Inference done 5424/24904. Dataloading: 0.0028 s/iter. Inference: 0.2468 s/iter. Eval: 0.0802 s/iter. Total: 0.3299 s/iter. ETA=1:47:06
[08/06 12:53:14 d2.evaluation.evaluator]: Inference done 5439/24904. Dataloading: 0.0028 s/iter. Inference: 0.2468 s/iter. Eval: 0.0802 s/iter. Total: 0.3299 s/iter. ETA=1:47:01
[08/06 12:53:19 d2.evaluation.evaluator]: Inference done 5454/24904. Dataloading: 0.0028 s/iter. Inference: 0.2468 s/iter. Eval: 0.0802 s/iter. Total: 0.3299 s/iter. ETA=1:46:56
[08/06 12:53:24 d2.evaluation.evaluator]: Inference done 5469/24904. Dataloading: 0.0028 s/iter. Inference: 0.2468 s/iter. Eval: 0.0802 s/iter. Total: 0.3299 s/iter. ETA=1:46:52
[08/06 12:53:29 d2.evaluation.evaluator]: Inference done 5484/24904. Dataloading: 0.0028 s/iter. Inference: 0.2468 s/iter. Eval: 0.0802 s/iter. Total: 0.3299 s/iter. ETA=1:46:47
[08/06 12:53:34 d2.evaluation.evaluator]: Inference done 5500/24904. Dataloading: 0.0028 s/iter. Inference: 0.2468 s/iter. Eval: 0.0802 s/iter. Total: 0.3299 s/iter. ETA=1:46:42
[08/06 12:53:39 d2.evaluation.evaluator]: Inference done 5516/24904. Dataloading: 0.0028 s/iter. Inference: 0.2468 s/iter. Eval: 0.0802 s/iter. Total: 0.3300 s/iter. ETA=1:46:37
[08/06 12:53:44 d2.evaluation.evaluator]: Inference done 5531/24904. Dataloading: 0.0028 s/iter. Inference: 0.2468 s/iter. Eval: 0.0802 s/iter. Total: 0.3300 s/iter. ETA=1:46:32
[08/06 12:53:49 d2.evaluation.evaluator]: Inference done 5546/24904. Dataloading: 0.0028 s/iter. Inference: 0.2468 s/iter. Eval: 0.0802 s/iter. Total: 0.3300 s/iter. ETA=1:46:27
[08/06 12:53:55 d2.evaluation.evaluator]: Inference done 5562/24904. Dataloading: 0.0028 s/iter. Inference: 0.2469 s/iter. Eval: 0.0802 s/iter. Total: 0.3300 s/iter. ETA=1:46:22
[08/06 12:54:00 d2.evaluation.evaluator]: Inference done 5578/24904. Dataloading: 0.0028 s/iter. Inference: 0.2469 s/iter. Eval: 0.0802 s/iter. Total: 0.3300 s/iter. ETA=1:46:17
[08/06 12:54:05 d2.evaluation.evaluator]: Inference done 5594/24904. Dataloading: 0.0028 s/iter. Inference: 0.2469 s/iter. Eval: 0.0802 s/iter. Total: 0.3300 s/iter. ETA=1:46:11
[08/06 12:54:10 d2.evaluation.evaluator]: Inference done 5610/24904. Dataloading: 0.0028 s/iter. Inference: 0.2469 s/iter. Eval: 0.0802 s/iter. Total: 0.3300 s/iter. ETA=1:46:06
[08/06 12:54:16 d2.evaluation.evaluator]: Inference done 5626/24904. Dataloading: 0.0028 s/iter. Inference: 0.2469 s/iter. Eval: 0.0802 s/iter. Total: 0.3300 s/iter. ETA=1:46:01
[08/06 12:54:21 d2.evaluation.evaluator]: Inference done 5642/24904. Dataloading: 0.0028 s/iter. Inference: 0.2469 s/iter. Eval: 0.0802 s/iter. Total: 0.3300 s/iter. ETA=1:45:56
[08/06 12:54:26 d2.evaluation.evaluator]: Inference done 5658/24904. Dataloading: 0.0028 s/iter. Inference: 0.2469 s/iter. Eval: 0.0802 s/iter. Total: 0.3300 s/iter. ETA=1:45:50
[08/06 12:54:32 d2.evaluation.evaluator]: Inference done 5674/24904. Dataloading: 0.0028 s/iter. Inference: 0.2469 s/iter. Eval: 0.0802 s/iter. Total: 0.3300 s/iter. ETA=1:45:45
[08/06 12:54:37 d2.evaluation.evaluator]: Inference done 5690/24904. Dataloading: 0.0028 s/iter. Inference: 0.2469 s/iter. Eval: 0.0802 s/iter. Total: 0.3300 s/iter. ETA=1:45:40
[08/06 12:54:42 d2.evaluation.evaluator]: Inference done 5706/24904. Dataloading: 0.0028 s/iter. Inference: 0.2469 s/iter. Eval: 0.0802 s/iter. Total: 0.3300 s/iter. ETA=1:45:34
[08/06 12:54:47 d2.evaluation.evaluator]: Inference done 5722/24904. Dataloading: 0.0028 s/iter. Inference: 0.2469 s/iter. Eval: 0.0802 s/iter. Total: 0.3300 s/iter. ETA=1:45:29
[08/06 12:54:52 d2.evaluation.evaluator]: Inference done 5737/24904. Dataloading: 0.0028 s/iter. Inference: 0.2469 s/iter. Eval: 0.0802 s/iter. Total: 0.3300 s/iter. ETA=1:45:25
[08/06 12:54:58 d2.evaluation.evaluator]: Inference done 5753/24904. Dataloading: 0.0028 s/iter. Inference: 0.2469 s/iter. Eval: 0.0802 s/iter. Total: 0.3300 s/iter. ETA=1:45:20
[08/06 12:55:03 d2.evaluation.evaluator]: Inference done 5769/24904. Dataloading: 0.0028 s/iter. Inference: 0.2469 s/iter. Eval: 0.0802 s/iter. Total: 0.3300 s/iter. ETA=1:45:14
[08/06 12:55:08 d2.evaluation.evaluator]: Inference done 5784/24904. Dataloading: 0.0028 s/iter. Inference: 0.2469 s/iter. Eval: 0.0802 s/iter. Total: 0.3300 s/iter. ETA=1:45:10
[08/06 12:55:13 d2.evaluation.evaluator]: Inference done 5799/24904. Dataloading: 0.0028 s/iter. Inference: 0.2469 s/iter. Eval: 0.0802 s/iter. Total: 0.3300 s/iter. ETA=1:45:05
[08/06 12:55:18 d2.evaluation.evaluator]: Inference done 5815/24904. Dataloading: 0.0028 s/iter. Inference: 0.2469 s/iter. Eval: 0.0802 s/iter. Total: 0.3301 s/iter. ETA=1:45:00
[08/06 12:55:24 d2.evaluation.evaluator]: Inference done 5830/24904. Dataloading: 0.0028 s/iter. Inference: 0.2469 s/iter. Eval: 0.0802 s/iter. Total: 0.3301 s/iter. ETA=1:44:55
[08/06 12:55:29 d2.evaluation.evaluator]: Inference done 5846/24904. Dataloading: 0.0028 s/iter. Inference: 0.2469 s/iter. Eval: 0.0802 s/iter. Total: 0.3301 s/iter. ETA=1:44:50
[08/06 12:55:34 d2.evaluation.evaluator]: Inference done 5862/24904. Dataloading: 0.0028 s/iter. Inference: 0.2469 s/iter. Eval: 0.0802 s/iter. Total: 0.3301 s/iter. ETA=1:44:45
[08/06 12:55:39 d2.evaluation.evaluator]: Inference done 5878/24904. Dataloading: 0.0028 s/iter. Inference: 0.2469 s/iter. Eval: 0.0802 s/iter. Total: 0.3301 s/iter. ETA=1:44:39
[08/06 12:55:45 d2.evaluation.evaluator]: Inference done 5894/24904. Dataloading: 0.0028 s/iter. Inference: 0.2469 s/iter. Eval: 0.0802 s/iter. Total: 0.3301 s/iter. ETA=1:44:34
[08/06 12:55:50 d2.evaluation.evaluator]: Inference done 5910/24904. Dataloading: 0.0028 s/iter. Inference: 0.2469 s/iter. Eval: 0.0802 s/iter. Total: 0.3301 s/iter. ETA=1:44:29
[08/06 12:55:55 d2.evaluation.evaluator]: Inference done 5926/24904. Dataloading: 0.0028 s/iter. Inference: 0.2469 s/iter. Eval: 0.0802 s/iter. Total: 0.3301 s/iter. ETA=1:44:23
[08/06 12:56:00 d2.evaluation.evaluator]: Inference done 5942/24904. Dataloading: 0.0028 s/iter. Inference: 0.2469 s/iter. Eval: 0.0802 s/iter. Total: 0.3301 s/iter. ETA=1:44:18
[08/06 12:56:06 d2.evaluation.evaluator]: Inference done 5958/24904. Dataloading: 0.0028 s/iter. Inference: 0.2469 s/iter. Eval: 0.0802 s/iter. Total: 0.3301 s/iter. ETA=1:44:13
[08/06 12:56:11 d2.evaluation.evaluator]: Inference done 5974/24904. Dataloading: 0.0028 s/iter. Inference: 0.2469 s/iter. Eval: 0.0802 s/iter. Total: 0.3301 s/iter. ETA=1:44:07
[08/06 12:56:16 d2.evaluation.evaluator]: Inference done 5990/24904. Dataloading: 0.0028 s/iter. Inference: 0.2469 s/iter. Eval: 0.0802 s/iter. Total: 0.3300 s/iter. ETA=1:44:02
[08/06 12:56:21 d2.evaluation.evaluator]: Inference done 6005/24904. Dataloading: 0.0028 s/iter. Inference: 0.2470 s/iter. Eval: 0.0802 s/iter. Total: 0.3301 s/iter. ETA=1:43:58
[08/06 12:56:26 d2.evaluation.evaluator]: Inference done 6020/24904. Dataloading: 0.0028 s/iter. Inference: 0.2470 s/iter. Eval: 0.0802 s/iter. Total: 0.3301 s/iter. ETA=1:43:53
[08/06 12:56:32 d2.evaluation.evaluator]: Inference done 6036/24904. Dataloading: 0.0028 s/iter. Inference: 0.2470 s/iter. Eval: 0.0802 s/iter. Total: 0.3301 s/iter. ETA=1:43:48
[08/06 12:56:37 d2.evaluation.evaluator]: Inference done 6052/24904. Dataloading: 0.0028 s/iter. Inference: 0.2470 s/iter. Eval: 0.0802 s/iter. Total: 0.3301 s/iter. ETA=1:43:43
[08/06 12:56:42 d2.evaluation.evaluator]: Inference done 6068/24904. Dataloading: 0.0029 s/iter. Inference: 0.2470 s/iter. Eval: 0.0802 s/iter. Total: 0.3301 s/iter. ETA=1:43:38
[08/06 12:56:47 d2.evaluation.evaluator]: Inference done 6083/24904. Dataloading: 0.0029 s/iter. Inference: 0.2470 s/iter. Eval: 0.0802 s/iter. Total: 0.3301 s/iter. ETA=1:43:33
[08/06 12:56:52 d2.evaluation.evaluator]: Inference done 6098/24904. Dataloading: 0.0029 s/iter. Inference: 0.2470 s/iter. Eval: 0.0802 s/iter. Total: 0.3301 s/iter. ETA=1:43:28
[08/06 12:56:58 d2.evaluation.evaluator]: Inference done 6114/24904. Dataloading: 0.0029 s/iter. Inference: 0.2470 s/iter. Eval: 0.0802 s/iter. Total: 0.3301 s/iter. ETA=1:43:23
[08/06 12:57:03 d2.evaluation.evaluator]: Inference done 6129/24904. Dataloading: 0.0029 s/iter. Inference: 0.2470 s/iter. Eval: 0.0803 s/iter. Total: 0.3302 s/iter. ETA=1:43:18
[08/06 12:57:08 d2.evaluation.evaluator]: Inference done 6144/24904. Dataloading: 0.0029 s/iter. Inference: 0.2470 s/iter. Eval: 0.0803 s/iter. Total: 0.3302 s/iter. ETA=1:43:14
[08/06 12:57:13 d2.evaluation.evaluator]: Inference done 6159/24904. Dataloading: 0.0029 s/iter. Inference: 0.2470 s/iter. Eval: 0.0803 s/iter. Total: 0.3302 s/iter. ETA=1:43:09
[08/06 12:57:18 d2.evaluation.evaluator]: Inference done 6175/24904. Dataloading: 0.0029 s/iter. Inference: 0.2470 s/iter. Eval: 0.0803 s/iter. Total: 0.3302 s/iter. ETA=1:43:03
[08/06 12:57:23 d2.evaluation.evaluator]: Inference done 6191/24904. Dataloading: 0.0029 s/iter. Inference: 0.2470 s/iter. Eval: 0.0803 s/iter. Total: 0.3302 s/iter. ETA=1:42:58
[08/06 12:57:29 d2.evaluation.evaluator]: Inference done 6207/24904. Dataloading: 0.0029 s/iter. Inference: 0.2470 s/iter. Eval: 0.0802 s/iter. Total: 0.3302 s/iter. ETA=1:42:53
[08/06 12:57:34 d2.evaluation.evaluator]: Inference done 6223/24904. Dataloading: 0.0029 s/iter. Inference: 0.2470 s/iter. Eval: 0.0802 s/iter. Total: 0.3302 s/iter. ETA=1:42:47
[08/06 12:57:39 d2.evaluation.evaluator]: Inference done 6239/24904. Dataloading: 0.0029 s/iter. Inference: 0.2470 s/iter. Eval: 0.0802 s/iter. Total: 0.3302 s/iter. ETA=1:42:42
[08/06 12:57:44 d2.evaluation.evaluator]: Inference done 6255/24904. Dataloading: 0.0029 s/iter. Inference: 0.2470 s/iter. Eval: 0.0802 s/iter. Total: 0.3302 s/iter. ETA=1:42:37
[08/06 12:57:50 d2.evaluation.evaluator]: Inference done 6271/24904. Dataloading: 0.0029 s/iter. Inference: 0.2470 s/iter. Eval: 0.0802 s/iter. Total: 0.3302 s/iter. ETA=1:42:31
[08/06 12:57:55 d2.evaluation.evaluator]: Inference done 6287/24904. Dataloading: 0.0029 s/iter. Inference: 0.2470 s/iter. Eval: 0.0802 s/iter. Total: 0.3301 s/iter. ETA=1:42:26
[08/06 12:58:00 d2.evaluation.evaluator]: Inference done 6303/24904. Dataloading: 0.0029 s/iter. Inference: 0.2470 s/iter. Eval: 0.0802 s/iter. Total: 0.3301 s/iter. ETA=1:42:20
[08/06 12:58:05 d2.evaluation.evaluator]: Inference done 6319/24904. Dataloading: 0.0029 s/iter. Inference: 0.2470 s/iter. Eval: 0.0802 s/iter. Total: 0.3301 s/iter. ETA=1:42:15
[08/06 12:58:10 d2.evaluation.evaluator]: Inference done 6334/24904. Dataloading: 0.0029 s/iter. Inference: 0.2470 s/iter. Eval: 0.0802 s/iter. Total: 0.3302 s/iter. ETA=1:42:11
[08/06 12:58:16 d2.evaluation.evaluator]: Inference done 6350/24904. Dataloading: 0.0029 s/iter. Inference: 0.2471 s/iter. Eval: 0.0802 s/iter. Total: 0.3302 s/iter. ETA=1:42:05
[08/06 12:58:21 d2.evaluation.evaluator]: Inference done 6366/24904. Dataloading: 0.0029 s/iter. Inference: 0.2471 s/iter. Eval: 0.0802 s/iter. Total: 0.3302 s/iter. ETA=1:42:00
[08/06 12:58:26 d2.evaluation.evaluator]: Inference done 6382/24904. Dataloading: 0.0029 s/iter. Inference: 0.2471 s/iter. Eval: 0.0802 s/iter. Total: 0.3302 s/iter. ETA=1:41:55
[08/06 12:58:31 d2.evaluation.evaluator]: Inference done 6398/24904. Dataloading: 0.0029 s/iter. Inference: 0.2471 s/iter. Eval: 0.0802 s/iter. Total: 0.3301 s/iter. ETA=1:41:49
[08/06 12:58:37 d2.evaluation.evaluator]: Inference done 6414/24904. Dataloading: 0.0029 s/iter. Inference: 0.2471 s/iter. Eval: 0.0801 s/iter. Total: 0.3301 s/iter. ETA=1:41:43
[08/06 12:58:42 d2.evaluation.evaluator]: Inference done 6429/24904. Dataloading: 0.0029 s/iter. Inference: 0.2471 s/iter. Eval: 0.0801 s/iter. Total: 0.3301 s/iter. ETA=1:41:39
[08/06 12:58:47 d2.evaluation.evaluator]: Inference done 6445/24904. Dataloading: 0.0029 s/iter. Inference: 0.2471 s/iter. Eval: 0.0801 s/iter. Total: 0.3301 s/iter. ETA=1:41:33
[08/06 12:58:52 d2.evaluation.evaluator]: Inference done 6461/24904. Dataloading: 0.0029 s/iter. Inference: 0.2471 s/iter. Eval: 0.0801 s/iter. Total: 0.3301 s/iter. ETA=1:41:28
[08/06 12:58:57 d2.evaluation.evaluator]: Inference done 6477/24904. Dataloading: 0.0029 s/iter. Inference: 0.2471 s/iter. Eval: 0.0801 s/iter. Total: 0.3301 s/iter. ETA=1:41:22
[08/06 12:59:02 d2.evaluation.evaluator]: Inference done 6493/24904. Dataloading: 0.0029 s/iter. Inference: 0.2471 s/iter. Eval: 0.0801 s/iter. Total: 0.3301 s/iter. ETA=1:41:17
[08/06 12:59:08 d2.evaluation.evaluator]: Inference done 6509/24904. Dataloading: 0.0029 s/iter. Inference: 0.2471 s/iter. Eval: 0.0801 s/iter. Total: 0.3301 s/iter. ETA=1:41:12
[08/06 12:59:13 d2.evaluation.evaluator]: Inference done 6525/24904. Dataloading: 0.0029 s/iter. Inference: 0.2471 s/iter. Eval: 0.0801 s/iter. Total: 0.3301 s/iter. ETA=1:41:06
[08/06 12:59:18 d2.evaluation.evaluator]: Inference done 6541/24904. Dataloading: 0.0029 s/iter. Inference: 0.2471 s/iter. Eval: 0.0801 s/iter. Total: 0.3301 s/iter. ETA=1:41:01
[08/06 12:59:24 d2.evaluation.evaluator]: Inference done 6557/24904. Dataloading: 0.0029 s/iter. Inference: 0.2471 s/iter. Eval: 0.0801 s/iter. Total: 0.3301 s/iter. ETA=1:40:56
[08/06 12:59:29 d2.evaluation.evaluator]: Inference done 6573/24904. Dataloading: 0.0029 s/iter. Inference: 0.2471 s/iter. Eval: 0.0801 s/iter. Total: 0.3301 s/iter. ETA=1:40:50
[08/06 12:59:34 d2.evaluation.evaluator]: Inference done 6588/24904. Dataloading: 0.0029 s/iter. Inference: 0.2471 s/iter. Eval: 0.0801 s/iter. Total: 0.3301 s/iter. ETA=1:40:46
[08/06 12:59:39 d2.evaluation.evaluator]: Inference done 6603/24904. Dataloading: 0.0029 s/iter. Inference: 0.2471 s/iter. Eval: 0.0801 s/iter. Total: 0.3301 s/iter. ETA=1:40:41
[08/06 12:59:44 d2.evaluation.evaluator]: Inference done 6619/24904. Dataloading: 0.0029 s/iter. Inference: 0.2471 s/iter. Eval: 0.0801 s/iter. Total: 0.3301 s/iter. ETA=1:40:36
[08/06 12:59:49 d2.evaluation.evaluator]: Inference done 6634/24904. Dataloading: 0.0029 s/iter. Inference: 0.2471 s/iter. Eval: 0.0801 s/iter. Total: 0.3302 s/iter. ETA=1:40:31
[08/06 12:59:55 d2.evaluation.evaluator]: Inference done 6649/24904. Dataloading: 0.0029 s/iter. Inference: 0.2471 s/iter. Eval: 0.0801 s/iter. Total: 0.3302 s/iter. ETA=1:40:27
[08/06 13:00:00 d2.evaluation.evaluator]: Inference done 6664/24904. Dataloading: 0.0029 s/iter. Inference: 0.2471 s/iter. Eval: 0.0801 s/iter. Total: 0.3302 s/iter. ETA=1:40:22
[08/06 13:00:05 d2.evaluation.evaluator]: Inference done 6680/24904. Dataloading: 0.0029 s/iter. Inference: 0.2471 s/iter. Eval: 0.0801 s/iter. Total: 0.3302 s/iter. ETA=1:40:17
[08/06 13:00:10 d2.evaluation.evaluator]: Inference done 6696/24904. Dataloading: 0.0029 s/iter. Inference: 0.2471 s/iter. Eval: 0.0801 s/iter. Total: 0.3302 s/iter. ETA=1:40:11
[08/06 13:00:15 d2.evaluation.evaluator]: Inference done 6712/24904. Dataloading: 0.0029 s/iter. Inference: 0.2471 s/iter. Eval: 0.0801 s/iter. Total: 0.3302 s/iter. ETA=1:40:06
[08/06 13:00:20 d2.evaluation.evaluator]: Inference done 6728/24904. Dataloading: 0.0029 s/iter. Inference: 0.2471 s/iter. Eval: 0.0801 s/iter. Total: 0.3302 s/iter. ETA=1:40:00
[08/06 13:00:25 d2.evaluation.evaluator]: Inference done 6743/24904. Dataloading: 0.0029 s/iter. Inference: 0.2471 s/iter. Eval: 0.0801 s/iter. Total: 0.3302 s/iter. ETA=1:39:56
[08/06 13:00:30 d2.evaluation.evaluator]: Inference done 6758/24904. Dataloading: 0.0029 s/iter. Inference: 0.2471 s/iter. Eval: 0.0801 s/iter. Total: 0.3302 s/iter. ETA=1:39:51
[08/06 13:00:36 d2.evaluation.evaluator]: Inference done 6774/24904. Dataloading: 0.0029 s/iter. Inference: 0.2471 s/iter. Eval: 0.0801 s/iter. Total: 0.3302 s/iter. ETA=1:39:45
[08/06 13:00:41 d2.evaluation.evaluator]: Inference done 6790/24904. Dataloading: 0.0029 s/iter. Inference: 0.2471 s/iter. Eval: 0.0801 s/iter. Total: 0.3302 s/iter. ETA=1:39:40
[08/06 13:00:46 d2.evaluation.evaluator]: Inference done 6806/24904. Dataloading: 0.0029 s/iter. Inference: 0.2471 s/iter. Eval: 0.0801 s/iter. Total: 0.3302 s/iter. ETA=1:39:35
[08/06 13:00:51 d2.evaluation.evaluator]: Inference done 6821/24904. Dataloading: 0.0029 s/iter. Inference: 0.2471 s/iter. Eval: 0.0801 s/iter. Total: 0.3302 s/iter. ETA=1:39:30
[08/06 13:00:56 d2.evaluation.evaluator]: Inference done 6836/24904. Dataloading: 0.0029 s/iter. Inference: 0.2472 s/iter. Eval: 0.0801 s/iter. Total: 0.3302 s/iter. ETA=1:39:26
[08/06 13:01:02 d2.evaluation.evaluator]: Inference done 6852/24904. Dataloading: 0.0029 s/iter. Inference: 0.2472 s/iter. Eval: 0.0801 s/iter. Total: 0.3302 s/iter. ETA=1:39:20
[08/06 13:01:07 d2.evaluation.evaluator]: Inference done 6868/24904. Dataloading: 0.0029 s/iter. Inference: 0.2472 s/iter. Eval: 0.0801 s/iter. Total: 0.3302 s/iter. ETA=1:39:15
[08/06 13:01:12 d2.evaluation.evaluator]: Inference done 6884/24904. Dataloading: 0.0029 s/iter. Inference: 0.2471 s/iter. Eval: 0.0801 s/iter. Total: 0.3302 s/iter. ETA=1:39:09
[08/06 13:01:17 d2.evaluation.evaluator]: Inference done 6900/24904. Dataloading: 0.0029 s/iter. Inference: 0.2471 s/iter. Eval: 0.0801 s/iter. Total: 0.3302 s/iter. ETA=1:39:04
[08/06 13:01:23 d2.evaluation.evaluator]: Inference done 6915/24904. Dataloading: 0.0029 s/iter. Inference: 0.2472 s/iter. Eval: 0.0801 s/iter. Total: 0.3302 s/iter. ETA=1:38:59
[08/06 13:01:28 d2.evaluation.evaluator]: Inference done 6930/24904. Dataloading: 0.0029 s/iter. Inference: 0.2472 s/iter. Eval: 0.0801 s/iter. Total: 0.3302 s/iter. ETA=1:38:55
[08/06 13:01:33 d2.evaluation.evaluator]: Inference done 6945/24904. Dataloading: 0.0029 s/iter. Inference: 0.2472 s/iter. Eval: 0.0801 s/iter. Total: 0.3302 s/iter. ETA=1:38:50
[08/06 13:01:38 d2.evaluation.evaluator]: Inference done 6961/24904. Dataloading: 0.0029 s/iter. Inference: 0.2472 s/iter. Eval: 0.0802 s/iter. Total: 0.3302 s/iter. ETA=1:38:45
[08/06 13:01:43 d2.evaluation.evaluator]: Inference done 6977/24904. Dataloading: 0.0029 s/iter. Inference: 0.2472 s/iter. Eval: 0.0802 s/iter. Total: 0.3302 s/iter. ETA=1:38:40
[08/06 13:01:49 d2.evaluation.evaluator]: Inference done 6993/24904. Dataloading: 0.0029 s/iter. Inference: 0.2472 s/iter. Eval: 0.0802 s/iter. Total: 0.3302 s/iter. ETA=1:38:34
[08/06 13:01:54 d2.evaluation.evaluator]: Inference done 7009/24904. Dataloading: 0.0029 s/iter. Inference: 0.2472 s/iter. Eval: 0.0802 s/iter. Total: 0.3302 s/iter. ETA=1:38:29
[08/06 13:01:59 d2.evaluation.evaluator]: Inference done 7024/24904. Dataloading: 0.0029 s/iter. Inference: 0.2472 s/iter. Eval: 0.0802 s/iter. Total: 0.3303 s/iter. ETA=1:38:25
[08/06 13:02:04 d2.evaluation.evaluator]: Inference done 7039/24904. Dataloading: 0.0029 s/iter. Inference: 0.2472 s/iter. Eval: 0.0802 s/iter. Total: 0.3303 s/iter. ETA=1:38:20
[08/06 13:02:09 d2.evaluation.evaluator]: Inference done 7054/24904. Dataloading: 0.0029 s/iter. Inference: 0.2472 s/iter. Eval: 0.0802 s/iter. Total: 0.3303 s/iter. ETA=1:38:15
[08/06 13:02:14 d2.evaluation.evaluator]: Inference done 7070/24904. Dataloading: 0.0029 s/iter. Inference: 0.2472 s/iter. Eval: 0.0802 s/iter. Total: 0.3303 s/iter. ETA=1:38:10
[08/06 13:02:20 d2.evaluation.evaluator]: Inference done 7086/24904. Dataloading: 0.0029 s/iter. Inference: 0.2472 s/iter. Eval: 0.0802 s/iter. Total: 0.3303 s/iter. ETA=1:38:04
[08/06 13:02:25 d2.evaluation.evaluator]: Inference done 7102/24904. Dataloading: 0.0029 s/iter. Inference: 0.2472 s/iter. Eval: 0.0802 s/iter. Total: 0.3303 s/iter. ETA=1:37:59
[08/06 13:02:30 d2.evaluation.evaluator]: Inference done 7117/24904. Dataloading: 0.0029 s/iter. Inference: 0.2472 s/iter. Eval: 0.0802 s/iter. Total: 0.3303 s/iter. ETA=1:37:54
[08/06 13:02:35 d2.evaluation.evaluator]: Inference done 7133/24904. Dataloading: 0.0029 s/iter. Inference: 0.2472 s/iter. Eval: 0.0802 s/iter. Total: 0.3303 s/iter. ETA=1:37:49
[08/06 13:02:40 d2.evaluation.evaluator]: Inference done 7149/24904. Dataloading: 0.0029 s/iter. Inference: 0.2472 s/iter. Eval: 0.0802 s/iter. Total: 0.3303 s/iter. ETA=1:37:44
[08/06 13:02:46 d2.evaluation.evaluator]: Inference done 7165/24904. Dataloading: 0.0029 s/iter. Inference: 0.2472 s/iter. Eval: 0.0802 s/iter. Total: 0.3303 s/iter. ETA=1:37:38
[08/06 13:02:51 d2.evaluation.evaluator]: Inference done 7181/24904. Dataloading: 0.0029 s/iter. Inference: 0.2472 s/iter. Eval: 0.0801 s/iter. Total: 0.3303 s/iter. ETA=1:37:33
[08/06 13:02:56 d2.evaluation.evaluator]: Inference done 7197/24904. Dataloading: 0.0029 s/iter. Inference: 0.2472 s/iter. Eval: 0.0801 s/iter. Total: 0.3303 s/iter. ETA=1:37:27
[08/06 13:03:01 d2.evaluation.evaluator]: Inference done 7213/24904. Dataloading: 0.0029 s/iter. Inference: 0.2472 s/iter. Eval: 0.0801 s/iter. Total: 0.3303 s/iter. ETA=1:37:22
[08/06 13:03:06 d2.evaluation.evaluator]: Inference done 7228/24904. Dataloading: 0.0029 s/iter. Inference: 0.2472 s/iter. Eval: 0.0801 s/iter. Total: 0.3303 s/iter. ETA=1:37:17
[08/06 13:03:12 d2.evaluation.evaluator]: Inference done 7244/24904. Dataloading: 0.0029 s/iter. Inference: 0.2472 s/iter. Eval: 0.0801 s/iter. Total: 0.3303 s/iter. ETA=1:37:12
[08/06 13:03:17 d2.evaluation.evaluator]: Inference done 7260/24904. Dataloading: 0.0029 s/iter. Inference: 0.2472 s/iter. Eval: 0.0801 s/iter. Total: 0.3303 s/iter. ETA=1:37:07
[08/06 13:03:22 d2.evaluation.evaluator]: Inference done 7276/24904. Dataloading: 0.0029 s/iter. Inference: 0.2472 s/iter. Eval: 0.0801 s/iter. Total: 0.3303 s/iter. ETA=1:37:01
[08/06 13:03:27 d2.evaluation.evaluator]: Inference done 7292/24904. Dataloading: 0.0029 s/iter. Inference: 0.2472 s/iter. Eval: 0.0801 s/iter. Total: 0.3303 s/iter. ETA=1:36:56
[08/06 13:03:32 d2.evaluation.evaluator]: Inference done 7307/24904. Dataloading: 0.0029 s/iter. Inference: 0.2472 s/iter. Eval: 0.0801 s/iter. Total: 0.3303 s/iter. ETA=1:36:51
[08/06 13:03:38 d2.evaluation.evaluator]: Inference done 7322/24904. Dataloading: 0.0029 s/iter. Inference: 0.2472 s/iter. Eval: 0.0801 s/iter. Total: 0.3303 s/iter. ETA=1:36:47
[08/06 13:03:43 d2.evaluation.evaluator]: Inference done 7337/24904. Dataloading: 0.0029 s/iter. Inference: 0.2472 s/iter. Eval: 0.0801 s/iter. Total: 0.3303 s/iter. ETA=1:36:42
[08/06 13:03:48 d2.evaluation.evaluator]: Inference done 7353/24904. Dataloading: 0.0029 s/iter. Inference: 0.2472 s/iter. Eval: 0.0802 s/iter. Total: 0.3303 s/iter. ETA=1:36:37
[08/06 13:03:53 d2.evaluation.evaluator]: Inference done 7368/24904. Dataloading: 0.0029 s/iter. Inference: 0.2472 s/iter. Eval: 0.0802 s/iter. Total: 0.3303 s/iter. ETA=1:36:32
[08/06 13:03:58 d2.evaluation.evaluator]: Inference done 7384/24904. Dataloading: 0.0029 s/iter. Inference: 0.2472 s/iter. Eval: 0.0802 s/iter. Total: 0.3303 s/iter. ETA=1:36:26
[08/06 13:04:03 d2.evaluation.evaluator]: Inference done 7400/24904. Dataloading: 0.0029 s/iter. Inference: 0.2472 s/iter. Eval: 0.0802 s/iter. Total: 0.3303 s/iter. ETA=1:36:21
[08/06 13:04:09 d2.evaluation.evaluator]: Inference done 7416/24904. Dataloading: 0.0029 s/iter. Inference: 0.2472 s/iter. Eval: 0.0801 s/iter. Total: 0.3303 s/iter. ETA=1:36:16
[08/06 13:04:14 d2.evaluation.evaluator]: Inference done 7432/24904. Dataloading: 0.0029 s/iter. Inference: 0.2472 s/iter. Eval: 0.0801 s/iter. Total: 0.3303 s/iter. ETA=1:36:10
[08/06 13:04:19 d2.evaluation.evaluator]: Inference done 7448/24904. Dataloading: 0.0029 s/iter. Inference: 0.2472 s/iter. Eval: 0.0801 s/iter. Total: 0.3303 s/iter. ETA=1:36:05
[08/06 13:04:24 d2.evaluation.evaluator]: Inference done 7464/24904. Dataloading: 0.0029 s/iter. Inference: 0.2472 s/iter. Eval: 0.0801 s/iter. Total: 0.3303 s/iter. ETA=1:36:00
[08/06 13:04:30 d2.evaluation.evaluator]: Inference done 7480/24904. Dataloading: 0.0029 s/iter. Inference: 0.2472 s/iter. Eval: 0.0801 s/iter. Total: 0.3303 s/iter. ETA=1:35:54
[08/06 13:04:35 d2.evaluation.evaluator]: Inference done 7496/24904. Dataloading: 0.0029 s/iter. Inference: 0.2472 s/iter. Eval: 0.0801 s/iter. Total: 0.3303 s/iter. ETA=1:35:49
[08/06 13:04:40 d2.evaluation.evaluator]: Inference done 7512/24904. Dataloading: 0.0029 s/iter. Inference: 0.2472 s/iter. Eval: 0.0801 s/iter. Total: 0.3303 s/iter. ETA=1:35:44
[08/06 13:04:45 d2.evaluation.evaluator]: Inference done 7527/24904. Dataloading: 0.0029 s/iter. Inference: 0.2473 s/iter. Eval: 0.0801 s/iter. Total: 0.3303 s/iter. ETA=1:35:39
[08/06 13:04:50 d2.evaluation.evaluator]: Inference done 7542/24904. Dataloading: 0.0029 s/iter. Inference: 0.2473 s/iter. Eval: 0.0801 s/iter. Total: 0.3303 s/iter. ETA=1:35:34
[08/06 13:04:56 d2.evaluation.evaluator]: Inference done 7558/24904. Dataloading: 0.0029 s/iter. Inference: 0.2473 s/iter. Eval: 0.0801 s/iter. Total: 0.3303 s/iter. ETA=1:35:29
[08/06 13:05:01 d2.evaluation.evaluator]: Inference done 7574/24904. Dataloading: 0.0029 s/iter. Inference: 0.2473 s/iter. Eval: 0.0801 s/iter. Total: 0.3303 s/iter. ETA=1:35:23
[08/06 13:05:06 d2.evaluation.evaluator]: Inference done 7590/24904. Dataloading: 0.0029 s/iter. Inference: 0.2473 s/iter. Eval: 0.0801 s/iter. Total: 0.3303 s/iter. ETA=1:35:18
[08/06 13:05:11 d2.evaluation.evaluator]: Inference done 7606/24904. Dataloading: 0.0029 s/iter. Inference: 0.2473 s/iter. Eval: 0.0801 s/iter. Total: 0.3303 s/iter. ETA=1:35:13
[08/06 13:05:16 d2.evaluation.evaluator]: Inference done 7621/24904. Dataloading: 0.0029 s/iter. Inference: 0.2473 s/iter. Eval: 0.0801 s/iter. Total: 0.3303 s/iter. ETA=1:35:08
[08/06 13:05:21 d2.evaluation.evaluator]: Inference done 7636/24904. Dataloading: 0.0029 s/iter. Inference: 0.2473 s/iter. Eval: 0.0801 s/iter. Total: 0.3303 s/iter. ETA=1:35:03
[08/06 13:05:27 d2.evaluation.evaluator]: Inference done 7652/24904. Dataloading: 0.0029 s/iter. Inference: 0.2473 s/iter. Eval: 0.0801 s/iter. Total: 0.3303 s/iter. ETA=1:34:58
[08/06 13:05:32 d2.evaluation.evaluator]: Inference done 7668/24904. Dataloading: 0.0029 s/iter. Inference: 0.2473 s/iter. Eval: 0.0801 s/iter. Total: 0.3303 s/iter. ETA=1:34:53
[08/06 13:05:37 d2.evaluation.evaluator]: Inference done 7684/24904. Dataloading: 0.0029 s/iter. Inference: 0.2473 s/iter. Eval: 0.0801 s/iter. Total: 0.3303 s/iter. ETA=1:34:48
[08/06 13:05:43 d2.evaluation.evaluator]: Inference done 7700/24904. Dataloading: 0.0029 s/iter. Inference: 0.2473 s/iter. Eval: 0.0801 s/iter. Total: 0.3303 s/iter. ETA=1:34:42
[08/06 13:05:48 d2.evaluation.evaluator]: Inference done 7715/24904. Dataloading: 0.0029 s/iter. Inference: 0.2473 s/iter. Eval: 0.0801 s/iter. Total: 0.3303 s/iter. ETA=1:34:38
[08/06 13:05:53 d2.evaluation.evaluator]: Inference done 7730/24904. Dataloading: 0.0029 s/iter. Inference: 0.2473 s/iter. Eval: 0.0801 s/iter. Total: 0.3304 s/iter. ETA=1:34:33
[08/06 13:05:58 d2.evaluation.evaluator]: Inference done 7746/24904. Dataloading: 0.0029 s/iter. Inference: 0.2473 s/iter. Eval: 0.0801 s/iter. Total: 0.3304 s/iter. ETA=1:34:28
[08/06 13:06:03 d2.evaluation.evaluator]: Inference done 7761/24904. Dataloading: 0.0029 s/iter. Inference: 0.2473 s/iter. Eval: 0.0801 s/iter. Total: 0.3304 s/iter. ETA=1:34:23
[08/06 13:06:09 d2.evaluation.evaluator]: Inference done 7777/24904. Dataloading: 0.0029 s/iter. Inference: 0.2473 s/iter. Eval: 0.0801 s/iter. Total: 0.3304 s/iter. ETA=1:34:18
[08/06 13:06:14 d2.evaluation.evaluator]: Inference done 7792/24904. Dataloading: 0.0029 s/iter. Inference: 0.2473 s/iter. Eval: 0.0801 s/iter. Total: 0.3304 s/iter. ETA=1:34:13
[08/06 13:06:19 d2.evaluation.evaluator]: Inference done 7808/24904. Dataloading: 0.0029 s/iter. Inference: 0.2473 s/iter. Eval: 0.0801 s/iter. Total: 0.3304 s/iter. ETA=1:34:08
[08/06 13:06:24 d2.evaluation.evaluator]: Inference done 7824/24904. Dataloading: 0.0029 s/iter. Inference: 0.2473 s/iter. Eval: 0.0801 s/iter. Total: 0.3304 s/iter. ETA=1:34:02
[08/06 13:06:29 d2.evaluation.evaluator]: Inference done 7840/24904. Dataloading: 0.0029 s/iter. Inference: 0.2473 s/iter. Eval: 0.0801 s/iter. Total: 0.3304 s/iter. ETA=1:33:57
[08/06 13:06:35 d2.evaluation.evaluator]: Inference done 7856/24904. Dataloading: 0.0029 s/iter. Inference: 0.2473 s/iter. Eval: 0.0801 s/iter. Total: 0.3304 s/iter. ETA=1:33:52
[08/06 13:06:40 d2.evaluation.evaluator]: Inference done 7872/24904. Dataloading: 0.0029 s/iter. Inference: 0.2473 s/iter. Eval: 0.0801 s/iter. Total: 0.3304 s/iter. ETA=1:33:46
[08/06 13:06:45 d2.evaluation.evaluator]: Inference done 7888/24904. Dataloading: 0.0029 s/iter. Inference: 0.2473 s/iter. Eval: 0.0801 s/iter. Total: 0.3304 s/iter. ETA=1:33:41
[08/06 13:06:50 d2.evaluation.evaluator]: Inference done 7904/24904. Dataloading: 0.0029 s/iter. Inference: 0.2473 s/iter. Eval: 0.0801 s/iter. Total: 0.3304 s/iter. ETA=1:33:36
[08/06 13:06:55 d2.evaluation.evaluator]: Inference done 7919/24904. Dataloading: 0.0029 s/iter. Inference: 0.2473 s/iter. Eval: 0.0801 s/iter. Total: 0.3304 s/iter. ETA=1:33:31
[08/06 13:07:01 d2.evaluation.evaluator]: Inference done 7935/24904. Dataloading: 0.0029 s/iter. Inference: 0.2473 s/iter. Eval: 0.0801 s/iter. Total: 0.3304 s/iter. ETA=1:33:25
[08/06 13:07:06 d2.evaluation.evaluator]: Inference done 7951/24904. Dataloading: 0.0029 s/iter. Inference: 0.2473 s/iter. Eval: 0.0801 s/iter. Total: 0.3304 s/iter. ETA=1:33:20
[08/06 13:07:11 d2.evaluation.evaluator]: Inference done 7967/24904. Dataloading: 0.0029 s/iter. Inference: 0.2473 s/iter. Eval: 0.0801 s/iter. Total: 0.3304 s/iter. ETA=1:33:15
[08/06 13:07:16 d2.evaluation.evaluator]: Inference done 7983/24904. Dataloading: 0.0029 s/iter. Inference: 0.2473 s/iter. Eval: 0.0801 s/iter. Total: 0.3303 s/iter. ETA=1:33:09
[08/06 13:07:22 d2.evaluation.evaluator]: Inference done 7999/24904. Dataloading: 0.0029 s/iter. Inference: 0.2473 s/iter. Eval: 0.0801 s/iter. Total: 0.3303 s/iter. ETA=1:33:04
[08/06 13:07:27 d2.evaluation.evaluator]: Inference done 8014/24904. Dataloading: 0.0029 s/iter. Inference: 0.2473 s/iter. Eval: 0.0801 s/iter. Total: 0.3303 s/iter. ETA=1:32:59
[08/06 13:07:32 d2.evaluation.evaluator]: Inference done 8030/24904. Dataloading: 0.0029 s/iter. Inference: 0.2473 s/iter. Eval: 0.0801 s/iter. Total: 0.3303 s/iter. ETA=1:32:54
[08/06 13:07:37 d2.evaluation.evaluator]: Inference done 8046/24904. Dataloading: 0.0029 s/iter. Inference: 0.2473 s/iter. Eval: 0.0801 s/iter. Total: 0.3303 s/iter. ETA=1:32:48
[08/06 13:07:42 d2.evaluation.evaluator]: Inference done 8062/24904. Dataloading: 0.0029 s/iter. Inference: 0.2473 s/iter. Eval: 0.0800 s/iter. Total: 0.3303 s/iter. ETA=1:32:43
[08/06 13:07:47 d2.evaluation.evaluator]: Inference done 8078/24904. Dataloading: 0.0029 s/iter. Inference: 0.2473 s/iter. Eval: 0.0800 s/iter. Total: 0.3303 s/iter. ETA=1:32:37
[08/06 13:07:53 d2.evaluation.evaluator]: Inference done 8094/24904. Dataloading: 0.0029 s/iter. Inference: 0.2473 s/iter. Eval: 0.0800 s/iter. Total: 0.3303 s/iter. ETA=1:32:32
[08/06 13:07:58 d2.evaluation.evaluator]: Inference done 8110/24904. Dataloading: 0.0029 s/iter. Inference: 0.2473 s/iter. Eval: 0.0800 s/iter. Total: 0.3303 s/iter. ETA=1:32:27
[08/06 13:08:03 d2.evaluation.evaluator]: Inference done 8126/24904. Dataloading: 0.0029 s/iter. Inference: 0.2473 s/iter. Eval: 0.0800 s/iter. Total: 0.3303 s/iter. ETA=1:32:21
[08/06 13:08:09 d2.evaluation.evaluator]: Inference done 8142/24904. Dataloading: 0.0029 s/iter. Inference: 0.2473 s/iter. Eval: 0.0800 s/iter. Total: 0.3303 s/iter. ETA=1:32:16
[08/06 13:08:14 d2.evaluation.evaluator]: Inference done 8158/24904. Dataloading: 0.0029 s/iter. Inference: 0.2473 s/iter. Eval: 0.0800 s/iter. Total: 0.3303 s/iter. ETA=1:32:11
[08/06 13:08:19 d2.evaluation.evaluator]: Inference done 8174/24904. Dataloading: 0.0029 s/iter. Inference: 0.2473 s/iter. Eval: 0.0800 s/iter. Total: 0.3303 s/iter. ETA=1:32:05
[08/06 13:08:24 d2.evaluation.evaluator]: Inference done 8190/24904. Dataloading: 0.0029 s/iter. Inference: 0.2473 s/iter. Eval: 0.0800 s/iter. Total: 0.3303 s/iter. ETA=1:32:00
[08/06 13:08:29 d2.evaluation.evaluator]: Inference done 8205/24904. Dataloading: 0.0029 s/iter. Inference: 0.2474 s/iter. Eval: 0.0800 s/iter. Total: 0.3303 s/iter. ETA=1:31:55
[08/06 13:08:35 d2.evaluation.evaluator]: Inference done 8221/24904. Dataloading: 0.0029 s/iter. Inference: 0.2474 s/iter. Eval: 0.0800 s/iter. Total: 0.3303 s/iter. ETA=1:31:50
[08/06 13:08:40 d2.evaluation.evaluator]: Inference done 8237/24904. Dataloading: 0.0029 s/iter. Inference: 0.2474 s/iter. Eval: 0.0800 s/iter. Total: 0.3303 s/iter. ETA=1:31:45
[08/06 13:08:45 d2.evaluation.evaluator]: Inference done 8252/24904. Dataloading: 0.0029 s/iter. Inference: 0.2474 s/iter. Eval: 0.0800 s/iter. Total: 0.3303 s/iter. ETA=1:31:40
[08/06 13:08:50 d2.evaluation.evaluator]: Inference done 8268/24904. Dataloading: 0.0029 s/iter. Inference: 0.2474 s/iter. Eval: 0.0800 s/iter. Total: 0.3303 s/iter. ETA=1:31:35
[08/06 13:08:55 d2.evaluation.evaluator]: Inference done 8284/24904. Dataloading: 0.0029 s/iter. Inference: 0.2474 s/iter. Eval: 0.0800 s/iter. Total: 0.3303 s/iter. ETA=1:31:29
[08/06 13:09:01 d2.evaluation.evaluator]: Inference done 8300/24904. Dataloading: 0.0029 s/iter. Inference: 0.2474 s/iter. Eval: 0.0800 s/iter. Total: 0.3303 s/iter. ETA=1:31:24
[08/06 13:09:06 d2.evaluation.evaluator]: Inference done 8315/24904. Dataloading: 0.0029 s/iter. Inference: 0.2474 s/iter. Eval: 0.0800 s/iter. Total: 0.3303 s/iter. ETA=1:31:19
[08/06 13:09:11 d2.evaluation.evaluator]: Inference done 8331/24904. Dataloading: 0.0029 s/iter. Inference: 0.2474 s/iter. Eval: 0.0800 s/iter. Total: 0.3303 s/iter. ETA=1:31:13
[08/06 13:09:16 d2.evaluation.evaluator]: Inference done 8347/24904. Dataloading: 0.0029 s/iter. Inference: 0.2474 s/iter. Eval: 0.0800 s/iter. Total: 0.3303 s/iter. ETA=1:31:08
[08/06 13:09:21 d2.evaluation.evaluator]: Inference done 8363/24904. Dataloading: 0.0029 s/iter. Inference: 0.2474 s/iter. Eval: 0.0800 s/iter. Total: 0.3303 s/iter. ETA=1:31:02
[08/06 13:09:26 d2.evaluation.evaluator]: Inference done 8379/24904. Dataloading: 0.0029 s/iter. Inference: 0.2474 s/iter. Eval: 0.0799 s/iter. Total: 0.3303 s/iter. ETA=1:30:57
[08/06 13:09:32 d2.evaluation.evaluator]: Inference done 8395/24904. Dataloading: 0.0029 s/iter. Inference: 0.2474 s/iter. Eval: 0.0800 s/iter. Total: 0.3303 s/iter. ETA=1:30:52
[08/06 13:09:37 d2.evaluation.evaluator]: Inference done 8410/24904. Dataloading: 0.0029 s/iter. Inference: 0.2474 s/iter. Eval: 0.0800 s/iter. Total: 0.3303 s/iter. ETA=1:30:47
[08/06 13:09:42 d2.evaluation.evaluator]: Inference done 8425/24904. Dataloading: 0.0029 s/iter. Inference: 0.2474 s/iter. Eval: 0.0800 s/iter. Total: 0.3303 s/iter. ETA=1:30:42
[08/06 13:09:47 d2.evaluation.evaluator]: Inference done 8440/24904. Dataloading: 0.0029 s/iter. Inference: 0.2474 s/iter. Eval: 0.0800 s/iter. Total: 0.3303 s/iter. ETA=1:30:37
[08/06 13:09:52 d2.evaluation.evaluator]: Inference done 8455/24904. Dataloading: 0.0029 s/iter. Inference: 0.2474 s/iter. Eval: 0.0800 s/iter. Total: 0.3303 s/iter. ETA=1:30:33
[08/06 13:09:57 d2.evaluation.evaluator]: Inference done 8471/24904. Dataloading: 0.0029 s/iter. Inference: 0.2474 s/iter. Eval: 0.0800 s/iter. Total: 0.3303 s/iter. ETA=1:30:27
[08/06 13:10:02 d2.evaluation.evaluator]: Inference done 8487/24904. Dataloading: 0.0029 s/iter. Inference: 0.2474 s/iter. Eval: 0.0800 s/iter. Total: 0.3303 s/iter. ETA=1:30:22
[08/06 13:10:08 d2.evaluation.evaluator]: Inference done 8502/24904. Dataloading: 0.0029 s/iter. Inference: 0.2474 s/iter. Eval: 0.0800 s/iter. Total: 0.3303 s/iter. ETA=1:30:17
[08/06 13:10:13 d2.evaluation.evaluator]: Inference done 8517/24904. Dataloading: 0.0029 s/iter. Inference: 0.2474 s/iter. Eval: 0.0800 s/iter. Total: 0.3303 s/iter. ETA=1:30:13
[08/06 13:10:18 d2.evaluation.evaluator]: Inference done 8532/24904. Dataloading: 0.0029 s/iter. Inference: 0.2474 s/iter. Eval: 0.0800 s/iter. Total: 0.3303 s/iter. ETA=1:30:08
[08/06 13:10:23 d2.evaluation.evaluator]: Inference done 8548/24904. Dataloading: 0.0029 s/iter. Inference: 0.2474 s/iter. Eval: 0.0800 s/iter. Total: 0.3303 s/iter. ETA=1:30:02
[08/06 13:10:28 d2.evaluation.evaluator]: Inference done 8564/24904. Dataloading: 0.0029 s/iter. Inference: 0.2474 s/iter. Eval: 0.0800 s/iter. Total: 0.3303 s/iter. ETA=1:29:57
[08/06 13:10:34 d2.evaluation.evaluator]: Inference done 8580/24904. Dataloading: 0.0029 s/iter. Inference: 0.2474 s/iter. Eval: 0.0800 s/iter. Total: 0.3303 s/iter. ETA=1:29:52
[08/06 13:10:39 d2.evaluation.evaluator]: Inference done 8595/24904. Dataloading: 0.0029 s/iter. Inference: 0.2474 s/iter. Eval: 0.0800 s/iter. Total: 0.3303 s/iter. ETA=1:29:47
[08/06 13:10:44 d2.evaluation.evaluator]: Inference done 8610/24904. Dataloading: 0.0029 s/iter. Inference: 0.2474 s/iter. Eval: 0.0800 s/iter. Total: 0.3304 s/iter. ETA=1:29:43
[08/06 13:10:49 d2.evaluation.evaluator]: Inference done 8625/24904. Dataloading: 0.0029 s/iter. Inference: 0.2474 s/iter. Eval: 0.0800 s/iter. Total: 0.3304 s/iter. ETA=1:29:38
[08/06 13:10:54 d2.evaluation.evaluator]: Inference done 8641/24904. Dataloading: 0.0029 s/iter. Inference: 0.2474 s/iter. Eval: 0.0800 s/iter. Total: 0.3304 s/iter. ETA=1:29:33
[08/06 13:10:59 d2.evaluation.evaluator]: Inference done 8657/24904. Dataloading: 0.0029 s/iter. Inference: 0.2474 s/iter. Eval: 0.0800 s/iter. Total: 0.3304 s/iter. ETA=1:29:27
[08/06 13:11:05 d2.evaluation.evaluator]: Inference done 8673/24904. Dataloading: 0.0029 s/iter. Inference: 0.2474 s/iter. Eval: 0.0800 s/iter. Total: 0.3304 s/iter. ETA=1:29:22
[08/06 13:11:10 d2.evaluation.evaluator]: Inference done 8689/24904. Dataloading: 0.0029 s/iter. Inference: 0.2474 s/iter. Eval: 0.0800 s/iter. Total: 0.3304 s/iter. ETA=1:29:17
[08/06 13:11:15 d2.evaluation.evaluator]: Inference done 8704/24904. Dataloading: 0.0029 s/iter. Inference: 0.2474 s/iter. Eval: 0.0800 s/iter. Total: 0.3304 s/iter. ETA=1:29:12
[08/06 13:11:20 d2.evaluation.evaluator]: Inference done 8719/24904. Dataloading: 0.0029 s/iter. Inference: 0.2474 s/iter. Eval: 0.0801 s/iter. Total: 0.3304 s/iter. ETA=1:29:07
[08/06 13:11:25 d2.evaluation.evaluator]: Inference done 8734/24904. Dataloading: 0.0029 s/iter. Inference: 0.2474 s/iter. Eval: 0.0801 s/iter. Total: 0.3304 s/iter. ETA=1:29:02
[08/06 13:11:30 d2.evaluation.evaluator]: Inference done 8749/24904. Dataloading: 0.0029 s/iter. Inference: 0.2474 s/iter. Eval: 0.0801 s/iter. Total: 0.3304 s/iter. ETA=1:28:58
[08/06 13:11:35 d2.evaluation.evaluator]: Inference done 8765/24904. Dataloading: 0.0029 s/iter. Inference: 0.2474 s/iter. Eval: 0.0801 s/iter. Total: 0.3304 s/iter. ETA=1:28:52
[08/06 13:11:41 d2.evaluation.evaluator]: Inference done 8781/24904. Dataloading: 0.0029 s/iter. Inference: 0.2474 s/iter. Eval: 0.0801 s/iter. Total: 0.3304 s/iter. ETA=1:28:47
[08/06 13:11:46 d2.evaluation.evaluator]: Inference done 8797/24904. Dataloading: 0.0029 s/iter. Inference: 0.2474 s/iter. Eval: 0.0801 s/iter. Total: 0.3304 s/iter. ETA=1:28:42
[08/06 13:11:51 d2.evaluation.evaluator]: Inference done 8812/24904. Dataloading: 0.0029 s/iter. Inference: 0.2474 s/iter. Eval: 0.0801 s/iter. Total: 0.3304 s/iter. ETA=1:28:37
[08/06 13:11:56 d2.evaluation.evaluator]: Inference done 8828/24904. Dataloading: 0.0029 s/iter. Inference: 0.2474 s/iter. Eval: 0.0801 s/iter. Total: 0.3304 s/iter. ETA=1:28:31
[08/06 13:12:02 d2.evaluation.evaluator]: Inference done 8844/24904. Dataloading: 0.0029 s/iter. Inference: 0.2474 s/iter. Eval: 0.0801 s/iter. Total: 0.3304 s/iter. ETA=1:28:26
[08/06 13:12:07 d2.evaluation.evaluator]: Inference done 8860/24904. Dataloading: 0.0029 s/iter. Inference: 0.2474 s/iter. Eval: 0.0801 s/iter. Total: 0.3304 s/iter. ETA=1:28:21
[08/06 13:12:12 d2.evaluation.evaluator]: Inference done 8876/24904. Dataloading: 0.0029 s/iter. Inference: 0.2474 s/iter. Eval: 0.0801 s/iter. Total: 0.3304 s/iter. ETA=1:28:16
[08/06 13:12:17 d2.evaluation.evaluator]: Inference done 8892/24904. Dataloading: 0.0029 s/iter. Inference: 0.2474 s/iter. Eval: 0.0801 s/iter. Total: 0.3304 s/iter. ETA=1:28:10
[08/06 13:12:22 d2.evaluation.evaluator]: Inference done 8907/24904. Dataloading: 0.0029 s/iter. Inference: 0.2474 s/iter. Eval: 0.0801 s/iter. Total: 0.3304 s/iter. ETA=1:28:06
[08/06 13:12:27 d2.evaluation.evaluator]: Inference done 8922/24904. Dataloading: 0.0029 s/iter. Inference: 0.2474 s/iter. Eval: 0.0801 s/iter. Total: 0.3305 s/iter. ETA=1:28:01
[08/06 13:12:33 d2.evaluation.evaluator]: Inference done 8938/24904. Dataloading: 0.0029 s/iter. Inference: 0.2474 s/iter. Eval: 0.0801 s/iter. Total: 0.3305 s/iter. ETA=1:27:56
[08/06 13:12:38 d2.evaluation.evaluator]: Inference done 8954/24904. Dataloading: 0.0029 s/iter. Inference: 0.2474 s/iter. Eval: 0.0801 s/iter. Total: 0.3304 s/iter. ETA=1:27:50
[08/06 13:12:43 d2.evaluation.evaluator]: Inference done 8969/24904. Dataloading: 0.0029 s/iter. Inference: 0.2474 s/iter. Eval: 0.0801 s/iter. Total: 0.3305 s/iter. ETA=1:27:45
[08/06 13:12:48 d2.evaluation.evaluator]: Inference done 8985/24904. Dataloading: 0.0029 s/iter. Inference: 0.2474 s/iter. Eval: 0.0801 s/iter. Total: 0.3305 s/iter. ETA=1:27:40
[08/06 13:12:54 d2.evaluation.evaluator]: Inference done 9001/24904. Dataloading: 0.0029 s/iter. Inference: 0.2474 s/iter. Eval: 0.0801 s/iter. Total: 0.3305 s/iter. ETA=1:27:35
[08/06 13:12:59 d2.evaluation.evaluator]: Inference done 9017/24904. Dataloading: 0.0029 s/iter. Inference: 0.2474 s/iter. Eval: 0.0801 s/iter. Total: 0.3304 s/iter. ETA=1:27:29
[08/06 13:13:04 d2.evaluation.evaluator]: Inference done 9032/24904. Dataloading: 0.0029 s/iter. Inference: 0.2474 s/iter. Eval: 0.0801 s/iter. Total: 0.3305 s/iter. ETA=1:27:25
[08/06 13:13:09 d2.evaluation.evaluator]: Inference done 9048/24904. Dataloading: 0.0029 s/iter. Inference: 0.2474 s/iter. Eval: 0.0801 s/iter. Total: 0.3305 s/iter. ETA=1:27:19
[08/06 13:13:14 d2.evaluation.evaluator]: Inference done 9064/24904. Dataloading: 0.0029 s/iter. Inference: 0.2474 s/iter. Eval: 0.0801 s/iter. Total: 0.3304 s/iter. ETA=1:27:14
[08/06 13:13:20 d2.evaluation.evaluator]: Inference done 9079/24904. Dataloading: 0.0029 s/iter. Inference: 0.2474 s/iter. Eval: 0.0801 s/iter. Total: 0.3305 s/iter. ETA=1:27:09
[08/06 13:13:25 d2.evaluation.evaluator]: Inference done 9094/24904. Dataloading: 0.0029 s/iter. Inference: 0.2475 s/iter. Eval: 0.0801 s/iter. Total: 0.3305 s/iter. ETA=1:27:04
[08/06 13:13:30 d2.evaluation.evaluator]: Inference done 9109/24904. Dataloading: 0.0029 s/iter. Inference: 0.2475 s/iter. Eval: 0.0801 s/iter. Total: 0.3305 s/iter. ETA=1:27:00
[08/06 13:13:35 d2.evaluation.evaluator]: Inference done 9125/24904. Dataloading: 0.0029 s/iter. Inference: 0.2475 s/iter. Eval: 0.0801 s/iter. Total: 0.3305 s/iter. ETA=1:26:54
[08/06 13:13:40 d2.evaluation.evaluator]: Inference done 9141/24904. Dataloading: 0.0029 s/iter. Inference: 0.2475 s/iter. Eval: 0.0801 s/iter. Total: 0.3305 s/iter. ETA=1:26:49
[08/06 13:13:45 d2.evaluation.evaluator]: Inference done 9157/24904. Dataloading: 0.0029 s/iter. Inference: 0.2475 s/iter. Eval: 0.0801 s/iter. Total: 0.3305 s/iter. ETA=1:26:43
[08/06 13:13:50 d2.evaluation.evaluator]: Inference done 9173/24904. Dataloading: 0.0029 s/iter. Inference: 0.2474 s/iter. Eval: 0.0801 s/iter. Total: 0.3304 s/iter. ETA=1:26:38
[08/06 13:13:56 d2.evaluation.evaluator]: Inference done 9189/24904. Dataloading: 0.0029 s/iter. Inference: 0.2475 s/iter. Eval: 0.0800 s/iter. Total: 0.3304 s/iter. ETA=1:26:32
[08/06 13:14:01 d2.evaluation.evaluator]: Inference done 9204/24904. Dataloading: 0.0029 s/iter. Inference: 0.2475 s/iter. Eval: 0.0800 s/iter. Total: 0.3304 s/iter. ETA=1:26:27
[08/06 13:14:06 d2.evaluation.evaluator]: Inference done 9220/24904. Dataloading: 0.0029 s/iter. Inference: 0.2475 s/iter. Eval: 0.0800 s/iter. Total: 0.3304 s/iter. ETA=1:26:22
[08/06 13:14:11 d2.evaluation.evaluator]: Inference done 9236/24904. Dataloading: 0.0029 s/iter. Inference: 0.2475 s/iter. Eval: 0.0800 s/iter. Total: 0.3304 s/iter. ETA=1:26:17
[08/06 13:14:16 d2.evaluation.evaluator]: Inference done 9252/24904. Dataloading: 0.0029 s/iter. Inference: 0.2475 s/iter. Eval: 0.0800 s/iter. Total: 0.3304 s/iter. ETA=1:26:11
[08/06 13:14:22 d2.evaluation.evaluator]: Inference done 9268/24904. Dataloading: 0.0029 s/iter. Inference: 0.2475 s/iter. Eval: 0.0800 s/iter. Total: 0.3304 s/iter. ETA=1:26:06
[08/06 13:14:27 d2.evaluation.evaluator]: Inference done 9284/24904. Dataloading: 0.0029 s/iter. Inference: 0.2475 s/iter. Eval: 0.0800 s/iter. Total: 0.3304 s/iter. ETA=1:26:00
[08/06 13:14:32 d2.evaluation.evaluator]: Inference done 9299/24904. Dataloading: 0.0029 s/iter. Inference: 0.2475 s/iter. Eval: 0.0800 s/iter. Total: 0.3304 s/iter. ETA=1:25:56
[08/06 13:14:37 d2.evaluation.evaluator]: Inference done 9314/24904. Dataloading: 0.0029 s/iter. Inference: 0.2475 s/iter. Eval: 0.0800 s/iter. Total: 0.3304 s/iter. ETA=1:25:51
[08/06 13:14:42 d2.evaluation.evaluator]: Inference done 9330/24904. Dataloading: 0.0029 s/iter. Inference: 0.2475 s/iter. Eval: 0.0800 s/iter. Total: 0.3304 s/iter. ETA=1:25:46
[08/06 13:14:47 d2.evaluation.evaluator]: Inference done 9346/24904. Dataloading: 0.0029 s/iter. Inference: 0.2475 s/iter. Eval: 0.0800 s/iter. Total: 0.3304 s/iter. ETA=1:25:40
[08/06 13:14:53 d2.evaluation.evaluator]: Inference done 9362/24904. Dataloading: 0.0029 s/iter. Inference: 0.2475 s/iter. Eval: 0.0800 s/iter. Total: 0.3304 s/iter. ETA=1:25:35
[08/06 13:14:58 d2.evaluation.evaluator]: Inference done 9378/24904. Dataloading: 0.0029 s/iter. Inference: 0.2475 s/iter. Eval: 0.0800 s/iter. Total: 0.3304 s/iter. ETA=1:25:30
[08/06 13:15:03 d2.evaluation.evaluator]: Inference done 9393/24904. Dataloading: 0.0029 s/iter. Inference: 0.2475 s/iter. Eval: 0.0800 s/iter. Total: 0.3304 s/iter. ETA=1:25:25
[08/06 13:15:08 d2.evaluation.evaluator]: Inference done 9408/24904. Dataloading: 0.0029 s/iter. Inference: 0.2475 s/iter. Eval: 0.0800 s/iter. Total: 0.3305 s/iter. ETA=1:25:20
[08/06 13:15:13 d2.evaluation.evaluator]: Inference done 9424/24904. Dataloading: 0.0029 s/iter. Inference: 0.2475 s/iter. Eval: 0.0800 s/iter. Total: 0.3305 s/iter. ETA=1:25:15
[08/06 13:15:19 d2.evaluation.evaluator]: Inference done 9440/24904. Dataloading: 0.0029 s/iter. Inference: 0.2475 s/iter. Eval: 0.0800 s/iter. Total: 0.3304 s/iter. ETA=1:25:09
[08/06 13:15:24 d2.evaluation.evaluator]: Inference done 9456/24904. Dataloading: 0.0029 s/iter. Inference: 0.2475 s/iter. Eval: 0.0800 s/iter. Total: 0.3304 s/iter. ETA=1:25:04
[08/06 13:15:29 d2.evaluation.evaluator]: Inference done 9471/24904. Dataloading: 0.0029 s/iter. Inference: 0.2475 s/iter. Eval: 0.0800 s/iter. Total: 0.3304 s/iter. ETA=1:24:59
[08/06 13:15:34 d2.evaluation.evaluator]: Inference done 9486/24904. Dataloading: 0.0029 s/iter. Inference: 0.2475 s/iter. Eval: 0.0800 s/iter. Total: 0.3305 s/iter. ETA=1:24:55
[08/06 13:15:39 d2.evaluation.evaluator]: Inference done 9501/24904. Dataloading: 0.0029 s/iter. Inference: 0.2475 s/iter. Eval: 0.0800 s/iter. Total: 0.3305 s/iter. ETA=1:24:50
[08/06 13:15:44 d2.evaluation.evaluator]: Inference done 9517/24904. Dataloading: 0.0029 s/iter. Inference: 0.2475 s/iter. Eval: 0.0800 s/iter. Total: 0.3305 s/iter. ETA=1:24:44
[08/06 13:15:50 d2.evaluation.evaluator]: Inference done 9533/24904. Dataloading: 0.0029 s/iter. Inference: 0.2475 s/iter. Eval: 0.0800 s/iter. Total: 0.3305 s/iter. ETA=1:24:39
[08/06 13:15:55 d2.evaluation.evaluator]: Inference done 9549/24904. Dataloading: 0.0029 s/iter. Inference: 0.2475 s/iter. Eval: 0.0800 s/iter. Total: 0.3305 s/iter. ETA=1:24:34
[08/06 13:16:00 d2.evaluation.evaluator]: Inference done 9565/24904. Dataloading: 0.0029 s/iter. Inference: 0.2475 s/iter. Eval: 0.0800 s/iter. Total: 0.3304 s/iter. ETA=1:24:28
[08/06 13:16:05 d2.evaluation.evaluator]: Inference done 9580/24904. Dataloading: 0.0029 s/iter. Inference: 0.2475 s/iter. Eval: 0.0800 s/iter. Total: 0.3304 s/iter. ETA=1:24:23
[08/06 13:16:10 d2.evaluation.evaluator]: Inference done 9596/24904. Dataloading: 0.0029 s/iter. Inference: 0.2475 s/iter. Eval: 0.0799 s/iter. Total: 0.3304 s/iter. ETA=1:24:18
[08/06 13:16:16 d2.evaluation.evaluator]: Inference done 9613/24904. Dataloading: 0.0029 s/iter. Inference: 0.2475 s/iter. Eval: 0.0799 s/iter. Total: 0.3304 s/iter. ETA=1:24:11
[08/06 13:16:21 d2.evaluation.evaluator]: Inference done 9629/24904. Dataloading: 0.0029 s/iter. Inference: 0.2475 s/iter. Eval: 0.0799 s/iter. Total: 0.3304 s/iter. ETA=1:24:06
[08/06 13:16:26 d2.evaluation.evaluator]: Inference done 9645/24904. Dataloading: 0.0029 s/iter. Inference: 0.2475 s/iter. Eval: 0.0799 s/iter. Total: 0.3304 s/iter. ETA=1:24:00
[08/06 13:16:31 d2.evaluation.evaluator]: Inference done 9661/24904. Dataloading: 0.0029 s/iter. Inference: 0.2475 s/iter. Eval: 0.0799 s/iter. Total: 0.3303 s/iter. ETA=1:23:55
[08/06 13:16:36 d2.evaluation.evaluator]: Inference done 9677/24904. Dataloading: 0.0029 s/iter. Inference: 0.2475 s/iter. Eval: 0.0799 s/iter. Total: 0.3303 s/iter. ETA=1:23:50
[08/06 13:16:41 d2.evaluation.evaluator]: Inference done 9691/24904. Dataloading: 0.0029 s/iter. Inference: 0.2475 s/iter. Eval: 0.0799 s/iter. Total: 0.3303 s/iter. ETA=1:23:45
[08/06 13:16:47 d2.evaluation.evaluator]: Inference done 9707/24904. Dataloading: 0.0029 s/iter. Inference: 0.2475 s/iter. Eval: 0.0799 s/iter. Total: 0.3303 s/iter. ETA=1:23:39
[08/06 13:16:52 d2.evaluation.evaluator]: Inference done 9723/24904. Dataloading: 0.0029 s/iter. Inference: 0.2475 s/iter. Eval: 0.0799 s/iter. Total: 0.3303 s/iter. ETA=1:23:34
[08/06 13:16:57 d2.evaluation.evaluator]: Inference done 9739/24904. Dataloading: 0.0029 s/iter. Inference: 0.2475 s/iter. Eval: 0.0799 s/iter. Total: 0.3303 s/iter. ETA=1:23:28
[08/06 13:17:02 d2.evaluation.evaluator]: Inference done 9755/24904. Dataloading: 0.0029 s/iter. Inference: 0.2475 s/iter. Eval: 0.0798 s/iter. Total: 0.3303 s/iter. ETA=1:23:23
[08/06 13:17:07 d2.evaluation.evaluator]: Inference done 9771/24904. Dataloading: 0.0029 s/iter. Inference: 0.2475 s/iter. Eval: 0.0798 s/iter. Total: 0.3302 s/iter. ETA=1:23:17
[08/06 13:17:12 d2.evaluation.evaluator]: Inference done 9785/24904. Dataloading: 0.0029 s/iter. Inference: 0.2475 s/iter. Eval: 0.0798 s/iter. Total: 0.3302 s/iter. ETA=1:23:12
[08/06 13:17:17 d2.evaluation.evaluator]: Inference done 9801/24904. Dataloading: 0.0029 s/iter. Inference: 0.2475 s/iter. Eval: 0.0798 s/iter. Total: 0.3302 s/iter. ETA=1:23:07
[08/06 13:17:22 d2.evaluation.evaluator]: Inference done 9817/24904. Dataloading: 0.0029 s/iter. Inference: 0.2475 s/iter. Eval: 0.0798 s/iter. Total: 0.3302 s/iter. ETA=1:23:01
[08/06 13:17:27 d2.evaluation.evaluator]: Inference done 9833/24904. Dataloading: 0.0029 s/iter. Inference: 0.2474 s/iter. Eval: 0.0798 s/iter. Total: 0.3302 s/iter. ETA=1:22:56
[08/06 13:17:33 d2.evaluation.evaluator]: Inference done 9849/24904. Dataloading: 0.0029 s/iter. Inference: 0.2474 s/iter. Eval: 0.0798 s/iter. Total: 0.3302 s/iter. ETA=1:22:51
[08/06 13:17:38 d2.evaluation.evaluator]: Inference done 9865/24904. Dataloading: 0.0029 s/iter. Inference: 0.2474 s/iter. Eval: 0.0798 s/iter. Total: 0.3302 s/iter. ETA=1:22:45
[08/06 13:17:43 d2.evaluation.evaluator]: Inference done 9881/24904. Dataloading: 0.0029 s/iter. Inference: 0.2474 s/iter. Eval: 0.0798 s/iter. Total: 0.3302 s/iter. ETA=1:22:40
[08/06 13:17:48 d2.evaluation.evaluator]: Inference done 9897/24904. Dataloading: 0.0029 s/iter. Inference: 0.2474 s/iter. Eval: 0.0798 s/iter. Total: 0.3302 s/iter. ETA=1:22:34
[08/06 13:17:54 d2.evaluation.evaluator]: Inference done 9913/24904. Dataloading: 0.0029 s/iter. Inference: 0.2474 s/iter. Eval: 0.0798 s/iter. Total: 0.3302 s/iter. ETA=1:22:29
[08/06 13:17:59 d2.evaluation.evaluator]: Inference done 9929/24904. Dataloading: 0.0029 s/iter. Inference: 0.2474 s/iter. Eval: 0.0798 s/iter. Total: 0.3302 s/iter. ETA=1:22:24
[08/06 13:18:04 d2.evaluation.evaluator]: Inference done 9945/24904. Dataloading: 0.0029 s/iter. Inference: 0.2474 s/iter. Eval: 0.0797 s/iter. Total: 0.3301 s/iter. ETA=1:22:18
[08/06 13:18:09 d2.evaluation.evaluator]: Inference done 9961/24904. Dataloading: 0.0029 s/iter. Inference: 0.2474 s/iter. Eval: 0.0797 s/iter. Total: 0.3301 s/iter. ETA=1:22:13
[08/06 13:18:14 d2.evaluation.evaluator]: Inference done 9977/24904. Dataloading: 0.0029 s/iter. Inference: 0.2474 s/iter. Eval: 0.0798 s/iter. Total: 0.3301 s/iter. ETA=1:22:07
[08/06 13:18:19 d2.evaluation.evaluator]: Inference done 9991/24904. Dataloading: 0.0029 s/iter. Inference: 0.2474 s/iter. Eval: 0.0798 s/iter. Total: 0.3301 s/iter. ETA=1:22:03
[08/06 13:18:25 d2.evaluation.evaluator]: Inference done 10007/24904. Dataloading: 0.0029 s/iter. Inference: 0.2474 s/iter. Eval: 0.0798 s/iter. Total: 0.3301 s/iter. ETA=1:21:57
[08/06 13:18:30 d2.evaluation.evaluator]: Inference done 10023/24904. Dataloading: 0.0029 s/iter. Inference: 0.2474 s/iter. Eval: 0.0798 s/iter. Total: 0.3301 s/iter. ETA=1:21:52
[08/06 13:18:35 d2.evaluation.evaluator]: Inference done 10039/24904. Dataloading: 0.0029 s/iter. Inference: 0.2474 s/iter. Eval: 0.0798 s/iter. Total: 0.3301 s/iter. ETA=1:21:47
[08/06 13:18:40 d2.evaluation.evaluator]: Inference done 10055/24904. Dataloading: 0.0029 s/iter. Inference: 0.2474 s/iter. Eval: 0.0798 s/iter. Total: 0.3301 s/iter. ETA=1:21:42
[08/06 13:18:46 d2.evaluation.evaluator]: Inference done 10071/24904. Dataloading: 0.0029 s/iter. Inference: 0.2474 s/iter. Eval: 0.0798 s/iter. Total: 0.3301 s/iter. ETA=1:21:36
[08/06 13:18:51 d2.evaluation.evaluator]: Inference done 10086/24904. Dataloading: 0.0029 s/iter. Inference: 0.2474 s/iter. Eval: 0.0798 s/iter. Total: 0.3301 s/iter. ETA=1:21:31
[08/06 13:18:56 d2.evaluation.evaluator]: Inference done 10102/24904. Dataloading: 0.0029 s/iter. Inference: 0.2474 s/iter. Eval: 0.0798 s/iter. Total: 0.3301 s/iter. ETA=1:21:26
[08/06 13:19:01 d2.evaluation.evaluator]: Inference done 10118/24904. Dataloading: 0.0029 s/iter. Inference: 0.2474 s/iter. Eval: 0.0798 s/iter. Total: 0.3301 s/iter. ETA=1:21:20
[08/06 13:19:07 d2.evaluation.evaluator]: Inference done 10134/24904. Dataloading: 0.0029 s/iter. Inference: 0.2474 s/iter. Eval: 0.0798 s/iter. Total: 0.3301 s/iter. ETA=1:21:15
[08/06 13:19:12 d2.evaluation.evaluator]: Inference done 10150/24904. Dataloading: 0.0029 s/iter. Inference: 0.2474 s/iter. Eval: 0.0798 s/iter. Total: 0.3301 s/iter. ETA=1:21:10
[08/06 13:19:17 d2.evaluation.evaluator]: Inference done 10166/24904. Dataloading: 0.0029 s/iter. Inference: 0.2474 s/iter. Eval: 0.0797 s/iter. Total: 0.3301 s/iter. ETA=1:21:04
[08/06 13:19:22 d2.evaluation.evaluator]: Inference done 10182/24904. Dataloading: 0.0029 s/iter. Inference: 0.2474 s/iter. Eval: 0.0797 s/iter. Total: 0.3301 s/iter. ETA=1:20:59
[08/06 13:19:27 d2.evaluation.evaluator]: Inference done 10197/24904. Dataloading: 0.0029 s/iter. Inference: 0.2474 s/iter. Eval: 0.0797 s/iter. Total: 0.3301 s/iter. ETA=1:20:54
[08/06 13:19:33 d2.evaluation.evaluator]: Inference done 10213/24904. Dataloading: 0.0029 s/iter. Inference: 0.2474 s/iter. Eval: 0.0797 s/iter. Total: 0.3300 s/iter. ETA=1:20:48
[08/06 13:19:38 d2.evaluation.evaluator]: Inference done 10229/24904. Dataloading: 0.0029 s/iter. Inference: 0.2474 s/iter. Eval: 0.0797 s/iter. Total: 0.3300 s/iter. ETA=1:20:43
[08/06 13:19:43 d2.evaluation.evaluator]: Inference done 10245/24904. Dataloading: 0.0029 s/iter. Inference: 0.2474 s/iter. Eval: 0.0797 s/iter. Total: 0.3300 s/iter. ETA=1:20:37
[08/06 13:19:48 d2.evaluation.evaluator]: Inference done 10261/24904. Dataloading: 0.0029 s/iter. Inference: 0.2474 s/iter. Eval: 0.0797 s/iter. Total: 0.3300 s/iter. ETA=1:20:32
[08/06 13:19:53 d2.evaluation.evaluator]: Inference done 10277/24904. Dataloading: 0.0029 s/iter. Inference: 0.2473 s/iter. Eval: 0.0797 s/iter. Total: 0.3300 s/iter. ETA=1:20:26
[08/06 13:19:58 d2.evaluation.evaluator]: Inference done 10291/24904. Dataloading: 0.0029 s/iter. Inference: 0.2473 s/iter. Eval: 0.0797 s/iter. Total: 0.3300 s/iter. ETA=1:20:22
[08/06 13:20:04 d2.evaluation.evaluator]: Inference done 10307/24904. Dataloading: 0.0029 s/iter. Inference: 0.2473 s/iter. Eval: 0.0797 s/iter. Total: 0.3300 s/iter. ETA=1:20:16
[08/06 13:20:09 d2.evaluation.evaluator]: Inference done 10323/24904. Dataloading: 0.0029 s/iter. Inference: 0.2473 s/iter. Eval: 0.0797 s/iter. Total: 0.3300 s/iter. ETA=1:20:11
[08/06 13:20:14 d2.evaluation.evaluator]: Inference done 10339/24904. Dataloading: 0.0029 s/iter. Inference: 0.2473 s/iter. Eval: 0.0797 s/iter. Total: 0.3300 s/iter. ETA=1:20:06
[08/06 13:20:19 d2.evaluation.evaluator]: Inference done 10355/24904. Dataloading: 0.0029 s/iter. Inference: 0.2473 s/iter. Eval: 0.0797 s/iter. Total: 0.3300 s/iter. ETA=1:20:00
[08/06 13:20:24 d2.evaluation.evaluator]: Inference done 10371/24904. Dataloading: 0.0029 s/iter. Inference: 0.2473 s/iter. Eval: 0.0797 s/iter. Total: 0.3300 s/iter. ETA=1:19:55
[08/06 13:20:30 d2.evaluation.evaluator]: Inference done 10387/24904. Dataloading: 0.0029 s/iter. Inference: 0.2473 s/iter. Eval: 0.0797 s/iter. Total: 0.3300 s/iter. ETA=1:19:49
[08/06 13:20:35 d2.evaluation.evaluator]: Inference done 10402/24904. Dataloading: 0.0029 s/iter. Inference: 0.2473 s/iter. Eval: 0.0797 s/iter. Total: 0.3299 s/iter. ETA=1:19:44
[08/06 13:20:40 d2.evaluation.evaluator]: Inference done 10418/24904. Dataloading: 0.0029 s/iter. Inference: 0.2473 s/iter. Eval: 0.0797 s/iter. Total: 0.3300 s/iter. ETA=1:19:39
[08/06 13:20:45 d2.evaluation.evaluator]: Inference done 10434/24904. Dataloading: 0.0029 s/iter. Inference: 0.2473 s/iter. Eval: 0.0797 s/iter. Total: 0.3300 s/iter. ETA=1:19:34
[08/06 13:20:51 d2.evaluation.evaluator]: Inference done 10450/24904. Dataloading: 0.0029 s/iter. Inference: 0.2473 s/iter. Eval: 0.0797 s/iter. Total: 0.3299 s/iter. ETA=1:19:28
[08/06 13:20:56 d2.evaluation.evaluator]: Inference done 10466/24904. Dataloading: 0.0029 s/iter. Inference: 0.2473 s/iter. Eval: 0.0797 s/iter. Total: 0.3299 s/iter. ETA=1:19:23
[08/06 13:21:01 d2.evaluation.evaluator]: Inference done 10482/24904. Dataloading: 0.0029 s/iter. Inference: 0.2473 s/iter. Eval: 0.0797 s/iter. Total: 0.3299 s/iter. ETA=1:19:18
[08/06 13:21:06 d2.evaluation.evaluator]: Inference done 10496/24904. Dataloading: 0.0029 s/iter. Inference: 0.2473 s/iter. Eval: 0.0797 s/iter. Total: 0.3299 s/iter. ETA=1:19:13
[08/06 13:21:11 d2.evaluation.evaluator]: Inference done 10512/24904. Dataloading: 0.0029 s/iter. Inference: 0.2473 s/iter. Eval: 0.0797 s/iter. Total: 0.3299 s/iter. ETA=1:19:08
[08/06 13:21:17 d2.evaluation.evaluator]: Inference done 10528/24904. Dataloading: 0.0029 s/iter. Inference: 0.2473 s/iter. Eval: 0.0797 s/iter. Total: 0.3299 s/iter. ETA=1:19:02
[08/06 13:21:22 d2.evaluation.evaluator]: Inference done 10544/24904. Dataloading: 0.0029 s/iter. Inference: 0.2473 s/iter. Eval: 0.0797 s/iter. Total: 0.3299 s/iter. ETA=1:18:57
[08/06 13:21:27 d2.evaluation.evaluator]: Inference done 10560/24904. Dataloading: 0.0029 s/iter. Inference: 0.2473 s/iter. Eval: 0.0797 s/iter. Total: 0.3299 s/iter. ETA=1:18:52
[08/06 13:21:32 d2.evaluation.evaluator]: Inference done 10576/24904. Dataloading: 0.0029 s/iter. Inference: 0.2473 s/iter. Eval: 0.0797 s/iter. Total: 0.3299 s/iter. ETA=1:18:46
[08/06 13:21:37 d2.evaluation.evaluator]: Inference done 10590/24904. Dataloading: 0.0029 s/iter. Inference: 0.2473 s/iter. Eval: 0.0797 s/iter. Total: 0.3299 s/iter. ETA=1:18:41
[08/06 13:21:42 d2.evaluation.evaluator]: Inference done 10606/24904. Dataloading: 0.0029 s/iter. Inference: 0.2473 s/iter. Eval: 0.0797 s/iter. Total: 0.3299 s/iter. ETA=1:18:36
[08/06 13:21:48 d2.evaluation.evaluator]: Inference done 10622/24904. Dataloading: 0.0029 s/iter. Inference: 0.2473 s/iter. Eval: 0.0797 s/iter. Total: 0.3299 s/iter. ETA=1:18:31
[08/06 13:21:53 d2.evaluation.evaluator]: Inference done 10638/24904. Dataloading: 0.0029 s/iter. Inference: 0.2473 s/iter. Eval: 0.0797 s/iter. Total: 0.3299 s/iter. ETA=1:18:25
[08/06 13:21:58 d2.evaluation.evaluator]: Inference done 10654/24904. Dataloading: 0.0029 s/iter. Inference: 0.2472 s/iter. Eval: 0.0797 s/iter. Total: 0.3299 s/iter. ETA=1:18:20
[08/06 13:22:03 d2.evaluation.evaluator]: Inference done 10670/24904. Dataloading: 0.0029 s/iter. Inference: 0.2472 s/iter. Eval: 0.0797 s/iter. Total: 0.3299 s/iter. ETA=1:18:15
[08/06 13:22:08 d2.evaluation.evaluator]: Inference done 10686/24904. Dataloading: 0.0029 s/iter. Inference: 0.2472 s/iter. Eval: 0.0797 s/iter. Total: 0.3298 s/iter. ETA=1:18:09
[08/06 13:22:14 d2.evaluation.evaluator]: Inference done 10700/24904. Dataloading: 0.0029 s/iter. Inference: 0.2472 s/iter. Eval: 0.0797 s/iter. Total: 0.3298 s/iter. ETA=1:18:05
[08/06 13:22:19 d2.evaluation.evaluator]: Inference done 10716/24904. Dataloading: 0.0029 s/iter. Inference: 0.2472 s/iter. Eval: 0.0797 s/iter. Total: 0.3298 s/iter. ETA=1:17:59
[08/06 13:22:24 d2.evaluation.evaluator]: Inference done 10732/24904. Dataloading: 0.0029 s/iter. Inference: 0.2472 s/iter. Eval: 0.0797 s/iter. Total: 0.3298 s/iter. ETA=1:17:54
[08/06 13:22:29 d2.evaluation.evaluator]: Inference done 10748/24904. Dataloading: 0.0029 s/iter. Inference: 0.2472 s/iter. Eval: 0.0797 s/iter. Total: 0.3298 s/iter. ETA=1:17:48
[08/06 13:22:34 d2.evaluation.evaluator]: Inference done 10764/24904. Dataloading: 0.0029 s/iter. Inference: 0.2472 s/iter. Eval: 0.0797 s/iter. Total: 0.3298 s/iter. ETA=1:17:43
[08/06 13:22:39 d2.evaluation.evaluator]: Inference done 10779/24904. Dataloading: 0.0029 s/iter. Inference: 0.2472 s/iter. Eval: 0.0797 s/iter. Total: 0.3298 s/iter. ETA=1:17:38
[08/06 13:22:45 d2.evaluation.evaluator]: Inference done 10793/24904. Dataloading: 0.0029 s/iter. Inference: 0.2472 s/iter. Eval: 0.0797 s/iter. Total: 0.3298 s/iter. ETA=1:17:34
[08/06 13:22:50 d2.evaluation.evaluator]: Inference done 10809/24904. Dataloading: 0.0029 s/iter. Inference: 0.2472 s/iter. Eval: 0.0797 s/iter. Total: 0.3298 s/iter. ETA=1:17:28
[08/06 13:22:55 d2.evaluation.evaluator]: Inference done 10825/24904. Dataloading: 0.0029 s/iter. Inference: 0.2472 s/iter. Eval: 0.0797 s/iter. Total: 0.3298 s/iter. ETA=1:17:23
[08/06 13:23:00 d2.evaluation.evaluator]: Inference done 10841/24904. Dataloading: 0.0029 s/iter. Inference: 0.2472 s/iter. Eval: 0.0796 s/iter. Total: 0.3298 s/iter. ETA=1:17:17
[08/06 13:23:05 d2.evaluation.evaluator]: Inference done 10857/24904. Dataloading: 0.0029 s/iter. Inference: 0.2472 s/iter. Eval: 0.0796 s/iter. Total: 0.3298 s/iter. ETA=1:17:12
[08/06 13:23:10 d2.evaluation.evaluator]: Inference done 10873/24904. Dataloading: 0.0029 s/iter. Inference: 0.2472 s/iter. Eval: 0.0796 s/iter. Total: 0.3298 s/iter. ETA=1:17:07
[08/06 13:23:16 d2.evaluation.evaluator]: Inference done 10889/24904. Dataloading: 0.0029 s/iter. Inference: 0.2472 s/iter. Eval: 0.0796 s/iter. Total: 0.3298 s/iter. ETA=1:17:01
[08/06 13:23:21 d2.evaluation.evaluator]: Inference done 10904/24904. Dataloading: 0.0029 s/iter. Inference: 0.2472 s/iter. Eval: 0.0796 s/iter. Total: 0.3298 s/iter. ETA=1:16:56
[08/06 13:23:26 d2.evaluation.evaluator]: Inference done 10920/24904. Dataloading: 0.0029 s/iter. Inference: 0.2472 s/iter. Eval: 0.0796 s/iter. Total: 0.3298 s/iter. ETA=1:16:51
[08/06 13:23:31 d2.evaluation.evaluator]: Inference done 10936/24904. Dataloading: 0.0029 s/iter. Inference: 0.2472 s/iter. Eval: 0.0796 s/iter. Total: 0.3298 s/iter. ETA=1:16:45
[08/06 13:23:36 d2.evaluation.evaluator]: Inference done 10952/24904. Dataloading: 0.0029 s/iter. Inference: 0.2472 s/iter. Eval: 0.0796 s/iter. Total: 0.3297 s/iter. ETA=1:16:40
[08/06 13:23:42 d2.evaluation.evaluator]: Inference done 10968/24904. Dataloading: 0.0029 s/iter. Inference: 0.2472 s/iter. Eval: 0.0796 s/iter. Total: 0.3297 s/iter. ETA=1:16:34
[08/06 13:23:47 d2.evaluation.evaluator]: Inference done 10984/24904. Dataloading: 0.0029 s/iter. Inference: 0.2472 s/iter. Eval: 0.0796 s/iter. Total: 0.3297 s/iter. ETA=1:16:29
[08/06 13:23:52 d2.evaluation.evaluator]: Inference done 10998/24904. Dataloading: 0.0029 s/iter. Inference: 0.2472 s/iter. Eval: 0.0796 s/iter. Total: 0.3297 s/iter. ETA=1:16:25
[08/06 13:23:57 d2.evaluation.evaluator]: Inference done 11014/24904. Dataloading: 0.0029 s/iter. Inference: 0.2472 s/iter. Eval: 0.0796 s/iter. Total: 0.3297 s/iter. ETA=1:16:19
[08/06 13:24:02 d2.evaluation.evaluator]: Inference done 11030/24904. Dataloading: 0.0029 s/iter. Inference: 0.2472 s/iter. Eval: 0.0796 s/iter. Total: 0.3297 s/iter. ETA=1:16:14
[08/06 13:24:07 d2.evaluation.evaluator]: Inference done 11046/24904. Dataloading: 0.0029 s/iter. Inference: 0.2472 s/iter. Eval: 0.0796 s/iter. Total: 0.3297 s/iter. ETA=1:16:08
[08/06 13:24:13 d2.evaluation.evaluator]: Inference done 11062/24904. Dataloading: 0.0029 s/iter. Inference: 0.2471 s/iter. Eval: 0.0796 s/iter. Total: 0.3297 s/iter. ETA=1:16:03
[08/06 13:24:18 d2.evaluation.evaluator]: Inference done 11078/24904. Dataloading: 0.0029 s/iter. Inference: 0.2471 s/iter. Eval: 0.0796 s/iter. Total: 0.3297 s/iter. ETA=1:15:58
[08/06 13:24:23 d2.evaluation.evaluator]: Inference done 11093/24904. Dataloading: 0.0029 s/iter. Inference: 0.2471 s/iter. Eval: 0.0796 s/iter. Total: 0.3297 s/iter. ETA=1:15:53
[08/06 13:24:28 d2.evaluation.evaluator]: Inference done 11109/24904. Dataloading: 0.0029 s/iter. Inference: 0.2471 s/iter. Eval: 0.0796 s/iter. Total: 0.3297 s/iter. ETA=1:15:47
[08/06 13:24:34 d2.evaluation.evaluator]: Inference done 11125/24904. Dataloading: 0.0029 s/iter. Inference: 0.2471 s/iter. Eval: 0.0796 s/iter. Total: 0.3297 s/iter. ETA=1:15:42
[08/06 13:24:39 d2.evaluation.evaluator]: Inference done 11141/24904. Dataloading: 0.0029 s/iter. Inference: 0.2471 s/iter. Eval: 0.0796 s/iter. Total: 0.3297 s/iter. ETA=1:15:37
[08/06 13:24:44 d2.evaluation.evaluator]: Inference done 11157/24904. Dataloading: 0.0029 s/iter. Inference: 0.2471 s/iter. Eval: 0.0796 s/iter. Total: 0.3297 s/iter. ETA=1:15:31
[08/06 13:24:49 d2.evaluation.evaluator]: Inference done 11173/24904. Dataloading: 0.0029 s/iter. Inference: 0.2471 s/iter. Eval: 0.0796 s/iter. Total: 0.3296 s/iter. ETA=1:15:26
[08/06 13:24:55 d2.evaluation.evaluator]: Inference done 11189/24904. Dataloading: 0.0029 s/iter. Inference: 0.2471 s/iter. Eval: 0.0796 s/iter. Total: 0.3296 s/iter. ETA=1:15:21
[08/06 13:25:00 d2.evaluation.evaluator]: Inference done 11203/24904. Dataloading: 0.0029 s/iter. Inference: 0.2471 s/iter. Eval: 0.0796 s/iter. Total: 0.3296 s/iter. ETA=1:15:16
[08/06 13:25:05 d2.evaluation.evaluator]: Inference done 11219/24904. Dataloading: 0.0029 s/iter. Inference: 0.2471 s/iter. Eval: 0.0796 s/iter. Total: 0.3296 s/iter. ETA=1:15:11
[08/06 13:25:10 d2.evaluation.evaluator]: Inference done 11235/24904. Dataloading: 0.0029 s/iter. Inference: 0.2471 s/iter. Eval: 0.0796 s/iter. Total: 0.3296 s/iter. ETA=1:15:05
[08/06 13:25:15 d2.evaluation.evaluator]: Inference done 11251/24904. Dataloading: 0.0029 s/iter. Inference: 0.2471 s/iter. Eval: 0.0796 s/iter. Total: 0.3296 s/iter. ETA=1:15:00
[08/06 13:25:20 d2.evaluation.evaluator]: Inference done 11267/24904. Dataloading: 0.0029 s/iter. Inference: 0.2471 s/iter. Eval: 0.0796 s/iter. Total: 0.3296 s/iter. ETA=1:14:55
[08/06 13:25:26 d2.evaluation.evaluator]: Inference done 11283/24904. Dataloading: 0.0029 s/iter. Inference: 0.2471 s/iter. Eval: 0.0796 s/iter. Total: 0.3296 s/iter. ETA=1:14:49
[08/06 13:25:31 d2.evaluation.evaluator]: Inference done 11298/24904. Dataloading: 0.0029 s/iter. Inference: 0.2471 s/iter. Eval: 0.0796 s/iter. Total: 0.3296 s/iter. ETA=1:14:44
[08/06 13:25:36 d2.evaluation.evaluator]: Inference done 11314/24904. Dataloading: 0.0029 s/iter. Inference: 0.2471 s/iter. Eval: 0.0796 s/iter. Total: 0.3296 s/iter. ETA=1:14:39
[08/06 13:25:41 d2.evaluation.evaluator]: Inference done 11330/24904. Dataloading: 0.0029 s/iter. Inference: 0.2471 s/iter. Eval: 0.0795 s/iter. Total: 0.3296 s/iter. ETA=1:14:33
[08/06 13:25:46 d2.evaluation.evaluator]: Inference done 11346/24904. Dataloading: 0.0029 s/iter. Inference: 0.2471 s/iter. Eval: 0.0795 s/iter. Total: 0.3296 s/iter. ETA=1:14:28
[08/06 13:25:51 d2.evaluation.evaluator]: Inference done 11362/24904. Dataloading: 0.0029 s/iter. Inference: 0.2471 s/iter. Eval: 0.0795 s/iter. Total: 0.3296 s/iter. ETA=1:14:22
[08/06 13:25:57 d2.evaluation.evaluator]: Inference done 11378/24904. Dataloading: 0.0029 s/iter. Inference: 0.2471 s/iter. Eval: 0.0795 s/iter. Total: 0.3295 s/iter. ETA=1:14:17
[08/06 13:26:02 d2.evaluation.evaluator]: Inference done 11394/24904. Dataloading: 0.0029 s/iter. Inference: 0.2471 s/iter. Eval: 0.0795 s/iter. Total: 0.3295 s/iter. ETA=1:14:12
[08/06 13:26:07 d2.evaluation.evaluator]: Inference done 11408/24904. Dataloading: 0.0029 s/iter. Inference: 0.2471 s/iter. Eval: 0.0795 s/iter. Total: 0.3295 s/iter. ETA=1:14:07
[08/06 13:26:12 d2.evaluation.evaluator]: Inference done 11424/24904. Dataloading: 0.0029 s/iter. Inference: 0.2471 s/iter. Eval: 0.0795 s/iter. Total: 0.3295 s/iter. ETA=1:14:02
[08/06 13:26:17 d2.evaluation.evaluator]: Inference done 11440/24904. Dataloading: 0.0029 s/iter. Inference: 0.2471 s/iter. Eval: 0.0795 s/iter. Total: 0.3295 s/iter. ETA=1:13:56
[08/06 13:26:22 d2.evaluation.evaluator]: Inference done 11456/24904. Dataloading: 0.0029 s/iter. Inference: 0.2470 s/iter. Eval: 0.0795 s/iter. Total: 0.3295 s/iter. ETA=1:13:51
[08/06 13:26:27 d2.evaluation.evaluator]: Inference done 11472/24904. Dataloading: 0.0029 s/iter. Inference: 0.2470 s/iter. Eval: 0.0795 s/iter. Total: 0.3295 s/iter. ETA=1:13:45
[08/06 13:26:33 d2.evaluation.evaluator]: Inference done 11488/24904. Dataloading: 0.0029 s/iter. Inference: 0.2470 s/iter. Eval: 0.0795 s/iter. Total: 0.3295 s/iter. ETA=1:13:40
[08/06 13:26:38 d2.evaluation.evaluator]: Inference done 11502/24904. Dataloading: 0.0029 s/iter. Inference: 0.2470 s/iter. Eval: 0.0795 s/iter. Total: 0.3295 s/iter. ETA=1:13:35
[08/06 13:26:43 d2.evaluation.evaluator]: Inference done 11518/24904. Dataloading: 0.0029 s/iter. Inference: 0.2470 s/iter. Eval: 0.0795 s/iter. Total: 0.3295 s/iter. ETA=1:13:30
[08/06 13:26:48 d2.evaluation.evaluator]: Inference done 11534/24904. Dataloading: 0.0029 s/iter. Inference: 0.2470 s/iter. Eval: 0.0795 s/iter. Total: 0.3295 s/iter. ETA=1:13:25
[08/06 13:26:53 d2.evaluation.evaluator]: Inference done 11550/24904. Dataloading: 0.0029 s/iter. Inference: 0.2470 s/iter. Eval: 0.0795 s/iter. Total: 0.3295 s/iter. ETA=1:13:19
[08/06 13:26:59 d2.evaluation.evaluator]: Inference done 11566/24904. Dataloading: 0.0029 s/iter. Inference: 0.2470 s/iter. Eval: 0.0795 s/iter. Total: 0.3295 s/iter. ETA=1:13:14
[08/06 13:27:04 d2.evaluation.evaluator]: Inference done 11582/24904. Dataloading: 0.0029 s/iter. Inference: 0.2470 s/iter. Eval: 0.0795 s/iter. Total: 0.3295 s/iter. ETA=1:13:09
[08/06 13:27:09 d2.evaluation.evaluator]: Inference done 11596/24904. Dataloading: 0.0029 s/iter. Inference: 0.2470 s/iter. Eval: 0.0795 s/iter. Total: 0.3295 s/iter. ETA=1:13:04
[08/06 13:27:14 d2.evaluation.evaluator]: Inference done 11612/24904. Dataloading: 0.0029 s/iter. Inference: 0.2470 s/iter. Eval: 0.0795 s/iter. Total: 0.3295 s/iter. ETA=1:12:59
[08/06 13:27:19 d2.evaluation.evaluator]: Inference done 11628/24904. Dataloading: 0.0029 s/iter. Inference: 0.2470 s/iter. Eval: 0.0795 s/iter. Total: 0.3294 s/iter. ETA=1:12:53
[08/06 13:27:24 d2.evaluation.evaluator]: Inference done 11644/24904. Dataloading: 0.0029 s/iter. Inference: 0.2470 s/iter. Eval: 0.0795 s/iter. Total: 0.3294 s/iter. ETA=1:12:48
[08/06 13:27:29 d2.evaluation.evaluator]: Inference done 11660/24904. Dataloading: 0.0029 s/iter. Inference: 0.2470 s/iter. Eval: 0.0795 s/iter. Total: 0.3294 s/iter. ETA=1:12:42
[08/06 13:27:35 d2.evaluation.evaluator]: Inference done 11676/24904. Dataloading: 0.0029 s/iter. Inference: 0.2470 s/iter. Eval: 0.0795 s/iter. Total: 0.3294 s/iter. ETA=1:12:37
[08/06 13:27:40 d2.evaluation.evaluator]: Inference done 11692/24904. Dataloading: 0.0029 s/iter. Inference: 0.2470 s/iter. Eval: 0.0795 s/iter. Total: 0.3294 s/iter. ETA=1:12:32
[08/06 13:27:45 d2.evaluation.evaluator]: Inference done 11708/24904. Dataloading: 0.0029 s/iter. Inference: 0.2470 s/iter. Eval: 0.0795 s/iter. Total: 0.3294 s/iter. ETA=1:12:26
[08/06 13:27:50 d2.evaluation.evaluator]: Inference done 11724/24904. Dataloading: 0.0029 s/iter. Inference: 0.2470 s/iter. Eval: 0.0795 s/iter. Total: 0.3294 s/iter. ETA=1:12:21
[08/06 13:27:55 d2.evaluation.evaluator]: Inference done 11740/24904. Dataloading: 0.0029 s/iter. Inference: 0.2470 s/iter. Eval: 0.0795 s/iter. Total: 0.3294 s/iter. ETA=1:12:15
[08/06 13:28:01 d2.evaluation.evaluator]: Inference done 11756/24904. Dataloading: 0.0029 s/iter. Inference: 0.2470 s/iter. Eval: 0.0794 s/iter. Total: 0.3294 s/iter. ETA=1:12:10
[08/06 13:28:06 d2.evaluation.evaluator]: Inference done 11772/24904. Dataloading: 0.0029 s/iter. Inference: 0.2470 s/iter. Eval: 0.0794 s/iter. Total: 0.3294 s/iter. ETA=1:12:05
[08/06 13:28:11 d2.evaluation.evaluator]: Inference done 11787/24904. Dataloading: 0.0029 s/iter. Inference: 0.2470 s/iter. Eval: 0.0794 s/iter. Total: 0.3294 s/iter. ETA=1:12:00
[08/06 13:28:16 d2.evaluation.evaluator]: Inference done 11803/24904. Dataloading: 0.0029 s/iter. Inference: 0.2470 s/iter. Eval: 0.0794 s/iter. Total: 0.3294 s/iter. ETA=1:11:55
[08/06 13:28:22 d2.evaluation.evaluator]: Inference done 11819/24904. Dataloading: 0.0029 s/iter. Inference: 0.2470 s/iter. Eval: 0.0794 s/iter. Total: 0.3294 s/iter. ETA=1:11:50
[08/06 13:28:27 d2.evaluation.evaluator]: Inference done 11835/24904. Dataloading: 0.0029 s/iter. Inference: 0.2470 s/iter. Eval: 0.0794 s/iter. Total: 0.3294 s/iter. ETA=1:11:44
[08/06 13:28:32 d2.evaluation.evaluator]: Inference done 11851/24904. Dataloading: 0.0029 s/iter. Inference: 0.2470 s/iter. Eval: 0.0794 s/iter. Total: 0.3294 s/iter. ETA=1:11:39
[08/06 13:28:37 d2.evaluation.evaluator]: Inference done 11867/24904. Dataloading: 0.0029 s/iter. Inference: 0.2470 s/iter. Eval: 0.0794 s/iter. Total: 0.3294 s/iter. ETA=1:11:34
[08/06 13:28:43 d2.evaluation.evaluator]: Inference done 11883/24904. Dataloading: 0.0029 s/iter. Inference: 0.2470 s/iter. Eval: 0.0794 s/iter. Total: 0.3294 s/iter. ETA=1:11:29
[08/06 13:28:48 d2.evaluation.evaluator]: Inference done 11899/24904. Dataloading: 0.0029 s/iter. Inference: 0.2470 s/iter. Eval: 0.0794 s/iter. Total: 0.3294 s/iter. ETA=1:11:23
[08/06 13:28:53 d2.evaluation.evaluator]: Inference done 11914/24904. Dataloading: 0.0029 s/iter. Inference: 0.2470 s/iter. Eval: 0.0795 s/iter. Total: 0.3294 s/iter. ETA=1:11:19
[08/06 13:28:58 d2.evaluation.evaluator]: Inference done 11929/24904. Dataloading: 0.0029 s/iter. Inference: 0.2470 s/iter. Eval: 0.0795 s/iter. Total: 0.3294 s/iter. ETA=1:11:14
[08/06 13:29:04 d2.evaluation.evaluator]: Inference done 11945/24904. Dataloading: 0.0029 s/iter. Inference: 0.2470 s/iter. Eval: 0.0795 s/iter. Total: 0.3294 s/iter. ETA=1:11:09
[08/06 13:29:09 d2.evaluation.evaluator]: Inference done 11961/24904. Dataloading: 0.0029 s/iter. Inference: 0.2470 s/iter. Eval: 0.0795 s/iter. Total: 0.3294 s/iter. ETA=1:11:03
[08/06 13:29:14 d2.evaluation.evaluator]: Inference done 11977/24904. Dataloading: 0.0029 s/iter. Inference: 0.2470 s/iter. Eval: 0.0795 s/iter. Total: 0.3294 s/iter. ETA=1:10:58
[08/06 13:29:19 d2.evaluation.evaluator]: Inference done 11993/24904. Dataloading: 0.0029 s/iter. Inference: 0.2470 s/iter. Eval: 0.0795 s/iter. Total: 0.3294 s/iter. ETA=1:10:53
[08/06 13:29:25 d2.evaluation.evaluator]: Inference done 12009/24904. Dataloading: 0.0029 s/iter. Inference: 0.2470 s/iter. Eval: 0.0795 s/iter. Total: 0.3294 s/iter. ETA=1:10:48
[08/06 13:29:30 d2.evaluation.evaluator]: Inference done 12025/24904. Dataloading: 0.0029 s/iter. Inference: 0.2470 s/iter. Eval: 0.0795 s/iter. Total: 0.3294 s/iter. ETA=1:10:42
[08/06 13:29:35 d2.evaluation.evaluator]: Inference done 12041/24904. Dataloading: 0.0029 s/iter. Inference: 0.2470 s/iter. Eval: 0.0794 s/iter. Total: 0.3294 s/iter. ETA=1:10:37
[08/06 13:29:40 d2.evaluation.evaluator]: Inference done 12057/24904. Dataloading: 0.0029 s/iter. Inference: 0.2470 s/iter. Eval: 0.0794 s/iter. Total: 0.3294 s/iter. ETA=1:10:32
[08/06 13:29:45 d2.evaluation.evaluator]: Inference done 12073/24904. Dataloading: 0.0029 s/iter. Inference: 0.2470 s/iter. Eval: 0.0794 s/iter. Total: 0.3294 s/iter. ETA=1:10:26
[08/06 13:29:51 d2.evaluation.evaluator]: Inference done 12089/24904. Dataloading: 0.0029 s/iter. Inference: 0.2470 s/iter. Eval: 0.0794 s/iter. Total: 0.3294 s/iter. ETA=1:10:21
[08/06 13:29:56 d2.evaluation.evaluator]: Inference done 12104/24904. Dataloading: 0.0029 s/iter. Inference: 0.2470 s/iter. Eval: 0.0794 s/iter. Total: 0.3294 s/iter. ETA=1:10:16
[08/06 13:30:01 d2.evaluation.evaluator]: Inference done 12120/24904. Dataloading: 0.0029 s/iter. Inference: 0.2470 s/iter. Eval: 0.0794 s/iter. Total: 0.3294 s/iter. ETA=1:10:10
[08/06 13:30:06 d2.evaluation.evaluator]: Inference done 12136/24904. Dataloading: 0.0029 s/iter. Inference: 0.2470 s/iter. Eval: 0.0794 s/iter. Total: 0.3294 s/iter. ETA=1:10:05
[08/06 13:30:11 d2.evaluation.evaluator]: Inference done 12153/24904. Dataloading: 0.0029 s/iter. Inference: 0.2470 s/iter. Eval: 0.0794 s/iter. Total: 0.3293 s/iter. ETA=1:09:59
[08/06 13:30:16 d2.evaluation.evaluator]: Inference done 12169/24904. Dataloading: 0.0029 s/iter. Inference: 0.2470 s/iter. Eval: 0.0794 s/iter. Total: 0.3293 s/iter. ETA=1:09:54
[08/06 13:30:22 d2.evaluation.evaluator]: Inference done 12185/24904. Dataloading: 0.0029 s/iter. Inference: 0.2470 s/iter. Eval: 0.0794 s/iter. Total: 0.3293 s/iter. ETA=1:09:48
[08/06 13:30:27 d2.evaluation.evaluator]: Inference done 12200/24904. Dataloading: 0.0029 s/iter. Inference: 0.2470 s/iter. Eval: 0.0794 s/iter. Total: 0.3293 s/iter. ETA=1:09:43
[08/06 13:30:32 d2.evaluation.evaluator]: Inference done 12216/24904. Dataloading: 0.0029 s/iter. Inference: 0.2470 s/iter. Eval: 0.0793 s/iter. Total: 0.3293 s/iter. ETA=1:09:38
[08/06 13:30:37 d2.evaluation.evaluator]: Inference done 12232/24904. Dataloading: 0.0029 s/iter. Inference: 0.2470 s/iter. Eval: 0.0793 s/iter. Total: 0.3293 s/iter. ETA=1:09:32
[08/06 13:30:42 d2.evaluation.evaluator]: Inference done 12248/24904. Dataloading: 0.0029 s/iter. Inference: 0.2470 s/iter. Eval: 0.0793 s/iter. Total: 0.3293 s/iter. ETA=1:09:27
[08/06 13:30:48 d2.evaluation.evaluator]: Inference done 12264/24904. Dataloading: 0.0029 s/iter. Inference: 0.2470 s/iter. Eval: 0.0793 s/iter. Total: 0.3293 s/iter. ETA=1:09:22
[08/06 13:30:53 d2.evaluation.evaluator]: Inference done 12280/24904. Dataloading: 0.0029 s/iter. Inference: 0.2470 s/iter. Eval: 0.0793 s/iter. Total: 0.3293 s/iter. ETA=1:09:16
[08/06 13:30:58 d2.evaluation.evaluator]: Inference done 12296/24904. Dataloading: 0.0029 s/iter. Inference: 0.2470 s/iter. Eval: 0.0793 s/iter. Total: 0.3293 s/iter. ETA=1:09:11
[08/06 13:31:03 d2.evaluation.evaluator]: Inference done 12312/24904. Dataloading: 0.0029 s/iter. Inference: 0.2470 s/iter. Eval: 0.0793 s/iter. Total: 0.3293 s/iter. ETA=1:09:06
[08/06 13:31:08 d2.evaluation.evaluator]: Inference done 12328/24904. Dataloading: 0.0029 s/iter. Inference: 0.2470 s/iter. Eval: 0.0793 s/iter. Total: 0.3293 s/iter. ETA=1:09:00
[08/06 13:31:14 d2.evaluation.evaluator]: Inference done 12344/24904. Dataloading: 0.0029 s/iter. Inference: 0.2470 s/iter. Eval: 0.0793 s/iter. Total: 0.3293 s/iter. ETA=1:08:55
[08/06 13:31:19 d2.evaluation.evaluator]: Inference done 12360/24904. Dataloading: 0.0029 s/iter. Inference: 0.2470 s/iter. Eval: 0.0793 s/iter. Total: 0.3293 s/iter. ETA=1:08:50
[08/06 13:31:24 d2.evaluation.evaluator]: Inference done 12376/24904. Dataloading: 0.0029 s/iter. Inference: 0.2470 s/iter. Eval: 0.0793 s/iter. Total: 0.3292 s/iter. ETA=1:08:44
[08/06 13:31:29 d2.evaluation.evaluator]: Inference done 12392/24904. Dataloading: 0.0029 s/iter. Inference: 0.2470 s/iter. Eval: 0.0793 s/iter. Total: 0.3292 s/iter. ETA=1:08:39
[08/06 13:31:34 d2.evaluation.evaluator]: Inference done 12408/24904. Dataloading: 0.0029 s/iter. Inference: 0.2470 s/iter. Eval: 0.0793 s/iter. Total: 0.3292 s/iter. ETA=1:08:34
[08/06 13:31:40 d2.evaluation.evaluator]: Inference done 12424/24904. Dataloading: 0.0029 s/iter. Inference: 0.2470 s/iter. Eval: 0.0793 s/iter. Total: 0.3292 s/iter. ETA=1:08:28
[08/06 13:31:45 d2.evaluation.evaluator]: Inference done 12440/24904. Dataloading: 0.0029 s/iter. Inference: 0.2470 s/iter. Eval: 0.0793 s/iter. Total: 0.3292 s/iter. ETA=1:08:23
[08/06 13:31:50 d2.evaluation.evaluator]: Inference done 12456/24904. Dataloading: 0.0029 s/iter. Inference: 0.2470 s/iter. Eval: 0.0793 s/iter. Total: 0.3292 s/iter. ETA=1:08:18
[08/06 13:31:55 d2.evaluation.evaluator]: Inference done 12472/24904. Dataloading: 0.0029 s/iter. Inference: 0.2470 s/iter. Eval: 0.0793 s/iter. Total: 0.3292 s/iter. ETA=1:08:12
[08/06 13:32:00 d2.evaluation.evaluator]: Inference done 12488/24904. Dataloading: 0.0029 s/iter. Inference: 0.2470 s/iter. Eval: 0.0793 s/iter. Total: 0.3292 s/iter. ETA=1:08:07
[08/06 13:32:06 d2.evaluation.evaluator]: Inference done 12504/24904. Dataloading: 0.0029 s/iter. Inference: 0.2470 s/iter. Eval: 0.0793 s/iter. Total: 0.3292 s/iter. ETA=1:08:02
[08/06 13:32:11 d2.evaluation.evaluator]: Inference done 12520/24904. Dataloading: 0.0029 s/iter. Inference: 0.2470 s/iter. Eval: 0.0793 s/iter. Total: 0.3292 s/iter. ETA=1:07:56
[08/06 13:32:16 d2.evaluation.evaluator]: Inference done 12536/24904. Dataloading: 0.0029 s/iter. Inference: 0.2470 s/iter. Eval: 0.0793 s/iter. Total: 0.3292 s/iter. ETA=1:07:51
[08/06 13:32:21 d2.evaluation.evaluator]: Inference done 12552/24904. Dataloading: 0.0029 s/iter. Inference: 0.2470 s/iter. Eval: 0.0793 s/iter. Total: 0.3292 s/iter. ETA=1:07:46
[08/06 13:32:27 d2.evaluation.evaluator]: Inference done 12568/24904. Dataloading: 0.0029 s/iter. Inference: 0.2470 s/iter. Eval: 0.0793 s/iter. Total: 0.3292 s/iter. ETA=1:07:40
[08/06 13:32:32 d2.evaluation.evaluator]: Inference done 12584/24904. Dataloading: 0.0029 s/iter. Inference: 0.2470 s/iter. Eval: 0.0793 s/iter. Total: 0.3292 s/iter. ETA=1:07:35
[08/06 13:32:37 d2.evaluation.evaluator]: Inference done 12600/24904. Dataloading: 0.0029 s/iter. Inference: 0.2470 s/iter. Eval: 0.0793 s/iter. Total: 0.3292 s/iter. ETA=1:07:30
[08/06 13:32:42 d2.evaluation.evaluator]: Inference done 12616/24904. Dataloading: 0.0029 s/iter. Inference: 0.2470 s/iter. Eval: 0.0792 s/iter. Total: 0.3292 s/iter. ETA=1:07:25
[08/06 13:32:47 d2.evaluation.evaluator]: Inference done 12632/24904. Dataloading: 0.0029 s/iter. Inference: 0.2470 s/iter. Eval: 0.0792 s/iter. Total: 0.3292 s/iter. ETA=1:07:19
[08/06 13:32:53 d2.evaluation.evaluator]: Inference done 12648/24904. Dataloading: 0.0029 s/iter. Inference: 0.2470 s/iter. Eval: 0.0792 s/iter. Total: 0.3292 s/iter. ETA=1:07:14
[08/06 13:32:58 d2.evaluation.evaluator]: Inference done 12664/24904. Dataloading: 0.0029 s/iter. Inference: 0.2470 s/iter. Eval: 0.0792 s/iter. Total: 0.3292 s/iter. ETA=1:07:08
[08/06 13:33:03 d2.evaluation.evaluator]: Inference done 12680/24904. Dataloading: 0.0029 s/iter. Inference: 0.2470 s/iter. Eval: 0.0792 s/iter. Total: 0.3292 s/iter. ETA=1:07:03
[08/06 13:33:08 d2.evaluation.evaluator]: Inference done 12696/24904. Dataloading: 0.0029 s/iter. Inference: 0.2470 s/iter. Eval: 0.0792 s/iter. Total: 0.3291 s/iter. ETA=1:06:58
[08/06 13:33:13 d2.evaluation.evaluator]: Inference done 12712/24904. Dataloading: 0.0029 s/iter. Inference: 0.2470 s/iter. Eval: 0.0792 s/iter. Total: 0.3291 s/iter. ETA=1:06:52
[08/06 13:33:18 d2.evaluation.evaluator]: Inference done 12728/24904. Dataloading: 0.0029 s/iter. Inference: 0.2470 s/iter. Eval: 0.0792 s/iter. Total: 0.3291 s/iter. ETA=1:06:47
[08/06 13:33:24 d2.evaluation.evaluator]: Inference done 12744/24904. Dataloading: 0.0029 s/iter. Inference: 0.2470 s/iter. Eval: 0.0792 s/iter. Total: 0.3291 s/iter. ETA=1:06:42
[08/06 13:33:29 d2.evaluation.evaluator]: Inference done 12760/24904. Dataloading: 0.0029 s/iter. Inference: 0.2470 s/iter. Eval: 0.0792 s/iter. Total: 0.3291 s/iter. ETA=1:06:36
[08/06 13:33:34 d2.evaluation.evaluator]: Inference done 12776/24904. Dataloading: 0.0029 s/iter. Inference: 0.2470 s/iter. Eval: 0.0792 s/iter. Total: 0.3291 s/iter. ETA=1:06:31
[08/06 13:33:39 d2.evaluation.evaluator]: Inference done 12792/24904. Dataloading: 0.0029 s/iter. Inference: 0.2470 s/iter. Eval: 0.0792 s/iter. Total: 0.3291 s/iter. ETA=1:06:26
[08/06 13:33:44 d2.evaluation.evaluator]: Inference done 12806/24904. Dataloading: 0.0029 s/iter. Inference: 0.2470 s/iter. Eval: 0.0792 s/iter. Total: 0.3291 s/iter. ETA=1:06:21
[08/06 13:33:49 d2.evaluation.evaluator]: Inference done 12822/24904. Dataloading: 0.0029 s/iter. Inference: 0.2470 s/iter. Eval: 0.0792 s/iter. Total: 0.3291 s/iter. ETA=1:06:16
[08/06 13:33:55 d2.evaluation.evaluator]: Inference done 12839/24904. Dataloading: 0.0029 s/iter. Inference: 0.2470 s/iter. Eval: 0.0792 s/iter. Total: 0.3291 s/iter. ETA=1:06:10
[08/06 13:34:00 d2.evaluation.evaluator]: Inference done 12855/24904. Dataloading: 0.0029 s/iter. Inference: 0.2470 s/iter. Eval: 0.0792 s/iter. Total: 0.3291 s/iter. ETA=1:06:05
[08/06 13:34:05 d2.evaluation.evaluator]: Inference done 12871/24904. Dataloading: 0.0029 s/iter. Inference: 0.2470 s/iter. Eval: 0.0792 s/iter. Total: 0.3291 s/iter. ETA=1:05:59
[08/06 13:34:10 d2.evaluation.evaluator]: Inference done 12886/24904. Dataloading: 0.0029 s/iter. Inference: 0.2470 s/iter. Eval: 0.0792 s/iter. Total: 0.3291 s/iter. ETA=1:05:55
[08/06 13:34:15 d2.evaluation.evaluator]: Inference done 12901/24904. Dataloading: 0.0029 s/iter. Inference: 0.2470 s/iter. Eval: 0.0792 s/iter. Total: 0.3291 s/iter. ETA=1:05:50
[08/06 13:34:20 d2.evaluation.evaluator]: Inference done 12916/24904. Dataloading: 0.0029 s/iter. Inference: 0.2470 s/iter. Eval: 0.0792 s/iter. Total: 0.3291 s/iter. ETA=1:05:45
[08/06 13:34:26 d2.evaluation.evaluator]: Inference done 12932/24904. Dataloading: 0.0029 s/iter. Inference: 0.2470 s/iter. Eval: 0.0792 s/iter. Total: 0.3291 s/iter. ETA=1:05:40
[08/06 13:34:31 d2.evaluation.evaluator]: Inference done 12947/24904. Dataloading: 0.0029 s/iter. Inference: 0.2470 s/iter. Eval: 0.0792 s/iter. Total: 0.3291 s/iter. ETA=1:05:35
[08/06 13:34:36 d2.evaluation.evaluator]: Inference done 12962/24904. Dataloading: 0.0029 s/iter. Inference: 0.2470 s/iter. Eval: 0.0792 s/iter. Total: 0.3291 s/iter. ETA=1:05:30
[08/06 13:34:41 d2.evaluation.evaluator]: Inference done 12978/24904. Dataloading: 0.0029 s/iter. Inference: 0.2470 s/iter. Eval: 0.0792 s/iter. Total: 0.3291 s/iter. ETA=1:05:25
[08/06 13:34:46 d2.evaluation.evaluator]: Inference done 12994/24904. Dataloading: 0.0029 s/iter. Inference: 0.2470 s/iter. Eval: 0.0792 s/iter. Total: 0.3291 s/iter. ETA=1:05:19
[08/06 13:34:52 d2.evaluation.evaluator]: Inference done 13010/24904. Dataloading: 0.0029 s/iter. Inference: 0.2470 s/iter. Eval: 0.0792 s/iter. Total: 0.3291 s/iter. ETA=1:05:14
[08/06 13:34:57 d2.evaluation.evaluator]: Inference done 13025/24904. Dataloading: 0.0029 s/iter. Inference: 0.2470 s/iter. Eval: 0.0792 s/iter. Total: 0.3291 s/iter. ETA=1:05:09
[08/06 13:35:02 d2.evaluation.evaluator]: Inference done 13040/24904. Dataloading: 0.0029 s/iter. Inference: 0.2470 s/iter. Eval: 0.0792 s/iter. Total: 0.3291 s/iter. ETA=1:05:04
[08/06 13:35:07 d2.evaluation.evaluator]: Inference done 13056/24904. Dataloading: 0.0029 s/iter. Inference: 0.2470 s/iter. Eval: 0.0792 s/iter. Total: 0.3291 s/iter. ETA=1:04:59
[08/06 13:35:12 d2.evaluation.evaluator]: Inference done 13072/24904. Dataloading: 0.0029 s/iter. Inference: 0.2470 s/iter. Eval: 0.0792 s/iter. Total: 0.3291 s/iter. ETA=1:04:54
[08/06 13:35:17 d2.evaluation.evaluator]: Inference done 13088/24904. Dataloading: 0.0029 s/iter. Inference: 0.2470 s/iter. Eval: 0.0792 s/iter. Total: 0.3291 s/iter. ETA=1:04:48
[08/06 13:35:22 d2.evaluation.evaluator]: Inference done 13104/24904. Dataloading: 0.0029 s/iter. Inference: 0.2470 s/iter. Eval: 0.0792 s/iter. Total: 0.3291 s/iter. ETA=1:04:43
[08/06 13:35:27 d2.evaluation.evaluator]: Inference done 13120/24904. Dataloading: 0.0029 s/iter. Inference: 0.2470 s/iter. Eval: 0.0791 s/iter. Total: 0.3291 s/iter. ETA=1:04:38
[08/06 13:35:33 d2.evaluation.evaluator]: Inference done 13136/24904. Dataloading: 0.0029 s/iter. Inference: 0.2470 s/iter. Eval: 0.0791 s/iter. Total: 0.3291 s/iter. ETA=1:04:32
[08/06 13:35:38 d2.evaluation.evaluator]: Inference done 13152/24904. Dataloading: 0.0029 s/iter. Inference: 0.2470 s/iter. Eval: 0.0791 s/iter. Total: 0.3291 s/iter. ETA=1:04:27
[08/06 13:35:43 d2.evaluation.evaluator]: Inference done 13168/24904. Dataloading: 0.0029 s/iter. Inference: 0.2470 s/iter. Eval: 0.0791 s/iter. Total: 0.3291 s/iter. ETA=1:04:22
[08/06 13:35:48 d2.evaluation.evaluator]: Inference done 13184/24904. Dataloading: 0.0029 s/iter. Inference: 0.2470 s/iter. Eval: 0.0791 s/iter. Total: 0.3291 s/iter. ETA=1:04:16
[08/06 13:35:54 d2.evaluation.evaluator]: Inference done 13200/24904. Dataloading: 0.0029 s/iter. Inference: 0.2470 s/iter. Eval: 0.0791 s/iter. Total: 0.3291 s/iter. ETA=1:04:11
[08/06 13:35:59 d2.evaluation.evaluator]: Inference done 13215/24904. Dataloading: 0.0029 s/iter. Inference: 0.2470 s/iter. Eval: 0.0791 s/iter. Total: 0.3291 s/iter. ETA=1:04:06
[08/06 13:36:04 d2.evaluation.evaluator]: Inference done 13231/24904. Dataloading: 0.0029 s/iter. Inference: 0.2470 s/iter. Eval: 0.0791 s/iter. Total: 0.3291 s/iter. ETA=1:04:01
[08/06 13:36:09 d2.evaluation.evaluator]: Inference done 13247/24904. Dataloading: 0.0029 s/iter. Inference: 0.2470 s/iter. Eval: 0.0791 s/iter. Total: 0.3291 s/iter. ETA=1:03:56
[08/06 13:36:14 d2.evaluation.evaluator]: Inference done 13263/24904. Dataloading: 0.0029 s/iter. Inference: 0.2470 s/iter. Eval: 0.0791 s/iter. Total: 0.3291 s/iter. ETA=1:03:50
[08/06 13:36:19 d2.evaluation.evaluator]: Inference done 13279/24904. Dataloading: 0.0029 s/iter. Inference: 0.2470 s/iter. Eval: 0.0791 s/iter. Total: 0.3291 s/iter. ETA=1:03:45
[08/06 13:36:25 d2.evaluation.evaluator]: Inference done 13295/24904. Dataloading: 0.0029 s/iter. Inference: 0.2470 s/iter. Eval: 0.0791 s/iter. Total: 0.3291 s/iter. ETA=1:03:40
[08/06 13:36:30 d2.evaluation.evaluator]: Inference done 13311/24904. Dataloading: 0.0029 s/iter. Inference: 0.2470 s/iter. Eval: 0.0791 s/iter. Total: 0.3291 s/iter. ETA=1:03:35
[08/06 13:36:35 d2.evaluation.evaluator]: Inference done 13327/24904. Dataloading: 0.0029 s/iter. Inference: 0.2470 s/iter. Eval: 0.0791 s/iter. Total: 0.3291 s/iter. ETA=1:03:29
[08/06 13:36:41 d2.evaluation.evaluator]: Inference done 13343/24904. Dataloading: 0.0029 s/iter. Inference: 0.2470 s/iter. Eval: 0.0791 s/iter. Total: 0.3291 s/iter. ETA=1:03:24
[08/06 13:36:46 d2.evaluation.evaluator]: Inference done 13359/24904. Dataloading: 0.0029 s/iter. Inference: 0.2470 s/iter. Eval: 0.0791 s/iter. Total: 0.3291 s/iter. ETA=1:03:19
[08/06 13:36:51 d2.evaluation.evaluator]: Inference done 13375/24904. Dataloading: 0.0029 s/iter. Inference: 0.2470 s/iter. Eval: 0.0791 s/iter. Total: 0.3291 s/iter. ETA=1:03:13
[08/06 13:36:56 d2.evaluation.evaluator]: Inference done 13391/24904. Dataloading: 0.0029 s/iter. Inference: 0.2470 s/iter. Eval: 0.0791 s/iter. Total: 0.3290 s/iter. ETA=1:03:08
[08/06 13:37:01 d2.evaluation.evaluator]: Inference done 13406/24904. Dataloading: 0.0029 s/iter. Inference: 0.2470 s/iter. Eval: 0.0791 s/iter. Total: 0.3290 s/iter. ETA=1:03:03
[08/06 13:37:06 d2.evaluation.evaluator]: Inference done 13422/24904. Dataloading: 0.0029 s/iter. Inference: 0.2470 s/iter. Eval: 0.0791 s/iter. Total: 0.3290 s/iter. ETA=1:02:57
[08/06 13:37:11 d2.evaluation.evaluator]: Inference done 13438/24904. Dataloading: 0.0029 s/iter. Inference: 0.2470 s/iter. Eval: 0.0791 s/iter. Total: 0.3290 s/iter. ETA=1:02:52
[08/06 13:37:17 d2.evaluation.evaluator]: Inference done 13454/24904. Dataloading: 0.0029 s/iter. Inference: 0.2470 s/iter. Eval: 0.0791 s/iter. Total: 0.3290 s/iter. ETA=1:02:47
[08/06 13:37:22 d2.evaluation.evaluator]: Inference done 13470/24904. Dataloading: 0.0029 s/iter. Inference: 0.2470 s/iter. Eval: 0.0791 s/iter. Total: 0.3290 s/iter. ETA=1:02:41
[08/06 13:37:27 d2.evaluation.evaluator]: Inference done 13486/24904. Dataloading: 0.0029 s/iter. Inference: 0.2470 s/iter. Eval: 0.0791 s/iter. Total: 0.3290 s/iter. ETA=1:02:36
[08/06 13:37:32 d2.evaluation.evaluator]: Inference done 13502/24904. Dataloading: 0.0029 s/iter. Inference: 0.2470 s/iter. Eval: 0.0791 s/iter. Total: 0.3290 s/iter. ETA=1:02:31
[08/06 13:37:38 d2.evaluation.evaluator]: Inference done 13517/24904. Dataloading: 0.0029 s/iter. Inference: 0.2470 s/iter. Eval: 0.0791 s/iter. Total: 0.3290 s/iter. ETA=1:02:26
[08/06 13:37:43 d2.evaluation.evaluator]: Inference done 13533/24904. Dataloading: 0.0029 s/iter. Inference: 0.2470 s/iter. Eval: 0.0791 s/iter. Total: 0.3290 s/iter. ETA=1:02:20
[08/06 13:37:48 d2.evaluation.evaluator]: Inference done 13549/24904. Dataloading: 0.0029 s/iter. Inference: 0.2470 s/iter. Eval: 0.0791 s/iter. Total: 0.3290 s/iter. ETA=1:02:15
[08/06 13:37:53 d2.evaluation.evaluator]: Inference done 13565/24904. Dataloading: 0.0029 s/iter. Inference: 0.2470 s/iter. Eval: 0.0791 s/iter. Total: 0.3290 s/iter. ETA=1:02:10
[08/06 13:37:58 d2.evaluation.evaluator]: Inference done 13581/24904. Dataloading: 0.0029 s/iter. Inference: 0.2470 s/iter. Eval: 0.0791 s/iter. Total: 0.3290 s/iter. ETA=1:02:04
[08/06 13:38:03 d2.evaluation.evaluator]: Inference done 13597/24904. Dataloading: 0.0029 s/iter. Inference: 0.2470 s/iter. Eval: 0.0790 s/iter. Total: 0.3290 s/iter. ETA=1:01:59
[08/06 13:38:09 d2.evaluation.evaluator]: Inference done 13613/24904. Dataloading: 0.0029 s/iter. Inference: 0.2470 s/iter. Eval: 0.0790 s/iter. Total: 0.3290 s/iter. ETA=1:01:54
[08/06 13:38:14 d2.evaluation.evaluator]: Inference done 13629/24904. Dataloading: 0.0029 s/iter. Inference: 0.2470 s/iter. Eval: 0.0790 s/iter. Total: 0.3290 s/iter. ETA=1:01:49
[08/06 13:38:19 d2.evaluation.evaluator]: Inference done 13645/24904. Dataloading: 0.0029 s/iter. Inference: 0.2470 s/iter. Eval: 0.0790 s/iter. Total: 0.3290 s/iter. ETA=1:01:43
[08/06 13:38:24 d2.evaluation.evaluator]: Inference done 13661/24904. Dataloading: 0.0029 s/iter. Inference: 0.2470 s/iter. Eval: 0.0790 s/iter. Total: 0.3290 s/iter. ETA=1:01:38
[08/06 13:38:29 d2.evaluation.evaluator]: Inference done 13677/24904. Dataloading: 0.0029 s/iter. Inference: 0.2470 s/iter. Eval: 0.0790 s/iter. Total: 0.3289 s/iter. ETA=1:01:33
[08/06 13:38:35 d2.evaluation.evaluator]: Inference done 13693/24904. Dataloading: 0.0029 s/iter. Inference: 0.2470 s/iter. Eval: 0.0790 s/iter. Total: 0.3289 s/iter. ETA=1:01:27
[08/06 13:38:40 d2.evaluation.evaluator]: Inference done 13709/24904. Dataloading: 0.0029 s/iter. Inference: 0.2470 s/iter. Eval: 0.0790 s/iter. Total: 0.3289 s/iter. ETA=1:01:22
[08/06 13:38:45 d2.evaluation.evaluator]: Inference done 13724/24904. Dataloading: 0.0029 s/iter. Inference: 0.2470 s/iter. Eval: 0.0790 s/iter. Total: 0.3289 s/iter. ETA=1:01:17
[08/06 13:38:50 d2.evaluation.evaluator]: Inference done 13740/24904. Dataloading: 0.0029 s/iter. Inference: 0.2470 s/iter. Eval: 0.0790 s/iter. Total: 0.3289 s/iter. ETA=1:01:12
[08/06 13:38:55 d2.evaluation.evaluator]: Inference done 13756/24904. Dataloading: 0.0029 s/iter. Inference: 0.2470 s/iter. Eval: 0.0790 s/iter. Total: 0.3289 s/iter. ETA=1:01:06
[08/06 13:39:01 d2.evaluation.evaluator]: Inference done 13772/24904. Dataloading: 0.0029 s/iter. Inference: 0.2470 s/iter. Eval: 0.0790 s/iter. Total: 0.3289 s/iter. ETA=1:01:01
[08/06 13:39:06 d2.evaluation.evaluator]: Inference done 13788/24904. Dataloading: 0.0029 s/iter. Inference: 0.2470 s/iter. Eval: 0.0790 s/iter. Total: 0.3289 s/iter. ETA=1:00:56
[08/06 13:39:11 d2.evaluation.evaluator]: Inference done 13804/24904. Dataloading: 0.0029 s/iter. Inference: 0.2470 s/iter. Eval: 0.0790 s/iter. Total: 0.3289 s/iter. ETA=1:00:51
[08/06 13:39:16 d2.evaluation.evaluator]: Inference done 13820/24904. Dataloading: 0.0029 s/iter. Inference: 0.2470 s/iter. Eval: 0.0790 s/iter. Total: 0.3289 s/iter. ETA=1:00:45
[08/06 13:39:22 d2.evaluation.evaluator]: Inference done 13836/24904. Dataloading: 0.0029 s/iter. Inference: 0.2470 s/iter. Eval: 0.0790 s/iter. Total: 0.3289 s/iter. ETA=1:00:40
[08/06 13:39:27 d2.evaluation.evaluator]: Inference done 13852/24904. Dataloading: 0.0029 s/iter. Inference: 0.2470 s/iter. Eval: 0.0790 s/iter. Total: 0.3289 s/iter. ETA=1:00:35
[08/06 13:39:32 d2.evaluation.evaluator]: Inference done 13868/24904. Dataloading: 0.0029 s/iter. Inference: 0.2470 s/iter. Eval: 0.0790 s/iter. Total: 0.3289 s/iter. ETA=1:00:29
[08/06 13:39:37 d2.evaluation.evaluator]: Inference done 13884/24904. Dataloading: 0.0029 s/iter. Inference: 0.2470 s/iter. Eval: 0.0790 s/iter. Total: 0.3289 s/iter. ETA=1:00:24
[08/06 13:39:42 d2.evaluation.evaluator]: Inference done 13900/24904. Dataloading: 0.0029 s/iter. Inference: 0.2470 s/iter. Eval: 0.0790 s/iter. Total: 0.3289 s/iter. ETA=1:00:19
[08/06 13:39:48 d2.evaluation.evaluator]: Inference done 13916/24904. Dataloading: 0.0029 s/iter. Inference: 0.2470 s/iter. Eval: 0.0790 s/iter. Total: 0.3289 s/iter. ETA=1:00:14
[08/06 13:39:53 d2.evaluation.evaluator]: Inference done 13931/24904. Dataloading: 0.0029 s/iter. Inference: 0.2470 s/iter. Eval: 0.0790 s/iter. Total: 0.3289 s/iter. ETA=1:00:09
[08/06 13:39:58 d2.evaluation.evaluator]: Inference done 13947/24904. Dataloading: 0.0029 s/iter. Inference: 0.2470 s/iter. Eval: 0.0790 s/iter. Total: 0.3289 s/iter. ETA=1:00:03
[08/06 13:40:03 d2.evaluation.evaluator]: Inference done 13963/24904. Dataloading: 0.0029 s/iter. Inference: 0.2470 s/iter. Eval: 0.0790 s/iter. Total: 0.3289 s/iter. ETA=0:59:58
[08/06 13:40:08 d2.evaluation.evaluator]: Inference done 13979/24904. Dataloading: 0.0029 s/iter. Inference: 0.2470 s/iter. Eval: 0.0790 s/iter. Total: 0.3289 s/iter. ETA=0:59:53
[08/06 13:40:13 d2.evaluation.evaluator]: Inference done 13995/24904. Dataloading: 0.0029 s/iter. Inference: 0.2470 s/iter. Eval: 0.0789 s/iter. Total: 0.3289 s/iter. ETA=0:59:47
[08/06 13:40:18 d2.evaluation.evaluator]: Inference done 14011/24904. Dataloading: 0.0029 s/iter. Inference: 0.2470 s/iter. Eval: 0.0789 s/iter. Total: 0.3289 s/iter. ETA=0:59:42
[08/06 13:40:24 d2.evaluation.evaluator]: Inference done 14027/24904. Dataloading: 0.0029 s/iter. Inference: 0.2470 s/iter. Eval: 0.0789 s/iter. Total: 0.3289 s/iter. ETA=0:59:37
[08/06 13:40:29 d2.evaluation.evaluator]: Inference done 14043/24904. Dataloading: 0.0029 s/iter. Inference: 0.2470 s/iter. Eval: 0.0789 s/iter. Total: 0.3289 s/iter. ETA=0:59:31
[08/06 13:40:34 d2.evaluation.evaluator]: Inference done 14059/24904. Dataloading: 0.0029 s/iter. Inference: 0.2470 s/iter. Eval: 0.0789 s/iter. Total: 0.3289 s/iter. ETA=0:59:26
[08/06 13:40:39 d2.evaluation.evaluator]: Inference done 14075/24904. Dataloading: 0.0029 s/iter. Inference: 0.2470 s/iter. Eval: 0.0789 s/iter. Total: 0.3289 s/iter. ETA=0:59:21
[08/06 13:40:44 d2.evaluation.evaluator]: Inference done 14091/24904. Dataloading: 0.0029 s/iter. Inference: 0.2470 s/iter. Eval: 0.0789 s/iter. Total: 0.3288 s/iter. ETA=0:59:15
[08/06 13:40:49 d2.evaluation.evaluator]: Inference done 14107/24904. Dataloading: 0.0029 s/iter. Inference: 0.2470 s/iter. Eval: 0.0789 s/iter. Total: 0.3288 s/iter. ETA=0:59:10
[08/06 13:40:55 d2.evaluation.evaluator]: Inference done 14122/24904. Dataloading: 0.0029 s/iter. Inference: 0.2470 s/iter. Eval: 0.0789 s/iter. Total: 0.3288 s/iter. ETA=0:59:05
[08/06 13:41:00 d2.evaluation.evaluator]: Inference done 14139/24904. Dataloading: 0.0029 s/iter. Inference: 0.2470 s/iter. Eval: 0.0789 s/iter. Total: 0.3288 s/iter. ETA=0:58:59
[08/06 13:41:05 d2.evaluation.evaluator]: Inference done 14155/24904. Dataloading: 0.0029 s/iter. Inference: 0.2470 s/iter. Eval: 0.0789 s/iter. Total: 0.3288 s/iter. ETA=0:58:54
[08/06 13:41:10 d2.evaluation.evaluator]: Inference done 14171/24904. Dataloading: 0.0029 s/iter. Inference: 0.2470 s/iter. Eval: 0.0789 s/iter. Total: 0.3288 s/iter. ETA=0:58:48
[08/06 13:41:15 d2.evaluation.evaluator]: Inference done 14187/24904. Dataloading: 0.0029 s/iter. Inference: 0.2470 s/iter. Eval: 0.0789 s/iter. Total: 0.3288 s/iter. ETA=0:58:43
[08/06 13:41:21 d2.evaluation.evaluator]: Inference done 14203/24904. Dataloading: 0.0029 s/iter. Inference: 0.2470 s/iter. Eval: 0.0789 s/iter. Total: 0.3288 s/iter. ETA=0:58:38
[08/06 13:41:26 d2.evaluation.evaluator]: Inference done 14217/24904. Dataloading: 0.0029 s/iter. Inference: 0.2470 s/iter. Eval: 0.0789 s/iter. Total: 0.3288 s/iter. ETA=0:58:33
[08/06 13:41:31 d2.evaluation.evaluator]: Inference done 14232/24904. Dataloading: 0.0029 s/iter. Inference: 0.2470 s/iter. Eval: 0.0789 s/iter. Total: 0.3288 s/iter. ETA=0:58:28
[08/06 13:41:36 d2.evaluation.evaluator]: Inference done 14248/24904. Dataloading: 0.0029 s/iter. Inference: 0.2470 s/iter. Eval: 0.0789 s/iter. Total: 0.3288 s/iter. ETA=0:58:23
[08/06 13:41:41 d2.evaluation.evaluator]: Inference done 14263/24904. Dataloading: 0.0029 s/iter. Inference: 0.2470 s/iter. Eval: 0.0789 s/iter. Total: 0.3288 s/iter. ETA=0:58:18
[08/06 13:41:47 d2.evaluation.evaluator]: Inference done 14279/24904. Dataloading: 0.0029 s/iter. Inference: 0.2470 s/iter. Eval: 0.0789 s/iter. Total: 0.3288 s/iter. ETA=0:58:13
[08/06 13:41:52 d2.evaluation.evaluator]: Inference done 14295/24904. Dataloading: 0.0029 s/iter. Inference: 0.2470 s/iter. Eval: 0.0789 s/iter. Total: 0.3288 s/iter. ETA=0:58:08
[08/06 13:41:57 d2.evaluation.evaluator]: Inference done 14311/24904. Dataloading: 0.0029 s/iter. Inference: 0.2470 s/iter. Eval: 0.0789 s/iter. Total: 0.3288 s/iter. ETA=0:58:03
[08/06 13:42:02 d2.evaluation.evaluator]: Inference done 14327/24904. Dataloading: 0.0029 s/iter. Inference: 0.2470 s/iter. Eval: 0.0789 s/iter. Total: 0.3288 s/iter. ETA=0:57:57
[08/06 13:42:07 d2.evaluation.evaluator]: Inference done 14344/24904. Dataloading: 0.0029 s/iter. Inference: 0.2469 s/iter. Eval: 0.0789 s/iter. Total: 0.3288 s/iter. ETA=0:57:51
[08/06 13:42:12 d2.evaluation.evaluator]: Inference done 14359/24904. Dataloading: 0.0029 s/iter. Inference: 0.2469 s/iter. Eval: 0.0789 s/iter. Total: 0.3288 s/iter. ETA=0:57:46
[08/06 13:42:18 d2.evaluation.evaluator]: Inference done 14375/24904. Dataloading: 0.0029 s/iter. Inference: 0.2469 s/iter. Eval: 0.0789 s/iter. Total: 0.3288 s/iter. ETA=0:57:41
[08/06 13:42:23 d2.evaluation.evaluator]: Inference done 14390/24904. Dataloading: 0.0029 s/iter. Inference: 0.2469 s/iter. Eval: 0.0789 s/iter. Total: 0.3288 s/iter. ETA=0:57:36
[08/06 13:42:28 d2.evaluation.evaluator]: Inference done 14406/24904. Dataloading: 0.0029 s/iter. Inference: 0.2469 s/iter. Eval: 0.0789 s/iter. Total: 0.3288 s/iter. ETA=0:57:31
[08/06 13:42:33 d2.evaluation.evaluator]: Inference done 14422/24904. Dataloading: 0.0029 s/iter. Inference: 0.2469 s/iter. Eval: 0.0789 s/iter. Total: 0.3288 s/iter. ETA=0:57:26
[08/06 13:42:39 d2.evaluation.evaluator]: Inference done 14438/24904. Dataloading: 0.0029 s/iter. Inference: 0.2469 s/iter. Eval: 0.0789 s/iter. Total: 0.3288 s/iter. ETA=0:57:21
[08/06 13:42:44 d2.evaluation.evaluator]: Inference done 14454/24904. Dataloading: 0.0029 s/iter. Inference: 0.2469 s/iter. Eval: 0.0789 s/iter. Total: 0.3288 s/iter. ETA=0:57:15
[08/06 13:42:49 d2.evaluation.evaluator]: Inference done 14470/24904. Dataloading: 0.0029 s/iter. Inference: 0.2469 s/iter. Eval: 0.0789 s/iter. Total: 0.3288 s/iter. ETA=0:57:10
[08/06 13:42:54 d2.evaluation.evaluator]: Inference done 14486/24904. Dataloading: 0.0029 s/iter. Inference: 0.2469 s/iter. Eval: 0.0789 s/iter. Total: 0.3288 s/iter. ETA=0:57:05
[08/06 13:43:00 d2.evaluation.evaluator]: Inference done 14502/24904. Dataloading: 0.0029 s/iter. Inference: 0.2469 s/iter. Eval: 0.0789 s/iter. Total: 0.3288 s/iter. ETA=0:57:00
[08/06 13:43:05 d2.evaluation.evaluator]: Inference done 14517/24904. Dataloading: 0.0029 s/iter. Inference: 0.2470 s/iter. Eval: 0.0789 s/iter. Total: 0.3288 s/iter. ETA=0:56:55
[08/06 13:43:10 d2.evaluation.evaluator]: Inference done 14532/24904. Dataloading: 0.0029 s/iter. Inference: 0.2470 s/iter. Eval: 0.0789 s/iter. Total: 0.3288 s/iter. ETA=0:56:50
[08/06 13:43:15 d2.evaluation.evaluator]: Inference done 14548/24904. Dataloading: 0.0029 s/iter. Inference: 0.2470 s/iter. Eval: 0.0789 s/iter. Total: 0.3288 s/iter. ETA=0:56:45
[08/06 13:43:20 d2.evaluation.evaluator]: Inference done 14564/24904. Dataloading: 0.0029 s/iter. Inference: 0.2470 s/iter. Eval: 0.0789 s/iter. Total: 0.3288 s/iter. ETA=0:56:39
[08/06 13:43:25 d2.evaluation.evaluator]: Inference done 14580/24904. Dataloading: 0.0029 s/iter. Inference: 0.2469 s/iter. Eval: 0.0789 s/iter. Total: 0.3288 s/iter. ETA=0:56:34
[08/06 13:43:31 d2.evaluation.evaluator]: Inference done 14596/24904. Dataloading: 0.0029 s/iter. Inference: 0.2469 s/iter. Eval: 0.0789 s/iter. Total: 0.3288 s/iter. ETA=0:56:29
[08/06 13:43:36 d2.evaluation.evaluator]: Inference done 14610/24904. Dataloading: 0.0029 s/iter. Inference: 0.2469 s/iter. Eval: 0.0789 s/iter. Total: 0.3288 s/iter. ETA=0:56:24
[08/06 13:43:41 d2.evaluation.evaluator]: Inference done 14626/24904. Dataloading: 0.0029 s/iter. Inference: 0.2469 s/iter. Eval: 0.0789 s/iter. Total: 0.3288 s/iter. ETA=0:56:19
[08/06 13:43:46 d2.evaluation.evaluator]: Inference done 14642/24904. Dataloading: 0.0029 s/iter. Inference: 0.2469 s/iter. Eval: 0.0789 s/iter. Total: 0.3288 s/iter. ETA=0:56:13
[08/06 13:43:51 d2.evaluation.evaluator]: Inference done 14658/24904. Dataloading: 0.0029 s/iter. Inference: 0.2469 s/iter. Eval: 0.0789 s/iter. Total: 0.3288 s/iter. ETA=0:56:08
[08/06 13:43:56 d2.evaluation.evaluator]: Inference done 14674/24904. Dataloading: 0.0029 s/iter. Inference: 0.2469 s/iter. Eval: 0.0789 s/iter. Total: 0.3288 s/iter. ETA=0:56:03
[08/06 13:44:02 d2.evaluation.evaluator]: Inference done 14690/24904. Dataloading: 0.0029 s/iter. Inference: 0.2469 s/iter. Eval: 0.0789 s/iter. Total: 0.3288 s/iter. ETA=0:55:58
[08/06 13:44:07 d2.evaluation.evaluator]: Inference done 14706/24904. Dataloading: 0.0029 s/iter. Inference: 0.2469 s/iter. Eval: 0.0789 s/iter. Total: 0.3288 s/iter. ETA=0:55:52
[08/06 13:44:13 d2.evaluation.evaluator]: Inference done 14722/24904. Dataloading: 0.0029 s/iter. Inference: 0.2469 s/iter. Eval: 0.0789 s/iter. Total: 0.3288 s/iter. ETA=0:55:47
[08/06 13:44:18 d2.evaluation.evaluator]: Inference done 14738/24904. Dataloading: 0.0029 s/iter. Inference: 0.2469 s/iter. Eval: 0.0789 s/iter. Total: 0.3288 s/iter. ETA=0:55:42
[08/06 13:44:23 d2.evaluation.evaluator]: Inference done 14754/24904. Dataloading: 0.0029 s/iter. Inference: 0.2469 s/iter. Eval: 0.0789 s/iter. Total: 0.3288 s/iter. ETA=0:55:36
[08/06 13:44:28 d2.evaluation.evaluator]: Inference done 14770/24904. Dataloading: 0.0029 s/iter. Inference: 0.2469 s/iter. Eval: 0.0789 s/iter. Total: 0.3287 s/iter. ETA=0:55:31
[08/06 13:44:33 d2.evaluation.evaluator]: Inference done 14786/24904. Dataloading: 0.0029 s/iter. Inference: 0.2469 s/iter. Eval: 0.0789 s/iter. Total: 0.3287 s/iter. ETA=0:55:26
[08/06 13:44:39 d2.evaluation.evaluator]: Inference done 14802/24904. Dataloading: 0.0029 s/iter. Inference: 0.2469 s/iter. Eval: 0.0789 s/iter. Total: 0.3287 s/iter. ETA=0:55:20
[08/06 13:44:44 d2.evaluation.evaluator]: Inference done 14817/24904. Dataloading: 0.0029 s/iter. Inference: 0.2469 s/iter. Eval: 0.0789 s/iter. Total: 0.3287 s/iter. ETA=0:55:15
[08/06 13:44:49 d2.evaluation.evaluator]: Inference done 14833/24904. Dataloading: 0.0029 s/iter. Inference: 0.2469 s/iter. Eval: 0.0789 s/iter. Total: 0.3287 s/iter. ETA=0:55:10
[08/06 13:44:54 d2.evaluation.evaluator]: Inference done 14849/24904. Dataloading: 0.0029 s/iter. Inference: 0.2469 s/iter. Eval: 0.0789 s/iter. Total: 0.3287 s/iter. ETA=0:55:05
[08/06 13:44:59 d2.evaluation.evaluator]: Inference done 14865/24904. Dataloading: 0.0029 s/iter. Inference: 0.2469 s/iter. Eval: 0.0789 s/iter. Total: 0.3287 s/iter. ETA=0:55:00
[08/06 13:45:05 d2.evaluation.evaluator]: Inference done 14881/24904. Dataloading: 0.0029 s/iter. Inference: 0.2469 s/iter. Eval: 0.0789 s/iter. Total: 0.3287 s/iter. ETA=0:54:54
[08/06 13:45:10 d2.evaluation.evaluator]: Inference done 14897/24904. Dataloading: 0.0029 s/iter. Inference: 0.2469 s/iter. Eval: 0.0789 s/iter. Total: 0.3287 s/iter. ETA=0:54:49
[08/06 13:45:15 d2.evaluation.evaluator]: Inference done 14911/24904. Dataloading: 0.0029 s/iter. Inference: 0.2469 s/iter. Eval: 0.0789 s/iter. Total: 0.3287 s/iter. ETA=0:54:44
[08/06 13:45:20 d2.evaluation.evaluator]: Inference done 14927/24904. Dataloading: 0.0029 s/iter. Inference: 0.2469 s/iter. Eval: 0.0789 s/iter. Total: 0.3287 s/iter. ETA=0:54:39
[08/06 13:45:26 d2.evaluation.evaluator]: Inference done 14943/24904. Dataloading: 0.0029 s/iter. Inference: 0.2469 s/iter. Eval: 0.0789 s/iter. Total: 0.3287 s/iter. ETA=0:54:34
[08/06 13:45:31 d2.evaluation.evaluator]: Inference done 14959/24904. Dataloading: 0.0029 s/iter. Inference: 0.2469 s/iter. Eval: 0.0789 s/iter. Total: 0.3287 s/iter. ETA=0:54:29
[08/06 13:45:36 d2.evaluation.evaluator]: Inference done 14975/24904. Dataloading: 0.0029 s/iter. Inference: 0.2469 s/iter. Eval: 0.0789 s/iter. Total: 0.3287 s/iter. ETA=0:54:23
[08/06 13:45:41 d2.evaluation.evaluator]: Inference done 14991/24904. Dataloading: 0.0029 s/iter. Inference: 0.2469 s/iter. Eval: 0.0789 s/iter. Total: 0.3287 s/iter. ETA=0:54:18
[08/06 13:45:46 d2.evaluation.evaluator]: Inference done 15007/24904. Dataloading: 0.0029 s/iter. Inference: 0.2469 s/iter. Eval: 0.0789 s/iter. Total: 0.3287 s/iter. ETA=0:54:13
[08/06 13:45:52 d2.evaluation.evaluator]: Inference done 15021/24904. Dataloading: 0.0029 s/iter. Inference: 0.2469 s/iter. Eval: 0.0789 s/iter. Total: 0.3287 s/iter. ETA=0:54:08
[08/06 13:45:57 d2.evaluation.evaluator]: Inference done 15037/24904. Dataloading: 0.0029 s/iter. Inference: 0.2469 s/iter. Eval: 0.0789 s/iter. Total: 0.3287 s/iter. ETA=0:54:03
[08/06 13:46:02 d2.evaluation.evaluator]: Inference done 15053/24904. Dataloading: 0.0029 s/iter. Inference: 0.2469 s/iter. Eval: 0.0789 s/iter. Total: 0.3287 s/iter. ETA=0:53:58
[08/06 13:46:07 d2.evaluation.evaluator]: Inference done 15069/24904. Dataloading: 0.0029 s/iter. Inference: 0.2469 s/iter. Eval: 0.0789 s/iter. Total: 0.3287 s/iter. ETA=0:53:52
[08/06 13:46:12 d2.evaluation.evaluator]: Inference done 15085/24904. Dataloading: 0.0029 s/iter. Inference: 0.2469 s/iter. Eval: 0.0789 s/iter. Total: 0.3287 s/iter. ETA=0:53:47
[08/06 13:46:18 d2.evaluation.evaluator]: Inference done 15101/24904. Dataloading: 0.0029 s/iter. Inference: 0.2469 s/iter. Eval: 0.0789 s/iter. Total: 0.3287 s/iter. ETA=0:53:42
[08/06 13:46:23 d2.evaluation.evaluator]: Inference done 15115/24904. Dataloading: 0.0029 s/iter. Inference: 0.2469 s/iter. Eval: 0.0789 s/iter. Total: 0.3287 s/iter. ETA=0:53:37
[08/06 13:46:28 d2.evaluation.evaluator]: Inference done 15131/24904. Dataloading: 0.0029 s/iter. Inference: 0.2469 s/iter. Eval: 0.0789 s/iter. Total: 0.3287 s/iter. ETA=0:53:32
[08/06 13:46:33 d2.evaluation.evaluator]: Inference done 15147/24904. Dataloading: 0.0029 s/iter. Inference: 0.2468 s/iter. Eval: 0.0789 s/iter. Total: 0.3287 s/iter. ETA=0:53:27
[08/06 13:46:38 d2.evaluation.evaluator]: Inference done 15163/24904. Dataloading: 0.0029 s/iter. Inference: 0.2468 s/iter. Eval: 0.0789 s/iter. Total: 0.3287 s/iter. ETA=0:53:21
[08/06 13:46:43 d2.evaluation.evaluator]: Inference done 15179/24904. Dataloading: 0.0029 s/iter. Inference: 0.2468 s/iter. Eval: 0.0789 s/iter. Total: 0.3287 s/iter. ETA=0:53:16
[08/06 13:46:49 d2.evaluation.evaluator]: Inference done 15195/24904. Dataloading: 0.0029 s/iter. Inference: 0.2468 s/iter. Eval: 0.0789 s/iter. Total: 0.3287 s/iter. ETA=0:53:11
[08/06 13:46:54 d2.evaluation.evaluator]: Inference done 15209/24904. Dataloading: 0.0029 s/iter. Inference: 0.2468 s/iter. Eval: 0.0789 s/iter. Total: 0.3287 s/iter. ETA=0:53:06
[08/06 13:46:59 d2.evaluation.evaluator]: Inference done 15225/24904. Dataloading: 0.0029 s/iter. Inference: 0.2468 s/iter. Eval: 0.0789 s/iter. Total: 0.3287 s/iter. ETA=0:53:01
[08/06 13:47:04 d2.evaluation.evaluator]: Inference done 15241/24904. Dataloading: 0.0029 s/iter. Inference: 0.2468 s/iter. Eval: 0.0789 s/iter. Total: 0.3287 s/iter. ETA=0:52:55
[08/06 13:47:09 d2.evaluation.evaluator]: Inference done 15257/24904. Dataloading: 0.0029 s/iter. Inference: 0.2468 s/iter. Eval: 0.0789 s/iter. Total: 0.3287 s/iter. ETA=0:52:50
[08/06 13:47:14 d2.evaluation.evaluator]: Inference done 15273/24904. Dataloading: 0.0029 s/iter. Inference: 0.2468 s/iter. Eval: 0.0789 s/iter. Total: 0.3287 s/iter. ETA=0:52:45
[08/06 13:47:20 d2.evaluation.evaluator]: Inference done 15289/24904. Dataloading: 0.0029 s/iter. Inference: 0.2468 s/iter. Eval: 0.0789 s/iter. Total: 0.3287 s/iter. ETA=0:52:40
[08/06 13:47:25 d2.evaluation.evaluator]: Inference done 15305/24904. Dataloading: 0.0029 s/iter. Inference: 0.2468 s/iter. Eval: 0.0789 s/iter. Total: 0.3287 s/iter. ETA=0:52:34
[08/06 13:47:30 d2.evaluation.evaluator]: Inference done 15319/24904. Dataloading: 0.0029 s/iter. Inference: 0.2468 s/iter. Eval: 0.0789 s/iter. Total: 0.3287 s/iter. ETA=0:52:30
[08/06 13:47:35 d2.evaluation.evaluator]: Inference done 15335/24904. Dataloading: 0.0029 s/iter. Inference: 0.2468 s/iter. Eval: 0.0789 s/iter. Total: 0.3286 s/iter. ETA=0:52:24
[08/06 13:47:40 d2.evaluation.evaluator]: Inference done 15351/24904. Dataloading: 0.0029 s/iter. Inference: 0.2468 s/iter. Eval: 0.0789 s/iter. Total: 0.3286 s/iter. ETA=0:52:19
[08/06 13:47:45 d2.evaluation.evaluator]: Inference done 15367/24904. Dataloading: 0.0029 s/iter. Inference: 0.2468 s/iter. Eval: 0.0789 s/iter. Total: 0.3286 s/iter. ETA=0:52:14
[08/06 13:47:51 d2.evaluation.evaluator]: Inference done 15383/24904. Dataloading: 0.0029 s/iter. Inference: 0.2468 s/iter. Eval: 0.0789 s/iter. Total: 0.3286 s/iter. ETA=0:52:08
[08/06 13:47:56 d2.evaluation.evaluator]: Inference done 15399/24904. Dataloading: 0.0029 s/iter. Inference: 0.2468 s/iter. Eval: 0.0789 s/iter. Total: 0.3286 s/iter. ETA=0:52:03
[08/06 13:48:01 d2.evaluation.evaluator]: Inference done 15415/24904. Dataloading: 0.0029 s/iter. Inference: 0.2468 s/iter. Eval: 0.0789 s/iter. Total: 0.3286 s/iter. ETA=0:51:58
[08/06 13:48:06 d2.evaluation.evaluator]: Inference done 15431/24904. Dataloading: 0.0029 s/iter. Inference: 0.2468 s/iter. Eval: 0.0789 s/iter. Total: 0.3286 s/iter. ETA=0:51:52
[08/06 13:48:11 d2.evaluation.evaluator]: Inference done 15447/24904. Dataloading: 0.0029 s/iter. Inference: 0.2468 s/iter. Eval: 0.0789 s/iter. Total: 0.3286 s/iter. ETA=0:51:47
[08/06 13:48:17 d2.evaluation.evaluator]: Inference done 15463/24904. Dataloading: 0.0029 s/iter. Inference: 0.2468 s/iter. Eval: 0.0789 s/iter. Total: 0.3286 s/iter. ETA=0:51:42
[08/06 13:48:22 d2.evaluation.evaluator]: Inference done 15479/24904. Dataloading: 0.0029 s/iter. Inference: 0.2468 s/iter. Eval: 0.0789 s/iter. Total: 0.3286 s/iter. ETA=0:51:37
[08/06 13:48:27 d2.evaluation.evaluator]: Inference done 15494/24904. Dataloading: 0.0029 s/iter. Inference: 0.2468 s/iter. Eval: 0.0789 s/iter. Total: 0.3286 s/iter. ETA=0:51:32
[08/06 13:48:32 d2.evaluation.evaluator]: Inference done 15510/24904. Dataloading: 0.0029 s/iter. Inference: 0.2468 s/iter. Eval: 0.0789 s/iter. Total: 0.3286 s/iter. ETA=0:51:27
[08/06 13:48:38 d2.evaluation.evaluator]: Inference done 15526/24904. Dataloading: 0.0029 s/iter. Inference: 0.2468 s/iter. Eval: 0.0789 s/iter. Total: 0.3286 s/iter. ETA=0:51:21
[08/06 13:48:43 d2.evaluation.evaluator]: Inference done 15542/24904. Dataloading: 0.0029 s/iter. Inference: 0.2468 s/iter. Eval: 0.0789 s/iter. Total: 0.3286 s/iter. ETA=0:51:16
[08/06 13:48:48 d2.evaluation.evaluator]: Inference done 15558/24904. Dataloading: 0.0029 s/iter. Inference: 0.2468 s/iter. Eval: 0.0789 s/iter. Total: 0.3286 s/iter. ETA=0:51:11
[08/06 13:48:53 d2.evaluation.evaluator]: Inference done 15574/24904. Dataloading: 0.0029 s/iter. Inference: 0.2468 s/iter. Eval: 0.0789 s/iter. Total: 0.3286 s/iter. ETA=0:51:06
[08/06 13:48:59 d2.evaluation.evaluator]: Inference done 15590/24904. Dataloading: 0.0029 s/iter. Inference: 0.2468 s/iter. Eval: 0.0789 s/iter. Total: 0.3286 s/iter. ETA=0:51:00
[08/06 13:49:04 d2.evaluation.evaluator]: Inference done 15606/24904. Dataloading: 0.0029 s/iter. Inference: 0.2468 s/iter. Eval: 0.0789 s/iter. Total: 0.3286 s/iter. ETA=0:50:55
[08/06 13:49:09 d2.evaluation.evaluator]: Inference done 15621/24904. Dataloading: 0.0029 s/iter. Inference: 0.2468 s/iter. Eval: 0.0789 s/iter. Total: 0.3286 s/iter. ETA=0:50:50
[08/06 13:49:14 d2.evaluation.evaluator]: Inference done 15636/24904. Dataloading: 0.0029 s/iter. Inference: 0.2468 s/iter. Eval: 0.0789 s/iter. Total: 0.3286 s/iter. ETA=0:50:45
[08/06 13:49:19 d2.evaluation.evaluator]: Inference done 15652/24904. Dataloading: 0.0029 s/iter. Inference: 0.2468 s/iter. Eval: 0.0789 s/iter. Total: 0.3286 s/iter. ETA=0:50:40
[08/06 13:49:24 d2.evaluation.evaluator]: Inference done 15667/24904. Dataloading: 0.0029 s/iter. Inference: 0.2468 s/iter. Eval: 0.0789 s/iter. Total: 0.3286 s/iter. ETA=0:50:35
[08/06 13:49:29 d2.evaluation.evaluator]: Inference done 15683/24904. Dataloading: 0.0029 s/iter. Inference: 0.2468 s/iter. Eval: 0.0789 s/iter. Total: 0.3286 s/iter. ETA=0:50:30
[08/06 13:49:35 d2.evaluation.evaluator]: Inference done 15699/24904. Dataloading: 0.0029 s/iter. Inference: 0.2468 s/iter. Eval: 0.0789 s/iter. Total: 0.3286 s/iter. ETA=0:50:25
[08/06 13:49:40 d2.evaluation.evaluator]: Inference done 15715/24904. Dataloading: 0.0029 s/iter. Inference: 0.2468 s/iter. Eval: 0.0789 s/iter. Total: 0.3286 s/iter. ETA=0:50:19
[08/06 13:49:45 d2.evaluation.evaluator]: Inference done 15730/24904. Dataloading: 0.0029 s/iter. Inference: 0.2468 s/iter. Eval: 0.0789 s/iter. Total: 0.3286 s/iter. ETA=0:50:14
[08/06 13:49:50 d2.evaluation.evaluator]: Inference done 15746/24904. Dataloading: 0.0029 s/iter. Inference: 0.2468 s/iter. Eval: 0.0789 s/iter. Total: 0.3286 s/iter. ETA=0:50:09
[08/06 13:49:55 d2.evaluation.evaluator]: Inference done 15762/24904. Dataloading: 0.0029 s/iter. Inference: 0.2468 s/iter. Eval: 0.0789 s/iter. Total: 0.3286 s/iter. ETA=0:50:04
[08/06 13:50:01 d2.evaluation.evaluator]: Inference done 15778/24904. Dataloading: 0.0029 s/iter. Inference: 0.2468 s/iter. Eval: 0.0789 s/iter. Total: 0.3286 s/iter. ETA=0:49:59
[08/06 13:50:06 d2.evaluation.evaluator]: Inference done 15794/24904. Dataloading: 0.0029 s/iter. Inference: 0.2468 s/iter. Eval: 0.0789 s/iter. Total: 0.3286 s/iter. ETA=0:49:53
[08/06 13:50:11 d2.evaluation.evaluator]: Inference done 15809/24904. Dataloading: 0.0029 s/iter. Inference: 0.2468 s/iter. Eval: 0.0789 s/iter. Total: 0.3286 s/iter. ETA=0:49:48
[08/06 13:50:16 d2.evaluation.evaluator]: Inference done 15825/24904. Dataloading: 0.0029 s/iter. Inference: 0.2468 s/iter. Eval: 0.0789 s/iter. Total: 0.3286 s/iter. ETA=0:49:43
[08/06 13:50:21 d2.evaluation.evaluator]: Inference done 15841/24904. Dataloading: 0.0029 s/iter. Inference: 0.2468 s/iter. Eval: 0.0789 s/iter. Total: 0.3286 s/iter. ETA=0:49:38
[08/06 13:50:27 d2.evaluation.evaluator]: Inference done 15857/24904. Dataloading: 0.0029 s/iter. Inference: 0.2468 s/iter. Eval: 0.0789 s/iter. Total: 0.3286 s/iter. ETA=0:49:33
[08/06 13:50:32 d2.evaluation.evaluator]: Inference done 15873/24904. Dataloading: 0.0029 s/iter. Inference: 0.2468 s/iter. Eval: 0.0789 s/iter. Total: 0.3286 s/iter. ETA=0:49:27
[08/06 13:50:37 d2.evaluation.evaluator]: Inference done 15889/24904. Dataloading: 0.0029 s/iter. Inference: 0.2468 s/iter. Eval: 0.0789 s/iter. Total: 0.3286 s/iter. ETA=0:49:22
[08/06 13:50:42 d2.evaluation.evaluator]: Inference done 15905/24904. Dataloading: 0.0029 s/iter. Inference: 0.2468 s/iter. Eval: 0.0789 s/iter. Total: 0.3286 s/iter. ETA=0:49:17
[08/06 13:50:48 d2.evaluation.evaluator]: Inference done 15921/24904. Dataloading: 0.0029 s/iter. Inference: 0.2468 s/iter. Eval: 0.0789 s/iter. Total: 0.3286 s/iter. ETA=0:49:11
[08/06 13:50:53 d2.evaluation.evaluator]: Inference done 15937/24904. Dataloading: 0.0029 s/iter. Inference: 0.2468 s/iter. Eval: 0.0789 s/iter. Total: 0.3286 s/iter. ETA=0:49:06
[08/06 13:50:58 d2.evaluation.evaluator]: Inference done 15953/24904. Dataloading: 0.0029 s/iter. Inference: 0.2468 s/iter. Eval: 0.0788 s/iter. Total: 0.3286 s/iter. ETA=0:49:01
[08/06 13:51:03 d2.evaluation.evaluator]: Inference done 15969/24904. Dataloading: 0.0029 s/iter. Inference: 0.2468 s/iter. Eval: 0.0788 s/iter. Total: 0.3286 s/iter. ETA=0:48:56
[08/06 13:51:08 d2.evaluation.evaluator]: Inference done 15985/24904. Dataloading: 0.0029 s/iter. Inference: 0.2468 s/iter. Eval: 0.0788 s/iter. Total: 0.3286 s/iter. ETA=0:48:50
[08/06 13:51:14 d2.evaluation.evaluator]: Inference done 16001/24904. Dataloading: 0.0029 s/iter. Inference: 0.2468 s/iter. Eval: 0.0788 s/iter. Total: 0.3286 s/iter. ETA=0:48:45
[08/06 13:51:19 d2.evaluation.evaluator]: Inference done 16016/24904. Dataloading: 0.0029 s/iter. Inference: 0.2468 s/iter. Eval: 0.0789 s/iter. Total: 0.3286 s/iter. ETA=0:48:40
[08/06 13:51:24 d2.evaluation.evaluator]: Inference done 16031/24904. Dataloading: 0.0029 s/iter. Inference: 0.2468 s/iter. Eval: 0.0789 s/iter. Total: 0.3286 s/iter. ETA=0:48:35
[08/06 13:51:29 d2.evaluation.evaluator]: Inference done 16047/24904. Dataloading: 0.0029 s/iter. Inference: 0.2468 s/iter. Eval: 0.0789 s/iter. Total: 0.3286 s/iter. ETA=0:48:30
[08/06 13:51:34 d2.evaluation.evaluator]: Inference done 16063/24904. Dataloading: 0.0029 s/iter. Inference: 0.2468 s/iter. Eval: 0.0789 s/iter. Total: 0.3286 s/iter. ETA=0:48:25
[08/06 13:51:40 d2.evaluation.evaluator]: Inference done 16079/24904. Dataloading: 0.0029 s/iter. Inference: 0.2468 s/iter. Eval: 0.0788 s/iter. Total: 0.3286 s/iter. ETA=0:48:20
[08/06 13:51:45 d2.evaluation.evaluator]: Inference done 16095/24904. Dataloading: 0.0029 s/iter. Inference: 0.2468 s/iter. Eval: 0.0789 s/iter. Total: 0.3286 s/iter. ETA=0:48:14
[08/06 13:51:50 d2.evaluation.evaluator]: Inference done 16110/24904. Dataloading: 0.0029 s/iter. Inference: 0.2468 s/iter. Eval: 0.0788 s/iter. Total: 0.3286 s/iter. ETA=0:48:09
[08/06 13:51:55 d2.evaluation.evaluator]: Inference done 16125/24904. Dataloading: 0.0029 s/iter. Inference: 0.2468 s/iter. Eval: 0.0789 s/iter. Total: 0.3286 s/iter. ETA=0:48:04
[08/06 13:52:00 d2.evaluation.evaluator]: Inference done 16141/24904. Dataloading: 0.0029 s/iter. Inference: 0.2468 s/iter. Eval: 0.0789 s/iter. Total: 0.3286 s/iter. ETA=0:47:59
[08/06 13:52:06 d2.evaluation.evaluator]: Inference done 16157/24904. Dataloading: 0.0029 s/iter. Inference: 0.2468 s/iter. Eval: 0.0788 s/iter. Total: 0.3286 s/iter. ETA=0:47:54
[08/06 13:52:11 d2.evaluation.evaluator]: Inference done 16172/24904. Dataloading: 0.0029 s/iter. Inference: 0.2468 s/iter. Eval: 0.0789 s/iter. Total: 0.3286 s/iter. ETA=0:47:49
[08/06 13:52:16 d2.evaluation.evaluator]: Inference done 16187/24904. Dataloading: 0.0029 s/iter. Inference: 0.2468 s/iter. Eval: 0.0789 s/iter. Total: 0.3286 s/iter. ETA=0:47:44
[08/06 13:52:21 d2.evaluation.evaluator]: Inference done 16203/24904. Dataloading: 0.0029 s/iter. Inference: 0.2468 s/iter. Eval: 0.0789 s/iter. Total: 0.3286 s/iter. ETA=0:47:39
[08/06 13:52:26 d2.evaluation.evaluator]: Inference done 16218/24904. Dataloading: 0.0029 s/iter. Inference: 0.2468 s/iter. Eval: 0.0789 s/iter. Total: 0.3287 s/iter. ETA=0:47:34
[08/06 13:52:31 d2.evaluation.evaluator]: Inference done 16233/24904. Dataloading: 0.0029 s/iter. Inference: 0.2468 s/iter. Eval: 0.0789 s/iter. Total: 0.3287 s/iter. ETA=0:47:29
[08/06 13:52:36 d2.evaluation.evaluator]: Inference done 16248/24904. Dataloading: 0.0029 s/iter. Inference: 0.2468 s/iter. Eval: 0.0789 s/iter. Total: 0.3287 s/iter. ETA=0:47:24
[08/06 13:52:41 d2.evaluation.evaluator]: Inference done 16263/24904. Dataloading: 0.0029 s/iter. Inference: 0.2468 s/iter. Eval: 0.0789 s/iter. Total: 0.3287 s/iter. ETA=0:47:20
[08/06 13:52:46 d2.evaluation.evaluator]: Inference done 16278/24904. Dataloading: 0.0029 s/iter. Inference: 0.2468 s/iter. Eval: 0.0789 s/iter. Total: 0.3287 s/iter. ETA=0:47:15
[08/06 13:52:52 d2.evaluation.evaluator]: Inference done 16294/24904. Dataloading: 0.0029 s/iter. Inference: 0.2468 s/iter. Eval: 0.0789 s/iter. Total: 0.3287 s/iter. ETA=0:47:09
[08/06 13:52:57 d2.evaluation.evaluator]: Inference done 16309/24904. Dataloading: 0.0029 s/iter. Inference: 0.2469 s/iter. Eval: 0.0789 s/iter. Total: 0.3287 s/iter. ETA=0:47:05
[08/06 13:53:02 d2.evaluation.evaluator]: Inference done 16324/24904. Dataloading: 0.0029 s/iter. Inference: 0.2469 s/iter. Eval: 0.0789 s/iter. Total: 0.3287 s/iter. ETA=0:47:00
[08/06 13:53:07 d2.evaluation.evaluator]: Inference done 16340/24904. Dataloading: 0.0029 s/iter. Inference: 0.2469 s/iter. Eval: 0.0789 s/iter. Total: 0.3287 s/iter. ETA=0:46:55
[08/06 13:53:13 d2.evaluation.evaluator]: Inference done 16356/24904. Dataloading: 0.0029 s/iter. Inference: 0.2469 s/iter. Eval: 0.0789 s/iter. Total: 0.3287 s/iter. ETA=0:46:49
[08/06 13:53:18 d2.evaluation.evaluator]: Inference done 16372/24904. Dataloading: 0.0029 s/iter. Inference: 0.2469 s/iter. Eval: 0.0789 s/iter. Total: 0.3287 s/iter. ETA=0:46:44
[08/06 13:53:23 d2.evaluation.evaluator]: Inference done 16388/24904. Dataloading: 0.0029 s/iter. Inference: 0.2469 s/iter. Eval: 0.0789 s/iter. Total: 0.3287 s/iter. ETA=0:46:39
[08/06 13:53:28 d2.evaluation.evaluator]: Inference done 16402/24904. Dataloading: 0.0029 s/iter. Inference: 0.2469 s/iter. Eval: 0.0789 s/iter. Total: 0.3287 s/iter. ETA=0:46:34
[08/06 13:53:34 d2.evaluation.evaluator]: Inference done 16418/24904. Dataloading: 0.0029 s/iter. Inference: 0.2469 s/iter. Eval: 0.0789 s/iter. Total: 0.3287 s/iter. ETA=0:46:29
[08/06 13:53:39 d2.evaluation.evaluator]: Inference done 16435/24904. Dataloading: 0.0029 s/iter. Inference: 0.2468 s/iter. Eval: 0.0789 s/iter. Total: 0.3287 s/iter. ETA=0:46:23
[08/06 13:53:44 d2.evaluation.evaluator]: Inference done 16451/24904. Dataloading: 0.0029 s/iter. Inference: 0.2468 s/iter. Eval: 0.0789 s/iter. Total: 0.3287 s/iter. ETA=0:46:18
[08/06 13:53:49 d2.evaluation.evaluator]: Inference done 16467/24904. Dataloading: 0.0029 s/iter. Inference: 0.2468 s/iter. Eval: 0.0789 s/iter. Total: 0.3287 s/iter. ETA=0:46:13
[08/06 13:53:55 d2.evaluation.evaluator]: Inference done 16483/24904. Dataloading: 0.0029 s/iter. Inference: 0.2468 s/iter. Eval: 0.0789 s/iter. Total: 0.3287 s/iter. ETA=0:46:07
[08/06 13:54:00 d2.evaluation.evaluator]: Inference done 16499/24904. Dataloading: 0.0029 s/iter. Inference: 0.2468 s/iter. Eval: 0.0789 s/iter. Total: 0.3287 s/iter. ETA=0:46:02
[08/06 13:54:05 d2.evaluation.evaluator]: Inference done 16514/24904. Dataloading: 0.0029 s/iter. Inference: 0.2468 s/iter. Eval: 0.0789 s/iter. Total: 0.3287 s/iter. ETA=0:45:57
[08/06 13:54:10 d2.evaluation.evaluator]: Inference done 16530/24904. Dataloading: 0.0029 s/iter. Inference: 0.2469 s/iter. Eval: 0.0789 s/iter. Total: 0.3287 s/iter. ETA=0:45:52
[08/06 13:54:15 d2.evaluation.evaluator]: Inference done 16546/24904. Dataloading: 0.0029 s/iter. Inference: 0.2469 s/iter. Eval: 0.0789 s/iter. Total: 0.3287 s/iter. ETA=0:45:47
[08/06 13:54:21 d2.evaluation.evaluator]: Inference done 16561/24904. Dataloading: 0.0029 s/iter. Inference: 0.2469 s/iter. Eval: 0.0789 s/iter. Total: 0.3287 s/iter. ETA=0:45:42
[08/06 13:54:26 d2.evaluation.evaluator]: Inference done 16577/24904. Dataloading: 0.0029 s/iter. Inference: 0.2469 s/iter. Eval: 0.0789 s/iter. Total: 0.3287 s/iter. ETA=0:45:37
[08/06 13:54:31 d2.evaluation.evaluator]: Inference done 16593/24904. Dataloading: 0.0029 s/iter. Inference: 0.2469 s/iter. Eval: 0.0789 s/iter. Total: 0.3287 s/iter. ETA=0:45:31
[08/06 13:54:36 d2.evaluation.evaluator]: Inference done 16607/24904. Dataloading: 0.0029 s/iter. Inference: 0.2469 s/iter. Eval: 0.0789 s/iter. Total: 0.3287 s/iter. ETA=0:45:27
[08/06 13:54:41 d2.evaluation.evaluator]: Inference done 16623/24904. Dataloading: 0.0029 s/iter. Inference: 0.2469 s/iter. Eval: 0.0789 s/iter. Total: 0.3287 s/iter. ETA=0:45:22
[08/06 13:54:47 d2.evaluation.evaluator]: Inference done 16639/24904. Dataloading: 0.0029 s/iter. Inference: 0.2469 s/iter. Eval: 0.0789 s/iter. Total: 0.3287 s/iter. ETA=0:45:16
[08/06 13:54:52 d2.evaluation.evaluator]: Inference done 16655/24904. Dataloading: 0.0029 s/iter. Inference: 0.2469 s/iter. Eval: 0.0789 s/iter. Total: 0.3287 s/iter. ETA=0:45:11
[08/06 13:54:57 d2.evaluation.evaluator]: Inference done 16671/24904. Dataloading: 0.0029 s/iter. Inference: 0.2469 s/iter. Eval: 0.0789 s/iter. Total: 0.3287 s/iter. ETA=0:45:06
[08/06 13:55:02 d2.evaluation.evaluator]: Inference done 16687/24904. Dataloading: 0.0029 s/iter. Inference: 0.2469 s/iter. Eval: 0.0789 s/iter. Total: 0.3287 s/iter. ETA=0:45:00
[08/06 13:55:07 d2.evaluation.evaluator]: Inference done 16703/24904. Dataloading: 0.0029 s/iter. Inference: 0.2469 s/iter. Eval: 0.0789 s/iter. Total: 0.3287 s/iter. ETA=0:44:55
[08/06 13:55:12 d2.evaluation.evaluator]: Inference done 16719/24904. Dataloading: 0.0029 s/iter. Inference: 0.2469 s/iter. Eval: 0.0789 s/iter. Total: 0.3287 s/iter. ETA=0:44:50
[08/06 13:55:18 d2.evaluation.evaluator]: Inference done 16736/24904. Dataloading: 0.0029 s/iter. Inference: 0.2469 s/iter. Eval: 0.0789 s/iter. Total: 0.3287 s/iter. ETA=0:44:44
[08/06 13:55:23 d2.evaluation.evaluator]: Inference done 16752/24904. Dataloading: 0.0029 s/iter. Inference: 0.2469 s/iter. Eval: 0.0789 s/iter. Total: 0.3287 s/iter. ETA=0:44:39
[08/06 13:55:28 d2.evaluation.evaluator]: Inference done 16768/24904. Dataloading: 0.0029 s/iter. Inference: 0.2469 s/iter. Eval: 0.0789 s/iter. Total: 0.3287 s/iter. ETA=0:44:34
[08/06 13:55:33 d2.evaluation.evaluator]: Inference done 16784/24904. Dataloading: 0.0029 s/iter. Inference: 0.2469 s/iter. Eval: 0.0789 s/iter. Total: 0.3287 s/iter. ETA=0:44:28
[08/06 13:55:39 d2.evaluation.evaluator]: Inference done 16800/24904. Dataloading: 0.0029 s/iter. Inference: 0.2469 s/iter. Eval: 0.0789 s/iter. Total: 0.3287 s/iter. ETA=0:44:23
[08/06 13:55:44 d2.evaluation.evaluator]: Inference done 16815/24904. Dataloading: 0.0029 s/iter. Inference: 0.2469 s/iter. Eval: 0.0789 s/iter. Total: 0.3287 s/iter. ETA=0:44:18
[08/06 13:55:49 d2.evaluation.evaluator]: Inference done 16831/24904. Dataloading: 0.0029 s/iter. Inference: 0.2469 s/iter. Eval: 0.0788 s/iter. Total: 0.3287 s/iter. ETA=0:44:13
[08/06 13:55:54 d2.evaluation.evaluator]: Inference done 16847/24904. Dataloading: 0.0029 s/iter. Inference: 0.2468 s/iter. Eval: 0.0788 s/iter. Total: 0.3286 s/iter. ETA=0:44:07
[08/06 13:55:59 d2.evaluation.evaluator]: Inference done 16863/24904. Dataloading: 0.0029 s/iter. Inference: 0.2468 s/iter. Eval: 0.0788 s/iter. Total: 0.3286 s/iter. ETA=0:44:02
[08/06 13:56:04 d2.evaluation.evaluator]: Inference done 16879/24904. Dataloading: 0.0029 s/iter. Inference: 0.2468 s/iter. Eval: 0.0788 s/iter. Total: 0.3286 s/iter. ETA=0:43:57
[08/06 13:56:10 d2.evaluation.evaluator]: Inference done 16895/24904. Dataloading: 0.0029 s/iter. Inference: 0.2468 s/iter. Eval: 0.0788 s/iter. Total: 0.3286 s/iter. ETA=0:43:51
[08/06 13:56:15 d2.evaluation.evaluator]: Inference done 16909/24904. Dataloading: 0.0029 s/iter. Inference: 0.2468 s/iter. Eval: 0.0788 s/iter. Total: 0.3286 s/iter. ETA=0:43:47
[08/06 13:56:20 d2.evaluation.evaluator]: Inference done 16925/24904. Dataloading: 0.0029 s/iter. Inference: 0.2468 s/iter. Eval: 0.0788 s/iter. Total: 0.3286 s/iter. ETA=0:43:42
[08/06 13:56:25 d2.evaluation.evaluator]: Inference done 16941/24904. Dataloading: 0.0029 s/iter. Inference: 0.2468 s/iter. Eval: 0.0788 s/iter. Total: 0.3286 s/iter. ETA=0:43:36
[08/06 13:56:30 d2.evaluation.evaluator]: Inference done 16957/24904. Dataloading: 0.0029 s/iter. Inference: 0.2468 s/iter. Eval: 0.0788 s/iter. Total: 0.3286 s/iter. ETA=0:43:31
[08/06 13:56:35 d2.evaluation.evaluator]: Inference done 16973/24904. Dataloading: 0.0029 s/iter. Inference: 0.2468 s/iter. Eval: 0.0788 s/iter. Total: 0.3286 s/iter. ETA=0:43:26
[08/06 13:56:41 d2.evaluation.evaluator]: Inference done 16989/24904. Dataloading: 0.0029 s/iter. Inference: 0.2468 s/iter. Eval: 0.0788 s/iter. Total: 0.3286 s/iter. ETA=0:43:20
[08/06 13:56:46 d2.evaluation.evaluator]: Inference done 17005/24904. Dataloading: 0.0029 s/iter. Inference: 0.2468 s/iter. Eval: 0.0788 s/iter. Total: 0.3286 s/iter. ETA=0:43:15
[08/06 13:56:51 d2.evaluation.evaluator]: Inference done 17020/24904. Dataloading: 0.0029 s/iter. Inference: 0.2468 s/iter. Eval: 0.0788 s/iter. Total: 0.3286 s/iter. ETA=0:43:10
[08/06 13:56:56 d2.evaluation.evaluator]: Inference done 17036/24904. Dataloading: 0.0029 s/iter. Inference: 0.2468 s/iter. Eval: 0.0788 s/iter. Total: 0.3286 s/iter. ETA=0:43:05
[08/06 13:57:01 d2.evaluation.evaluator]: Inference done 17052/24904. Dataloading: 0.0029 s/iter. Inference: 0.2468 s/iter. Eval: 0.0788 s/iter. Total: 0.3286 s/iter. ETA=0:43:00
[08/06 13:57:07 d2.evaluation.evaluator]: Inference done 17068/24904. Dataloading: 0.0029 s/iter. Inference: 0.2468 s/iter. Eval: 0.0788 s/iter. Total: 0.3286 s/iter. ETA=0:42:54
[08/06 13:57:12 d2.evaluation.evaluator]: Inference done 17084/24904. Dataloading: 0.0029 s/iter. Inference: 0.2468 s/iter. Eval: 0.0788 s/iter. Total: 0.3286 s/iter. ETA=0:42:49
[08/06 13:57:17 d2.evaluation.evaluator]: Inference done 17100/24904. Dataloading: 0.0029 s/iter. Inference: 0.2468 s/iter. Eval: 0.0788 s/iter. Total: 0.3286 s/iter. ETA=0:42:44
[08/06 13:57:22 d2.evaluation.evaluator]: Inference done 17115/24904. Dataloading: 0.0029 s/iter. Inference: 0.2468 s/iter. Eval: 0.0788 s/iter. Total: 0.3286 s/iter. ETA=0:42:39
[08/06 13:57:27 d2.evaluation.evaluator]: Inference done 17131/24904. Dataloading: 0.0029 s/iter. Inference: 0.2468 s/iter. Eval: 0.0788 s/iter. Total: 0.3286 s/iter. ETA=0:42:33
[08/06 13:57:32 d2.evaluation.evaluator]: Inference done 17147/24904. Dataloading: 0.0029 s/iter. Inference: 0.2468 s/iter. Eval: 0.0788 s/iter. Total: 0.3286 s/iter. ETA=0:42:28
[08/06 13:57:38 d2.evaluation.evaluator]: Inference done 17163/24904. Dataloading: 0.0029 s/iter. Inference: 0.2468 s/iter. Eval: 0.0788 s/iter. Total: 0.3285 s/iter. ETA=0:42:23
[08/06 13:57:43 d2.evaluation.evaluator]: Inference done 17179/24904. Dataloading: 0.0029 s/iter. Inference: 0.2468 s/iter. Eval: 0.0788 s/iter. Total: 0.3285 s/iter. ETA=0:42:17
[08/06 13:57:48 d2.evaluation.evaluator]: Inference done 17195/24904. Dataloading: 0.0029 s/iter. Inference: 0.2468 s/iter. Eval: 0.0788 s/iter. Total: 0.3285 s/iter. ETA=0:42:12
[08/06 13:57:53 d2.evaluation.evaluator]: Inference done 17210/24904. Dataloading: 0.0029 s/iter. Inference: 0.2468 s/iter. Eval: 0.0788 s/iter. Total: 0.3285 s/iter. ETA=0:42:07
[08/06 13:57:58 d2.evaluation.evaluator]: Inference done 17226/24904. Dataloading: 0.0029 s/iter. Inference: 0.2468 s/iter. Eval: 0.0788 s/iter. Total: 0.3285 s/iter. ETA=0:42:02
[08/06 13:58:04 d2.evaluation.evaluator]: Inference done 17242/24904. Dataloading: 0.0029 s/iter. Inference: 0.2468 s/iter. Eval: 0.0788 s/iter. Total: 0.3285 s/iter. ETA=0:41:57
[08/06 13:58:09 d2.evaluation.evaluator]: Inference done 17258/24904. Dataloading: 0.0029 s/iter. Inference: 0.2468 s/iter. Eval: 0.0788 s/iter. Total: 0.3285 s/iter. ETA=0:41:51
[08/06 13:58:14 d2.evaluation.evaluator]: Inference done 17274/24904. Dataloading: 0.0029 s/iter. Inference: 0.2468 s/iter. Eval: 0.0788 s/iter. Total: 0.3285 s/iter. ETA=0:41:46
[08/06 13:58:19 d2.evaluation.evaluator]: Inference done 17290/24904. Dataloading: 0.0029 s/iter. Inference: 0.2468 s/iter. Eval: 0.0788 s/iter. Total: 0.3285 s/iter. ETA=0:41:41
[08/06 13:58:24 d2.evaluation.evaluator]: Inference done 17306/24904. Dataloading: 0.0029 s/iter. Inference: 0.2468 s/iter. Eval: 0.0788 s/iter. Total: 0.3285 s/iter. ETA=0:41:35
[08/06 13:58:30 d2.evaluation.evaluator]: Inference done 17320/24904. Dataloading: 0.0029 s/iter. Inference: 0.2468 s/iter. Eval: 0.0788 s/iter. Total: 0.3285 s/iter. ETA=0:41:31
[08/06 13:58:35 d2.evaluation.evaluator]: Inference done 17336/24904. Dataloading: 0.0029 s/iter. Inference: 0.2468 s/iter. Eval: 0.0788 s/iter. Total: 0.3285 s/iter. ETA=0:41:26
[08/06 13:58:40 d2.evaluation.evaluator]: Inference done 17352/24904. Dataloading: 0.0029 s/iter. Inference: 0.2468 s/iter. Eval: 0.0788 s/iter. Total: 0.3285 s/iter. ETA=0:41:20
[08/06 13:58:45 d2.evaluation.evaluator]: Inference done 17368/24904. Dataloading: 0.0029 s/iter. Inference: 0.2468 s/iter. Eval: 0.0788 s/iter. Total: 0.3285 s/iter. ETA=0:41:15
[08/06 13:58:50 d2.evaluation.evaluator]: Inference done 17384/24904. Dataloading: 0.0029 s/iter. Inference: 0.2468 s/iter. Eval: 0.0788 s/iter. Total: 0.3285 s/iter. ETA=0:41:10
[08/06 13:58:56 d2.evaluation.evaluator]: Inference done 17400/24904. Dataloading: 0.0029 s/iter. Inference: 0.2468 s/iter. Eval: 0.0788 s/iter. Total: 0.3285 s/iter. ETA=0:41:04
[08/06 13:59:01 d2.evaluation.evaluator]: Inference done 17414/24904. Dataloading: 0.0029 s/iter. Inference: 0.2468 s/iter. Eval: 0.0788 s/iter. Total: 0.3285 s/iter. ETA=0:41:00
[08/06 13:59:06 d2.evaluation.evaluator]: Inference done 17430/24904. Dataloading: 0.0029 s/iter. Inference: 0.2468 s/iter. Eval: 0.0788 s/iter. Total: 0.3285 s/iter. ETA=0:40:55
[08/06 13:59:11 d2.evaluation.evaluator]: Inference done 17446/24904. Dataloading: 0.0029 s/iter. Inference: 0.2468 s/iter. Eval: 0.0788 s/iter. Total: 0.3285 s/iter. ETA=0:40:49
[08/06 13:59:16 d2.evaluation.evaluator]: Inference done 17461/24904. Dataloading: 0.0029 s/iter. Inference: 0.2468 s/iter. Eval: 0.0788 s/iter. Total: 0.3285 s/iter. ETA=0:40:44
[08/06 13:59:21 d2.evaluation.evaluator]: Inference done 17477/24904. Dataloading: 0.0029 s/iter. Inference: 0.2468 s/iter. Eval: 0.0788 s/iter. Total: 0.3285 s/iter. ETA=0:40:39
[08/06 13:59:26 d2.evaluation.evaluator]: Inference done 17492/24904. Dataloading: 0.0029 s/iter. Inference: 0.2468 s/iter. Eval: 0.0788 s/iter. Total: 0.3285 s/iter. ETA=0:40:34
[08/06 13:59:32 d2.evaluation.evaluator]: Inference done 17508/24904. Dataloading: 0.0029 s/iter. Inference: 0.2468 s/iter. Eval: 0.0788 s/iter. Total: 0.3285 s/iter. ETA=0:40:29
[08/06 13:59:37 d2.evaluation.evaluator]: Inference done 17522/24904. Dataloading: 0.0029 s/iter. Inference: 0.2468 s/iter. Eval: 0.0788 s/iter. Total: 0.3285 s/iter. ETA=0:40:25
[08/06 13:59:42 d2.evaluation.evaluator]: Inference done 17538/24904. Dataloading: 0.0029 s/iter. Inference: 0.2468 s/iter. Eval: 0.0788 s/iter. Total: 0.3285 s/iter. ETA=0:40:19
[08/06 13:59:47 d2.evaluation.evaluator]: Inference done 17554/24904. Dataloading: 0.0029 s/iter. Inference: 0.2468 s/iter. Eval: 0.0788 s/iter. Total: 0.3285 s/iter. ETA=0:40:14
[08/06 13:59:52 d2.evaluation.evaluator]: Inference done 17570/24904. Dataloading: 0.0029 s/iter. Inference: 0.2468 s/iter. Eval: 0.0788 s/iter. Total: 0.3285 s/iter. ETA=0:40:09
[08/06 13:59:57 d2.evaluation.evaluator]: Inference done 17586/24904. Dataloading: 0.0029 s/iter. Inference: 0.2468 s/iter. Eval: 0.0788 s/iter. Total: 0.3285 s/iter. ETA=0:40:03
[08/06 14:00:03 d2.evaluation.evaluator]: Inference done 17602/24904. Dataloading: 0.0029 s/iter. Inference: 0.2468 s/iter. Eval: 0.0788 s/iter. Total: 0.3285 s/iter. ETA=0:39:58
[08/06 14:00:08 d2.evaluation.evaluator]: Inference done 17618/24904. Dataloading: 0.0029 s/iter. Inference: 0.2468 s/iter. Eval: 0.0788 s/iter. Total: 0.3285 s/iter. ETA=0:39:53
[08/06 14:00:13 d2.evaluation.evaluator]: Inference done 17633/24904. Dataloading: 0.0029 s/iter. Inference: 0.2468 s/iter. Eval: 0.0788 s/iter. Total: 0.3285 s/iter. ETA=0:39:48
[08/06 14:00:18 d2.evaluation.evaluator]: Inference done 17649/24904. Dataloading: 0.0029 s/iter. Inference: 0.2468 s/iter. Eval: 0.0787 s/iter. Total: 0.3285 s/iter. ETA=0:39:43
[08/06 14:00:23 d2.evaluation.evaluator]: Inference done 17665/24904. Dataloading: 0.0029 s/iter. Inference: 0.2468 s/iter. Eval: 0.0787 s/iter. Total: 0.3285 s/iter. ETA=0:39:37
[08/06 14:00:28 d2.evaluation.evaluator]: Inference done 17681/24904. Dataloading: 0.0029 s/iter. Inference: 0.2468 s/iter. Eval: 0.0787 s/iter. Total: 0.3285 s/iter. ETA=0:39:32
[08/06 14:00:34 d2.evaluation.evaluator]: Inference done 17697/24904. Dataloading: 0.0029 s/iter. Inference: 0.2468 s/iter. Eval: 0.0787 s/iter. Total: 0.3285 s/iter. ETA=0:39:27
[08/06 14:00:39 d2.evaluation.evaluator]: Inference done 17712/24904. Dataloading: 0.0029 s/iter. Inference: 0.2468 s/iter. Eval: 0.0787 s/iter. Total: 0.3285 s/iter. ETA=0:39:22
[08/06 14:00:44 d2.evaluation.evaluator]: Inference done 17727/24904. Dataloading: 0.0029 s/iter. Inference: 0.2468 s/iter. Eval: 0.0788 s/iter. Total: 0.3285 s/iter. ETA=0:39:17
[08/06 14:00:49 d2.evaluation.evaluator]: Inference done 17743/24904. Dataloading: 0.0029 s/iter. Inference: 0.2468 s/iter. Eval: 0.0788 s/iter. Total: 0.3285 s/iter. ETA=0:39:12
[08/06 14:00:54 d2.evaluation.evaluator]: Inference done 17758/24904. Dataloading: 0.0029 s/iter. Inference: 0.2468 s/iter. Eval: 0.0788 s/iter. Total: 0.3285 s/iter. ETA=0:39:07
[08/06 14:01:00 d2.evaluation.evaluator]: Inference done 17774/24904. Dataloading: 0.0029 s/iter. Inference: 0.2468 s/iter. Eval: 0.0788 s/iter. Total: 0.3285 s/iter. ETA=0:39:02
[08/06 14:01:05 d2.evaluation.evaluator]: Inference done 17790/24904. Dataloading: 0.0029 s/iter. Inference: 0.2468 s/iter. Eval: 0.0788 s/iter. Total: 0.3285 s/iter. ETA=0:38:56
[08/06 14:01:10 d2.evaluation.evaluator]: Inference done 17806/24904. Dataloading: 0.0029 s/iter. Inference: 0.2468 s/iter. Eval: 0.0788 s/iter. Total: 0.3285 s/iter. ETA=0:38:51
[08/06 14:01:15 d2.evaluation.evaluator]: Inference done 17820/24904. Dataloading: 0.0029 s/iter. Inference: 0.2468 s/iter. Eval: 0.0788 s/iter. Total: 0.3285 s/iter. ETA=0:38:47
[08/06 14:01:20 d2.evaluation.evaluator]: Inference done 17836/24904. Dataloading: 0.0029 s/iter. Inference: 0.2468 s/iter. Eval: 0.0788 s/iter. Total: 0.3285 s/iter. ETA=0:38:41
[08/06 14:01:26 d2.evaluation.evaluator]: Inference done 17852/24904. Dataloading: 0.0029 s/iter. Inference: 0.2468 s/iter. Eval: 0.0788 s/iter. Total: 0.3285 s/iter. ETA=0:38:36
[08/06 14:01:31 d2.evaluation.evaluator]: Inference done 17868/24904. Dataloading: 0.0029 s/iter. Inference: 0.2468 s/iter. Eval: 0.0788 s/iter. Total: 0.3285 s/iter. ETA=0:38:31
[08/06 14:01:36 d2.evaluation.evaluator]: Inference done 17884/24904. Dataloading: 0.0029 s/iter. Inference: 0.2468 s/iter. Eval: 0.0788 s/iter. Total: 0.3285 s/iter. ETA=0:38:26
[08/06 14:01:41 d2.evaluation.evaluator]: Inference done 17900/24904. Dataloading: 0.0029 s/iter. Inference: 0.2468 s/iter. Eval: 0.0787 s/iter. Total: 0.3285 s/iter. ETA=0:38:20
[08/06 14:01:46 d2.evaluation.evaluator]: Inference done 17916/24904. Dataloading: 0.0029 s/iter. Inference: 0.2468 s/iter. Eval: 0.0787 s/iter. Total: 0.3285 s/iter. ETA=0:38:15
[08/06 14:01:52 d2.evaluation.evaluator]: Inference done 17932/24904. Dataloading: 0.0029 s/iter. Inference: 0.2468 s/iter. Eval: 0.0787 s/iter. Total: 0.3285 s/iter. ETA=0:38:10
[08/06 14:01:57 d2.evaluation.evaluator]: Inference done 17948/24904. Dataloading: 0.0029 s/iter. Inference: 0.2468 s/iter. Eval: 0.0787 s/iter. Total: 0.3285 s/iter. ETA=0:38:04
[08/06 14:02:02 d2.evaluation.evaluator]: Inference done 17964/24904. Dataloading: 0.0029 s/iter. Inference: 0.2468 s/iter. Eval: 0.0787 s/iter. Total: 0.3285 s/iter. ETA=0:37:59
[08/06 14:02:07 d2.evaluation.evaluator]: Inference done 17980/24904. Dataloading: 0.0029 s/iter. Inference: 0.2468 s/iter. Eval: 0.0787 s/iter. Total: 0.3285 s/iter. ETA=0:37:54
[08/06 14:02:13 d2.evaluation.evaluator]: Inference done 17996/24904. Dataloading: 0.0029 s/iter. Inference: 0.2468 s/iter. Eval: 0.0787 s/iter. Total: 0.3285 s/iter. ETA=0:37:49
[08/06 14:02:18 d2.evaluation.evaluator]: Inference done 18010/24904. Dataloading: 0.0029 s/iter. Inference: 0.2468 s/iter. Eval: 0.0787 s/iter. Total: 0.3285 s/iter. ETA=0:37:44
[08/06 14:02:23 d2.evaluation.evaluator]: Inference done 18026/24904. Dataloading: 0.0029 s/iter. Inference: 0.2468 s/iter. Eval: 0.0787 s/iter. Total: 0.3285 s/iter. ETA=0:37:39
[08/06 14:02:28 d2.evaluation.evaluator]: Inference done 18042/24904. Dataloading: 0.0029 s/iter. Inference: 0.2468 s/iter. Eval: 0.0787 s/iter. Total: 0.3285 s/iter. ETA=0:37:33
[08/06 14:02:33 d2.evaluation.evaluator]: Inference done 18059/24904. Dataloading: 0.0029 s/iter. Inference: 0.2468 s/iter. Eval: 0.0787 s/iter. Total: 0.3285 s/iter. ETA=0:37:28
[08/06 14:02:39 d2.evaluation.evaluator]: Inference done 18075/24904. Dataloading: 0.0029 s/iter. Inference: 0.2468 s/iter. Eval: 0.0787 s/iter. Total: 0.3285 s/iter. ETA=0:37:23
[08/06 14:02:44 d2.evaluation.evaluator]: Inference done 18091/24904. Dataloading: 0.0029 s/iter. Inference: 0.2468 s/iter. Eval: 0.0787 s/iter. Total: 0.3285 s/iter. ETA=0:37:17
[08/06 14:02:49 d2.evaluation.evaluator]: Inference done 18107/24904. Dataloading: 0.0029 s/iter. Inference: 0.2468 s/iter. Eval: 0.0787 s/iter. Total: 0.3285 s/iter. ETA=0:37:12
[08/06 14:02:54 d2.evaluation.evaluator]: Inference done 18121/24904. Dataloading: 0.0029 s/iter. Inference: 0.2468 s/iter. Eval: 0.0787 s/iter. Total: 0.3285 s/iter. ETA=0:37:07
[08/06 14:02:59 d2.evaluation.evaluator]: Inference done 18137/24904. Dataloading: 0.0029 s/iter. Inference: 0.2468 s/iter. Eval: 0.0787 s/iter. Total: 0.3285 s/iter. ETA=0:37:02
[08/06 14:03:04 d2.evaluation.evaluator]: Inference done 18153/24904. Dataloading: 0.0029 s/iter. Inference: 0.2468 s/iter. Eval: 0.0787 s/iter. Total: 0.3284 s/iter. ETA=0:36:57
[08/06 14:03:10 d2.evaluation.evaluator]: Inference done 18169/24904. Dataloading: 0.0029 s/iter. Inference: 0.2468 s/iter. Eval: 0.0787 s/iter. Total: 0.3284 s/iter. ETA=0:36:52
[08/06 14:03:15 d2.evaluation.evaluator]: Inference done 18185/24904. Dataloading: 0.0029 s/iter. Inference: 0.2468 s/iter. Eval: 0.0787 s/iter. Total: 0.3284 s/iter. ETA=0:36:46
[08/06 14:03:20 d2.evaluation.evaluator]: Inference done 18201/24904. Dataloading: 0.0029 s/iter. Inference: 0.2468 s/iter. Eval: 0.0787 s/iter. Total: 0.3284 s/iter. ETA=0:36:41
[08/06 14:03:25 d2.evaluation.evaluator]: Inference done 18215/24904. Dataloading: 0.0029 s/iter. Inference: 0.2468 s/iter. Eval: 0.0787 s/iter. Total: 0.3284 s/iter. ETA=0:36:36
[08/06 14:03:30 d2.evaluation.evaluator]: Inference done 18231/24904. Dataloading: 0.0029 s/iter. Inference: 0.2468 s/iter. Eval: 0.0787 s/iter. Total: 0.3284 s/iter. ETA=0:36:31
[08/06 14:03:36 d2.evaluation.evaluator]: Inference done 18247/24904. Dataloading: 0.0029 s/iter. Inference: 0.2468 s/iter. Eval: 0.0787 s/iter. Total: 0.3284 s/iter. ETA=0:36:26
[08/06 14:03:41 d2.evaluation.evaluator]: Inference done 18263/24904. Dataloading: 0.0029 s/iter. Inference: 0.2468 s/iter. Eval: 0.0787 s/iter. Total: 0.3284 s/iter. ETA=0:36:21
[08/06 14:03:46 d2.evaluation.evaluator]: Inference done 18280/24904. Dataloading: 0.0029 s/iter. Inference: 0.2467 s/iter. Eval: 0.0787 s/iter. Total: 0.3284 s/iter. ETA=0:36:15
[08/06 14:03:51 d2.evaluation.evaluator]: Inference done 18296/24904. Dataloading: 0.0029 s/iter. Inference: 0.2467 s/iter. Eval: 0.0787 s/iter. Total: 0.3284 s/iter. ETA=0:36:10
[08/06 14:03:57 d2.evaluation.evaluator]: Inference done 18312/24904. Dataloading: 0.0029 s/iter. Inference: 0.2467 s/iter. Eval: 0.0787 s/iter. Total: 0.3284 s/iter. ETA=0:36:04
[08/06 14:04:02 d2.evaluation.evaluator]: Inference done 18328/24904. Dataloading: 0.0029 s/iter. Inference: 0.2467 s/iter. Eval: 0.0787 s/iter. Total: 0.3284 s/iter. ETA=0:35:59
[08/06 14:04:08 d2.evaluation.evaluator]: Inference done 18344/24904. Dataloading: 0.0029 s/iter. Inference: 0.2467 s/iter. Eval: 0.0787 s/iter. Total: 0.3284 s/iter. ETA=0:35:54
[08/06 14:04:13 d2.evaluation.evaluator]: Inference done 18360/24904. Dataloading: 0.0029 s/iter. Inference: 0.2467 s/iter. Eval: 0.0787 s/iter. Total: 0.3284 s/iter. ETA=0:35:49
[08/06 14:04:18 d2.evaluation.evaluator]: Inference done 18376/24904. Dataloading: 0.0029 s/iter. Inference: 0.2467 s/iter. Eval: 0.0787 s/iter. Total: 0.3284 s/iter. ETA=0:35:43
[08/06 14:04:23 d2.evaluation.evaluator]: Inference done 18392/24904. Dataloading: 0.0029 s/iter. Inference: 0.2467 s/iter. Eval: 0.0787 s/iter. Total: 0.3284 s/iter. ETA=0:35:38
[08/06 14:04:28 d2.evaluation.evaluator]: Inference done 18408/24904. Dataloading: 0.0029 s/iter. Inference: 0.2467 s/iter. Eval: 0.0787 s/iter. Total: 0.3284 s/iter. ETA=0:35:33
[08/06 14:04:34 d2.evaluation.evaluator]: Inference done 18422/24904. Dataloading: 0.0029 s/iter. Inference: 0.2467 s/iter. Eval: 0.0787 s/iter. Total: 0.3284 s/iter. ETA=0:35:28
[08/06 14:04:39 d2.evaluation.evaluator]: Inference done 18438/24904. Dataloading: 0.0029 s/iter. Inference: 0.2467 s/iter. Eval: 0.0787 s/iter. Total: 0.3284 s/iter. ETA=0:35:23
[08/06 14:04:44 d2.evaluation.evaluator]: Inference done 18455/24904. Dataloading: 0.0029 s/iter. Inference: 0.2467 s/iter. Eval: 0.0787 s/iter. Total: 0.3284 s/iter. ETA=0:35:17
[08/06 14:04:49 d2.evaluation.evaluator]: Inference done 18470/24904. Dataloading: 0.0029 s/iter. Inference: 0.2467 s/iter. Eval: 0.0787 s/iter. Total: 0.3284 s/iter. ETA=0:35:12
[08/06 14:04:54 d2.evaluation.evaluator]: Inference done 18486/24904. Dataloading: 0.0029 s/iter. Inference: 0.2467 s/iter. Eval: 0.0787 s/iter. Total: 0.3284 s/iter. ETA=0:35:07
[08/06 14:05:00 d2.evaluation.evaluator]: Inference done 18502/24904. Dataloading: 0.0029 s/iter. Inference: 0.2467 s/iter. Eval: 0.0787 s/iter. Total: 0.3284 s/iter. ETA=0:35:02
[08/06 14:05:05 d2.evaluation.evaluator]: Inference done 18516/24904. Dataloading: 0.0029 s/iter. Inference: 0.2467 s/iter. Eval: 0.0787 s/iter. Total: 0.3284 s/iter. ETA=0:34:57
[08/06 14:05:10 d2.evaluation.evaluator]: Inference done 18532/24904. Dataloading: 0.0029 s/iter. Inference: 0.2467 s/iter. Eval: 0.0787 s/iter. Total: 0.3284 s/iter. ETA=0:34:52
[08/06 14:05:15 d2.evaluation.evaluator]: Inference done 18549/24904. Dataloading: 0.0029 s/iter. Inference: 0.2467 s/iter. Eval: 0.0787 s/iter. Total: 0.3284 s/iter. ETA=0:34:46
[08/06 14:05:20 d2.evaluation.evaluator]: Inference done 18565/24904. Dataloading: 0.0029 s/iter. Inference: 0.2467 s/iter. Eval: 0.0787 s/iter. Total: 0.3284 s/iter. ETA=0:34:41
[08/06 14:05:26 d2.evaluation.evaluator]: Inference done 18581/24904. Dataloading: 0.0029 s/iter. Inference: 0.2467 s/iter. Eval: 0.0787 s/iter. Total: 0.3284 s/iter. ETA=0:34:36
[08/06 14:05:31 d2.evaluation.evaluator]: Inference done 18597/24904. Dataloading: 0.0029 s/iter. Inference: 0.2467 s/iter. Eval: 0.0787 s/iter. Total: 0.3284 s/iter. ETA=0:34:30
[08/06 14:05:36 d2.evaluation.evaluator]: Inference done 18613/24904. Dataloading: 0.0029 s/iter. Inference: 0.2467 s/iter. Eval: 0.0787 s/iter. Total: 0.3284 s/iter. ETA=0:34:25
[08/06 14:05:41 d2.evaluation.evaluator]: Inference done 18627/24904. Dataloading: 0.0029 s/iter. Inference: 0.2467 s/iter. Eval: 0.0787 s/iter. Total: 0.3284 s/iter. ETA=0:34:21
[08/06 14:05:46 d2.evaluation.evaluator]: Inference done 18643/24904. Dataloading: 0.0029 s/iter. Inference: 0.2467 s/iter. Eval: 0.0787 s/iter. Total: 0.3284 s/iter. ETA=0:34:15
[08/06 14:05:51 d2.evaluation.evaluator]: Inference done 18659/24904. Dataloading: 0.0029 s/iter. Inference: 0.2467 s/iter. Eval: 0.0787 s/iter. Total: 0.3283 s/iter. ETA=0:34:10
[08/06 14:05:57 d2.evaluation.evaluator]: Inference done 18675/24904. Dataloading: 0.0029 s/iter. Inference: 0.2467 s/iter. Eval: 0.0787 s/iter. Total: 0.3283 s/iter. ETA=0:34:05
[08/06 14:06:02 d2.evaluation.evaluator]: Inference done 18691/24904. Dataloading: 0.0029 s/iter. Inference: 0.2467 s/iter. Eval: 0.0787 s/iter. Total: 0.3283 s/iter. ETA=0:33:59
[08/06 14:06:07 d2.evaluation.evaluator]: Inference done 18707/24904. Dataloading: 0.0029 s/iter. Inference: 0.2467 s/iter. Eval: 0.0787 s/iter. Total: 0.3283 s/iter. ETA=0:33:54
[08/06 14:06:12 d2.evaluation.evaluator]: Inference done 18721/24904. Dataloading: 0.0029 s/iter. Inference: 0.2467 s/iter. Eval: 0.0787 s/iter. Total: 0.3283 s/iter. ETA=0:33:50
[08/06 14:06:18 d2.evaluation.evaluator]: Inference done 18737/24904. Dataloading: 0.0029 s/iter. Inference: 0.2467 s/iter. Eval: 0.0787 s/iter. Total: 0.3283 s/iter. ETA=0:33:44
[08/06 14:06:23 d2.evaluation.evaluator]: Inference done 18753/24904. Dataloading: 0.0029 s/iter. Inference: 0.2467 s/iter. Eval: 0.0787 s/iter. Total: 0.3283 s/iter. ETA=0:33:39
[08/06 14:06:28 d2.evaluation.evaluator]: Inference done 18769/24904. Dataloading: 0.0029 s/iter. Inference: 0.2467 s/iter. Eval: 0.0787 s/iter. Total: 0.3283 s/iter. ETA=0:33:34
[08/06 14:06:33 d2.evaluation.evaluator]: Inference done 18785/24904. Dataloading: 0.0029 s/iter. Inference: 0.2467 s/iter. Eval: 0.0787 s/iter. Total: 0.3283 s/iter. ETA=0:33:29
[08/06 14:06:38 d2.evaluation.evaluator]: Inference done 18800/24904. Dataloading: 0.0029 s/iter. Inference: 0.2467 s/iter. Eval: 0.0787 s/iter. Total: 0.3283 s/iter. ETA=0:33:24
[08/06 14:06:44 d2.evaluation.evaluator]: Inference done 18816/24904. Dataloading: 0.0029 s/iter. Inference: 0.2467 s/iter. Eval: 0.0787 s/iter. Total: 0.3283 s/iter. ETA=0:33:18
[08/06 14:06:49 d2.evaluation.evaluator]: Inference done 18831/24904. Dataloading: 0.0029 s/iter. Inference: 0.2467 s/iter. Eval: 0.0787 s/iter. Total: 0.3283 s/iter. ETA=0:33:14
[08/06 14:06:54 d2.evaluation.evaluator]: Inference done 18847/24904. Dataloading: 0.0029 s/iter. Inference: 0.2467 s/iter. Eval: 0.0787 s/iter. Total: 0.3283 s/iter. ETA=0:33:08
[08/06 14:06:59 d2.evaluation.evaluator]: Inference done 18863/24904. Dataloading: 0.0029 s/iter. Inference: 0.2467 s/iter. Eval: 0.0787 s/iter. Total: 0.3283 s/iter. ETA=0:33:03
[08/06 14:07:05 d2.evaluation.evaluator]: Inference done 18879/24904. Dataloading: 0.0029 s/iter. Inference: 0.2467 s/iter. Eval: 0.0787 s/iter. Total: 0.3283 s/iter. ETA=0:32:58
[08/06 14:07:10 d2.evaluation.evaluator]: Inference done 18895/24904. Dataloading: 0.0029 s/iter. Inference: 0.2467 s/iter. Eval: 0.0787 s/iter. Total: 0.3283 s/iter. ETA=0:32:52
[08/06 14:07:15 d2.evaluation.evaluator]: Inference done 18911/24904. Dataloading: 0.0029 s/iter. Inference: 0.2467 s/iter. Eval: 0.0787 s/iter. Total: 0.3283 s/iter. ETA=0:32:47
[08/06 14:07:20 d2.evaluation.evaluator]: Inference done 18925/24904. Dataloading: 0.0029 s/iter. Inference: 0.2467 s/iter. Eval: 0.0787 s/iter. Total: 0.3283 s/iter. ETA=0:32:43
[08/06 14:07:25 d2.evaluation.evaluator]: Inference done 18941/24904. Dataloading: 0.0029 s/iter. Inference: 0.2467 s/iter. Eval: 0.0787 s/iter. Total: 0.3283 s/iter. ETA=0:32:37
[08/06 14:07:31 d2.evaluation.evaluator]: Inference done 18957/24904. Dataloading: 0.0029 s/iter. Inference: 0.2467 s/iter. Eval: 0.0787 s/iter. Total: 0.3283 s/iter. ETA=0:32:32
[08/06 14:07:36 d2.evaluation.evaluator]: Inference done 18973/24904. Dataloading: 0.0029 s/iter. Inference: 0.2467 s/iter. Eval: 0.0787 s/iter. Total: 0.3283 s/iter. ETA=0:32:27
[08/06 14:07:41 d2.evaluation.evaluator]: Inference done 18989/24904. Dataloading: 0.0029 s/iter. Inference: 0.2466 s/iter. Eval: 0.0787 s/iter. Total: 0.3283 s/iter. ETA=0:32:21
[08/06 14:07:46 d2.evaluation.evaluator]: Inference done 19005/24904. Dataloading: 0.0029 s/iter. Inference: 0.2466 s/iter. Eval: 0.0787 s/iter. Total: 0.3283 s/iter. ETA=0:32:16
[08/06 14:07:51 d2.evaluation.evaluator]: Inference done 19019/24904. Dataloading: 0.0029 s/iter. Inference: 0.2466 s/iter. Eval: 0.0787 s/iter. Total: 0.3283 s/iter. ETA=0:32:12
[08/06 14:07:56 d2.evaluation.evaluator]: Inference done 19035/24904. Dataloading: 0.0029 s/iter. Inference: 0.2466 s/iter. Eval: 0.0787 s/iter. Total: 0.3283 s/iter. ETA=0:32:06
[08/06 14:08:01 d2.evaluation.evaluator]: Inference done 19051/24904. Dataloading: 0.0029 s/iter. Inference: 0.2466 s/iter. Eval: 0.0787 s/iter. Total: 0.3283 s/iter. ETA=0:32:01
[08/06 14:08:07 d2.evaluation.evaluator]: Inference done 19067/24904. Dataloading: 0.0029 s/iter. Inference: 0.2466 s/iter. Eval: 0.0787 s/iter. Total: 0.3283 s/iter. ETA=0:31:56
[08/06 14:08:12 d2.evaluation.evaluator]: Inference done 19083/24904. Dataloading: 0.0029 s/iter. Inference: 0.2466 s/iter. Eval: 0.0787 s/iter. Total: 0.3283 s/iter. ETA=0:31:50
[08/06 14:08:17 d2.evaluation.evaluator]: Inference done 19099/24904. Dataloading: 0.0029 s/iter. Inference: 0.2466 s/iter. Eval: 0.0787 s/iter. Total: 0.3283 s/iter. ETA=0:31:45
[08/06 14:08:22 d2.evaluation.evaluator]: Inference done 19115/24904. Dataloading: 0.0029 s/iter. Inference: 0.2466 s/iter. Eval: 0.0787 s/iter. Total: 0.3283 s/iter. ETA=0:31:40
[08/06 14:08:27 d2.evaluation.evaluator]: Inference done 19129/24904. Dataloading: 0.0029 s/iter. Inference: 0.2466 s/iter. Eval: 0.0787 s/iter. Total: 0.3283 s/iter. ETA=0:31:35
[08/06 14:08:32 d2.evaluation.evaluator]: Inference done 19145/24904. Dataloading: 0.0029 s/iter. Inference: 0.2466 s/iter. Eval: 0.0787 s/iter. Total: 0.3283 s/iter. ETA=0:31:30
[08/06 14:08:37 d2.evaluation.evaluator]: Inference done 19161/24904. Dataloading: 0.0029 s/iter. Inference: 0.2466 s/iter. Eval: 0.0787 s/iter. Total: 0.3283 s/iter. ETA=0:31:25
[08/06 14:08:43 d2.evaluation.evaluator]: Inference done 19177/24904. Dataloading: 0.0029 s/iter. Inference: 0.2466 s/iter. Eval: 0.0787 s/iter. Total: 0.3283 s/iter. ETA=0:31:19
[08/06 14:08:48 d2.evaluation.evaluator]: Inference done 19193/24904. Dataloading: 0.0029 s/iter. Inference: 0.2466 s/iter. Eval: 0.0787 s/iter. Total: 0.3282 s/iter. ETA=0:31:14
[08/06 14:08:53 d2.evaluation.evaluator]: Inference done 19209/24904. Dataloading: 0.0029 s/iter. Inference: 0.2466 s/iter. Eval: 0.0787 s/iter. Total: 0.3282 s/iter. ETA=0:31:09
[08/06 14:08:58 d2.evaluation.evaluator]: Inference done 19223/24904. Dataloading: 0.0029 s/iter. Inference: 0.2466 s/iter. Eval: 0.0787 s/iter. Total: 0.3282 s/iter. ETA=0:31:04
[08/06 14:09:03 d2.evaluation.evaluator]: Inference done 19239/24904. Dataloading: 0.0029 s/iter. Inference: 0.2466 s/iter. Eval: 0.0787 s/iter. Total: 0.3282 s/iter. ETA=0:30:59
[08/06 14:09:08 d2.evaluation.evaluator]: Inference done 19255/24904. Dataloading: 0.0029 s/iter. Inference: 0.2466 s/iter. Eval: 0.0787 s/iter. Total: 0.3282 s/iter. ETA=0:30:54
[08/06 14:09:13 d2.evaluation.evaluator]: Inference done 19271/24904. Dataloading: 0.0029 s/iter. Inference: 0.2466 s/iter. Eval: 0.0787 s/iter. Total: 0.3282 s/iter. ETA=0:30:48
[08/06 14:09:19 d2.evaluation.evaluator]: Inference done 19287/24904. Dataloading: 0.0029 s/iter. Inference: 0.2466 s/iter. Eval: 0.0787 s/iter. Total: 0.3282 s/iter. ETA=0:30:43
[08/06 14:09:24 d2.evaluation.evaluator]: Inference done 19303/24904. Dataloading: 0.0029 s/iter. Inference: 0.2466 s/iter. Eval: 0.0787 s/iter. Total: 0.3282 s/iter. ETA=0:30:38
[08/06 14:09:29 d2.evaluation.evaluator]: Inference done 19319/24904. Dataloading: 0.0029 s/iter. Inference: 0.2466 s/iter. Eval: 0.0787 s/iter. Total: 0.3282 s/iter. ETA=0:30:33
[08/06 14:09:34 d2.evaluation.evaluator]: Inference done 19333/24904. Dataloading: 0.0029 s/iter. Inference: 0.2466 s/iter. Eval: 0.0787 s/iter. Total: 0.3282 s/iter. ETA=0:30:28
[08/06 14:09:39 d2.evaluation.evaluator]: Inference done 19349/24904. Dataloading: 0.0029 s/iter. Inference: 0.2466 s/iter. Eval: 0.0787 s/iter. Total: 0.3282 s/iter. ETA=0:30:23
[08/06 14:09:44 d2.evaluation.evaluator]: Inference done 19365/24904. Dataloading: 0.0029 s/iter. Inference: 0.2466 s/iter. Eval: 0.0787 s/iter. Total: 0.3282 s/iter. ETA=0:30:17
[08/06 14:09:50 d2.evaluation.evaluator]: Inference done 19381/24904. Dataloading: 0.0029 s/iter. Inference: 0.2466 s/iter. Eval: 0.0787 s/iter. Total: 0.3282 s/iter. ETA=0:30:12
[08/06 14:09:55 d2.evaluation.evaluator]: Inference done 19397/24904. Dataloading: 0.0029 s/iter. Inference: 0.2466 s/iter. Eval: 0.0787 s/iter. Total: 0.3282 s/iter. ETA=0:30:07
[08/06 14:10:00 d2.evaluation.evaluator]: Inference done 19413/24904. Dataloading: 0.0029 s/iter. Inference: 0.2466 s/iter. Eval: 0.0787 s/iter. Total: 0.3282 s/iter. ETA=0:30:02
[08/06 14:10:05 d2.evaluation.evaluator]: Inference done 19427/24904. Dataloading: 0.0029 s/iter. Inference: 0.2466 s/iter. Eval: 0.0786 s/iter. Total: 0.3282 s/iter. ETA=0:29:57
[08/06 14:10:10 d2.evaluation.evaluator]: Inference done 19443/24904. Dataloading: 0.0029 s/iter. Inference: 0.2466 s/iter. Eval: 0.0786 s/iter. Total: 0.3282 s/iter. ETA=0:29:52
[08/06 14:10:15 d2.evaluation.evaluator]: Inference done 19459/24904. Dataloading: 0.0029 s/iter. Inference: 0.2466 s/iter. Eval: 0.0786 s/iter. Total: 0.3282 s/iter. ETA=0:29:46
[08/06 14:10:21 d2.evaluation.evaluator]: Inference done 19475/24904. Dataloading: 0.0029 s/iter. Inference: 0.2466 s/iter. Eval: 0.0786 s/iter. Total: 0.3282 s/iter. ETA=0:29:41
[08/06 14:10:26 d2.evaluation.evaluator]: Inference done 19491/24904. Dataloading: 0.0029 s/iter. Inference: 0.2466 s/iter. Eval: 0.0786 s/iter. Total: 0.3282 s/iter. ETA=0:29:36
[08/06 14:10:31 d2.evaluation.evaluator]: Inference done 19507/24904. Dataloading: 0.0029 s/iter. Inference: 0.2466 s/iter. Eval: 0.0786 s/iter. Total: 0.3282 s/iter. ETA=0:29:31
[08/06 14:10:36 d2.evaluation.evaluator]: Inference done 19523/24904. Dataloading: 0.0029 s/iter. Inference: 0.2466 s/iter. Eval: 0.0786 s/iter. Total: 0.3282 s/iter. ETA=0:29:25
[08/06 14:10:41 d2.evaluation.evaluator]: Inference done 19537/24904. Dataloading: 0.0029 s/iter. Inference: 0.2466 s/iter. Eval: 0.0786 s/iter. Total: 0.3282 s/iter. ETA=0:29:21
[08/06 14:10:46 d2.evaluation.evaluator]: Inference done 19553/24904. Dataloading: 0.0029 s/iter. Inference: 0.2466 s/iter. Eval: 0.0786 s/iter. Total: 0.3282 s/iter. ETA=0:29:15
[08/06 14:10:51 d2.evaluation.evaluator]: Inference done 19569/24904. Dataloading: 0.0029 s/iter. Inference: 0.2466 s/iter. Eval: 0.0786 s/iter. Total: 0.3281 s/iter. ETA=0:29:10
[08/06 14:10:57 d2.evaluation.evaluator]: Inference done 19585/24904. Dataloading: 0.0029 s/iter. Inference: 0.2466 s/iter. Eval: 0.0786 s/iter. Total: 0.3281 s/iter. ETA=0:29:05
[08/06 14:11:02 d2.evaluation.evaluator]: Inference done 19601/24904. Dataloading: 0.0029 s/iter. Inference: 0.2466 s/iter. Eval: 0.0786 s/iter. Total: 0.3281 s/iter. ETA=0:29:00
[08/06 14:11:07 d2.evaluation.evaluator]: Inference done 19617/24904. Dataloading: 0.0029 s/iter. Inference: 0.2465 s/iter. Eval: 0.0786 s/iter. Total: 0.3281 s/iter. ETA=0:28:54
[08/06 14:11:12 d2.evaluation.evaluator]: Inference done 19631/24904. Dataloading: 0.0029 s/iter. Inference: 0.2465 s/iter. Eval: 0.0786 s/iter. Total: 0.3281 s/iter. ETA=0:28:50
[08/06 14:11:17 d2.evaluation.evaluator]: Inference done 19647/24904. Dataloading: 0.0029 s/iter. Inference: 0.2465 s/iter. Eval: 0.0786 s/iter. Total: 0.3281 s/iter. ETA=0:28:44
[08/06 14:11:22 d2.evaluation.evaluator]: Inference done 19663/24904. Dataloading: 0.0029 s/iter. Inference: 0.2465 s/iter. Eval: 0.0786 s/iter. Total: 0.3281 s/iter. ETA=0:28:39
[08/06 14:11:28 d2.evaluation.evaluator]: Inference done 19679/24904. Dataloading: 0.0029 s/iter. Inference: 0.2465 s/iter. Eval: 0.0786 s/iter. Total: 0.3281 s/iter. ETA=0:28:34
[08/06 14:11:33 d2.evaluation.evaluator]: Inference done 19695/24904. Dataloading: 0.0029 s/iter. Inference: 0.2465 s/iter. Eval: 0.0786 s/iter. Total: 0.3281 s/iter. ETA=0:28:29
[08/06 14:11:38 d2.evaluation.evaluator]: Inference done 19711/24904. Dataloading: 0.0029 s/iter. Inference: 0.2465 s/iter. Eval: 0.0786 s/iter. Total: 0.3281 s/iter. ETA=0:28:23
[08/06 14:11:44 d2.evaluation.evaluator]: Inference done 19727/24904. Dataloading: 0.0029 s/iter. Inference: 0.2465 s/iter. Eval: 0.0786 s/iter. Total: 0.3281 s/iter. ETA=0:28:18
[08/06 14:11:49 d2.evaluation.evaluator]: Inference done 19743/24904. Dataloading: 0.0029 s/iter. Inference: 0.2465 s/iter. Eval: 0.0786 s/iter. Total: 0.3281 s/iter. ETA=0:28:13
[08/06 14:11:54 d2.evaluation.evaluator]: Inference done 19759/24904. Dataloading: 0.0029 s/iter. Inference: 0.2465 s/iter. Eval: 0.0786 s/iter. Total: 0.3281 s/iter. ETA=0:28:08
[08/06 14:11:59 d2.evaluation.evaluator]: Inference done 19775/24904. Dataloading: 0.0029 s/iter. Inference: 0.2465 s/iter. Eval: 0.0786 s/iter. Total: 0.3281 s/iter. ETA=0:28:02
[08/06 14:12:04 d2.evaluation.evaluator]: Inference done 19791/24904. Dataloading: 0.0029 s/iter. Inference: 0.2465 s/iter. Eval: 0.0786 s/iter. Total: 0.3281 s/iter. ETA=0:27:57
[08/06 14:12:10 d2.evaluation.evaluator]: Inference done 19807/24904. Dataloading: 0.0029 s/iter. Inference: 0.2465 s/iter. Eval: 0.0786 s/iter. Total: 0.3281 s/iter. ETA=0:27:52
[08/06 14:12:15 d2.evaluation.evaluator]: Inference done 19823/24904. Dataloading: 0.0029 s/iter. Inference: 0.2465 s/iter. Eval: 0.0786 s/iter. Total: 0.3281 s/iter. ETA=0:27:46
[08/06 14:12:20 d2.evaluation.evaluator]: Inference done 19836/24904. Dataloading: 0.0029 s/iter. Inference: 0.2465 s/iter. Eval: 0.0786 s/iter. Total: 0.3281 s/iter. ETA=0:27:42
[08/06 14:12:25 d2.evaluation.evaluator]: Inference done 19852/24904. Dataloading: 0.0029 s/iter. Inference: 0.2465 s/iter. Eval: 0.0786 s/iter. Total: 0.3281 s/iter. ETA=0:27:37
[08/06 14:12:30 d2.evaluation.evaluator]: Inference done 19868/24904. Dataloading: 0.0029 s/iter. Inference: 0.2465 s/iter. Eval: 0.0786 s/iter. Total: 0.3281 s/iter. ETA=0:27:32
[08/06 14:12:35 d2.evaluation.evaluator]: Inference done 19884/24904. Dataloading: 0.0029 s/iter. Inference: 0.2465 s/iter. Eval: 0.0786 s/iter. Total: 0.3281 s/iter. ETA=0:27:26
[08/06 14:12:41 d2.evaluation.evaluator]: Inference done 19900/24904. Dataloading: 0.0029 s/iter. Inference: 0.2465 s/iter. Eval: 0.0786 s/iter. Total: 0.3281 s/iter. ETA=0:27:21
[08/06 14:12:46 d2.evaluation.evaluator]: Inference done 19916/24904. Dataloading: 0.0029 s/iter. Inference: 0.2465 s/iter. Eval: 0.0786 s/iter. Total: 0.3281 s/iter. ETA=0:27:16
[08/06 14:12:51 d2.evaluation.evaluator]: Inference done 19930/24904. Dataloading: 0.0029 s/iter. Inference: 0.2465 s/iter. Eval: 0.0786 s/iter. Total: 0.3281 s/iter. ETA=0:27:11
[08/06 14:12:56 d2.evaluation.evaluator]: Inference done 19946/24904. Dataloading: 0.0029 s/iter. Inference: 0.2465 s/iter. Eval: 0.0786 s/iter. Total: 0.3281 s/iter. ETA=0:27:06
[08/06 14:13:01 d2.evaluation.evaluator]: Inference done 19962/24904. Dataloading: 0.0029 s/iter. Inference: 0.2465 s/iter. Eval: 0.0786 s/iter. Total: 0.3280 s/iter. ETA=0:27:01
[08/06 14:13:06 d2.evaluation.evaluator]: Inference done 19978/24904. Dataloading: 0.0029 s/iter. Inference: 0.2465 s/iter. Eval: 0.0786 s/iter. Total: 0.3280 s/iter. ETA=0:26:55
[08/06 14:13:11 d2.evaluation.evaluator]: Inference done 19994/24904. Dataloading: 0.0029 s/iter. Inference: 0.2465 s/iter. Eval: 0.0786 s/iter. Total: 0.3280 s/iter. ETA=0:26:50
[08/06 14:13:17 d2.evaluation.evaluator]: Inference done 20010/24904. Dataloading: 0.0029 s/iter. Inference: 0.2465 s/iter. Eval: 0.0786 s/iter. Total: 0.3280 s/iter. ETA=0:26:45
[08/06 14:13:22 d2.evaluation.evaluator]: Inference done 20026/24904. Dataloading: 0.0029 s/iter. Inference: 0.2465 s/iter. Eval: 0.0786 s/iter. Total: 0.3280 s/iter. ETA=0:26:40
[08/06 14:13:27 d2.evaluation.evaluator]: Inference done 20040/24904. Dataloading: 0.0029 s/iter. Inference: 0.2465 s/iter. Eval: 0.0786 s/iter. Total: 0.3280 s/iter. ETA=0:26:35
[08/06 14:13:32 d2.evaluation.evaluator]: Inference done 20056/24904. Dataloading: 0.0029 s/iter. Inference: 0.2465 s/iter. Eval: 0.0786 s/iter. Total: 0.3280 s/iter. ETA=0:26:30
[08/06 14:13:37 d2.evaluation.evaluator]: Inference done 20072/24904. Dataloading: 0.0029 s/iter. Inference: 0.2465 s/iter. Eval: 0.0786 s/iter. Total: 0.3280 s/iter. ETA=0:26:24
[08/06 14:13:42 d2.evaluation.evaluator]: Inference done 20088/24904. Dataloading: 0.0029 s/iter. Inference: 0.2465 s/iter. Eval: 0.0786 s/iter. Total: 0.3280 s/iter. ETA=0:26:19
[08/06 14:13:48 d2.evaluation.evaluator]: Inference done 20104/24904. Dataloading: 0.0029 s/iter. Inference: 0.2465 s/iter. Eval: 0.0786 s/iter. Total: 0.3280 s/iter. ETA=0:26:14
[08/06 14:13:53 d2.evaluation.evaluator]: Inference done 20120/24904. Dataloading: 0.0029 s/iter. Inference: 0.2465 s/iter. Eval: 0.0786 s/iter. Total: 0.3280 s/iter. ETA=0:26:09
[08/06 14:13:58 d2.evaluation.evaluator]: Inference done 20134/24904. Dataloading: 0.0029 s/iter. Inference: 0.2465 s/iter. Eval: 0.0786 s/iter. Total: 0.3280 s/iter. ETA=0:26:04
[08/06 14:14:03 d2.evaluation.evaluator]: Inference done 20150/24904. Dataloading: 0.0029 s/iter. Inference: 0.2465 s/iter. Eval: 0.0786 s/iter. Total: 0.3280 s/iter. ETA=0:25:59
[08/06 14:14:08 d2.evaluation.evaluator]: Inference done 20166/24904. Dataloading: 0.0029 s/iter. Inference: 0.2465 s/iter. Eval: 0.0786 s/iter. Total: 0.3280 s/iter. ETA=0:25:54
[08/06 14:14:13 d2.evaluation.evaluator]: Inference done 20182/24904. Dataloading: 0.0029 s/iter. Inference: 0.2465 s/iter. Eval: 0.0786 s/iter. Total: 0.3280 s/iter. ETA=0:25:48
[08/06 14:14:19 d2.evaluation.evaluator]: Inference done 20198/24904. Dataloading: 0.0029 s/iter. Inference: 0.2465 s/iter. Eval: 0.0786 s/iter. Total: 0.3280 s/iter. ETA=0:25:43
[08/06 14:14:24 d2.evaluation.evaluator]: Inference done 20214/24904. Dataloading: 0.0029 s/iter. Inference: 0.2464 s/iter. Eval: 0.0786 s/iter. Total: 0.3280 s/iter. ETA=0:25:38
[08/06 14:14:29 d2.evaluation.evaluator]: Inference done 20230/24904. Dataloading: 0.0029 s/iter. Inference: 0.2464 s/iter. Eval: 0.0786 s/iter. Total: 0.3280 s/iter. ETA=0:25:33
[08/06 14:14:34 d2.evaluation.evaluator]: Inference done 20244/24904. Dataloading: 0.0029 s/iter. Inference: 0.2464 s/iter. Eval: 0.0786 s/iter. Total: 0.3280 s/iter. ETA=0:25:28
[08/06 14:14:39 d2.evaluation.evaluator]: Inference done 20260/24904. Dataloading: 0.0029 s/iter. Inference: 0.2464 s/iter. Eval: 0.0786 s/iter. Total: 0.3280 s/iter. ETA=0:25:23
[08/06 14:14:45 d2.evaluation.evaluator]: Inference done 20276/24904. Dataloading: 0.0029 s/iter. Inference: 0.2464 s/iter. Eval: 0.0786 s/iter. Total: 0.3280 s/iter. ETA=0:25:17
[08/06 14:14:50 d2.evaluation.evaluator]: Inference done 20292/24904. Dataloading: 0.0029 s/iter. Inference: 0.2464 s/iter. Eval: 0.0786 s/iter. Total: 0.3280 s/iter. ETA=0:25:12
[08/06 14:14:55 d2.evaluation.evaluator]: Inference done 20308/24904. Dataloading: 0.0029 s/iter. Inference: 0.2464 s/iter. Eval: 0.0786 s/iter. Total: 0.3280 s/iter. ETA=0:25:07
[08/06 14:15:00 d2.evaluation.evaluator]: Inference done 20324/24904. Dataloading: 0.0029 s/iter. Inference: 0.2464 s/iter. Eval: 0.0786 s/iter. Total: 0.3280 s/iter. ETA=0:25:02
[08/06 14:15:05 d2.evaluation.evaluator]: Inference done 20338/24904. Dataloading: 0.0029 s/iter. Inference: 0.2464 s/iter. Eval: 0.0786 s/iter. Total: 0.3280 s/iter. ETA=0:24:57
[08/06 14:15:10 d2.evaluation.evaluator]: Inference done 20354/24904. Dataloading: 0.0029 s/iter. Inference: 0.2464 s/iter. Eval: 0.0786 s/iter. Total: 0.3280 s/iter. ETA=0:24:52
[08/06 14:15:16 d2.evaluation.evaluator]: Inference done 20370/24904. Dataloading: 0.0029 s/iter. Inference: 0.2464 s/iter. Eval: 0.0786 s/iter. Total: 0.3280 s/iter. ETA=0:24:46
[08/06 14:15:21 d2.evaluation.evaluator]: Inference done 20386/24904. Dataloading: 0.0029 s/iter. Inference: 0.2464 s/iter. Eval: 0.0786 s/iter. Total: 0.3280 s/iter. ETA=0:24:41
[08/06 14:15:26 d2.evaluation.evaluator]: Inference done 20402/24904. Dataloading: 0.0029 s/iter. Inference: 0.2464 s/iter. Eval: 0.0786 s/iter. Total: 0.3280 s/iter. ETA=0:24:36
[08/06 14:15:31 d2.evaluation.evaluator]: Inference done 20418/24904. Dataloading: 0.0029 s/iter. Inference: 0.2464 s/iter. Eval: 0.0786 s/iter. Total: 0.3279 s/iter. ETA=0:24:31
[08/06 14:15:36 d2.evaluation.evaluator]: Inference done 20434/24904. Dataloading: 0.0029 s/iter. Inference: 0.2464 s/iter. Eval: 0.0786 s/iter. Total: 0.3279 s/iter. ETA=0:24:25
[08/06 14:15:41 d2.evaluation.evaluator]: Inference done 20448/24904. Dataloading: 0.0029 s/iter. Inference: 0.2464 s/iter. Eval: 0.0786 s/iter. Total: 0.3279 s/iter. ETA=0:24:21
[08/06 14:15:46 d2.evaluation.evaluator]: Inference done 20463/24904. Dataloading: 0.0029 s/iter. Inference: 0.2464 s/iter. Eval: 0.0786 s/iter. Total: 0.3279 s/iter. ETA=0:24:16
[08/06 14:15:52 d2.evaluation.evaluator]: Inference done 20479/24904. Dataloading: 0.0029 s/iter. Inference: 0.2464 s/iter. Eval: 0.0786 s/iter. Total: 0.3279 s/iter. ETA=0:24:11
[08/06 14:15:57 d2.evaluation.evaluator]: Inference done 20495/24904. Dataloading: 0.0029 s/iter. Inference: 0.2464 s/iter. Eval: 0.0786 s/iter. Total: 0.3279 s/iter. ETA=0:24:05
[08/06 14:16:02 d2.evaluation.evaluator]: Inference done 20511/24904. Dataloading: 0.0029 s/iter. Inference: 0.2464 s/iter. Eval: 0.0786 s/iter. Total: 0.3279 s/iter. ETA=0:24:00
[08/06 14:16:07 d2.evaluation.evaluator]: Inference done 20527/24904. Dataloading: 0.0029 s/iter. Inference: 0.2464 s/iter. Eval: 0.0786 s/iter. Total: 0.3279 s/iter. ETA=0:23:55
[08/06 14:16:12 d2.evaluation.evaluator]: Inference done 20541/24904. Dataloading: 0.0029 s/iter. Inference: 0.2464 s/iter. Eval: 0.0786 s/iter. Total: 0.3279 s/iter. ETA=0:23:50
[08/06 14:16:18 d2.evaluation.evaluator]: Inference done 20557/24904. Dataloading: 0.0029 s/iter. Inference: 0.2464 s/iter. Eval: 0.0786 s/iter. Total: 0.3279 s/iter. ETA=0:23:45
[08/06 14:16:23 d2.evaluation.evaluator]: Inference done 20573/24904. Dataloading: 0.0029 s/iter. Inference: 0.2464 s/iter. Eval: 0.0786 s/iter. Total: 0.3279 s/iter. ETA=0:23:40
[08/06 14:16:28 d2.evaluation.evaluator]: Inference done 20589/24904. Dataloading: 0.0029 s/iter. Inference: 0.2464 s/iter. Eval: 0.0786 s/iter. Total: 0.3279 s/iter. ETA=0:23:35
[08/06 14:16:33 d2.evaluation.evaluator]: Inference done 20605/24904. Dataloading: 0.0029 s/iter. Inference: 0.2464 s/iter. Eval: 0.0786 s/iter. Total: 0.3279 s/iter. ETA=0:23:29
[08/06 14:16:38 d2.evaluation.evaluator]: Inference done 20621/24904. Dataloading: 0.0029 s/iter. Inference: 0.2464 s/iter. Eval: 0.0786 s/iter. Total: 0.3279 s/iter. ETA=0:23:24
[08/06 14:16:43 d2.evaluation.evaluator]: Inference done 20637/24904. Dataloading: 0.0029 s/iter. Inference: 0.2464 s/iter. Eval: 0.0786 s/iter. Total: 0.3279 s/iter. ETA=0:23:19
[08/06 14:16:49 d2.evaluation.evaluator]: Inference done 20651/24904. Dataloading: 0.0029 s/iter. Inference: 0.2464 s/iter. Eval: 0.0786 s/iter. Total: 0.3279 s/iter. ETA=0:23:14
[08/06 14:16:54 d2.evaluation.evaluator]: Inference done 20667/24904. Dataloading: 0.0029 s/iter. Inference: 0.2464 s/iter. Eval: 0.0786 s/iter. Total: 0.3279 s/iter. ETA=0:23:09
[08/06 14:16:59 d2.evaluation.evaluator]: Inference done 20683/24904. Dataloading: 0.0029 s/iter. Inference: 0.2464 s/iter. Eval: 0.0786 s/iter. Total: 0.3279 s/iter. ETA=0:23:04
[08/06 14:17:04 d2.evaluation.evaluator]: Inference done 20699/24904. Dataloading: 0.0029 s/iter. Inference: 0.2464 s/iter. Eval: 0.0786 s/iter. Total: 0.3279 s/iter. ETA=0:22:58
[08/06 14:17:09 d2.evaluation.evaluator]: Inference done 20715/24904. Dataloading: 0.0029 s/iter. Inference: 0.2464 s/iter. Eval: 0.0786 s/iter. Total: 0.3279 s/iter. ETA=0:22:53
[08/06 14:17:14 d2.evaluation.evaluator]: Inference done 20731/24904. Dataloading: 0.0029 s/iter. Inference: 0.2464 s/iter. Eval: 0.0786 s/iter. Total: 0.3279 s/iter. ETA=0:22:48
[08/06 14:17:20 d2.evaluation.evaluator]: Inference done 20745/24904. Dataloading: 0.0029 s/iter. Inference: 0.2464 s/iter. Eval: 0.0786 s/iter. Total: 0.3279 s/iter. ETA=0:22:43
[08/06 14:17:25 d2.evaluation.evaluator]: Inference done 20761/24904. Dataloading: 0.0029 s/iter. Inference: 0.2464 s/iter. Eval: 0.0786 s/iter. Total: 0.3279 s/iter. ETA=0:22:38
[08/06 14:17:30 d2.evaluation.evaluator]: Inference done 20777/24904. Dataloading: 0.0029 s/iter. Inference: 0.2464 s/iter. Eval: 0.0786 s/iter. Total: 0.3279 s/iter. ETA=0:22:33
[08/06 14:17:35 d2.evaluation.evaluator]: Inference done 20793/24904. Dataloading: 0.0029 s/iter. Inference: 0.2464 s/iter. Eval: 0.0786 s/iter. Total: 0.3279 s/iter. ETA=0:22:27
[08/06 14:17:40 d2.evaluation.evaluator]: Inference done 20809/24904. Dataloading: 0.0029 s/iter. Inference: 0.2464 s/iter. Eval: 0.0786 s/iter. Total: 0.3279 s/iter. ETA=0:22:22
[08/06 14:17:46 d2.evaluation.evaluator]: Inference done 20825/24904. Dataloading: 0.0029 s/iter. Inference: 0.2463 s/iter. Eval: 0.0786 s/iter. Total: 0.3279 s/iter. ETA=0:22:17
[08/06 14:17:51 d2.evaluation.evaluator]: Inference done 20840/24904. Dataloading: 0.0029 s/iter. Inference: 0.2463 s/iter. Eval: 0.0786 s/iter. Total: 0.3279 s/iter. ETA=0:22:12
[08/06 14:17:57 d2.evaluation.evaluator]: Inference done 20856/24904. Dataloading: 0.0029 s/iter. Inference: 0.2464 s/iter. Eval: 0.0786 s/iter. Total: 0.3279 s/iter. ETA=0:22:07
[08/06 14:18:02 d2.evaluation.evaluator]: Inference done 20872/24904. Dataloading: 0.0029 s/iter. Inference: 0.2463 s/iter. Eval: 0.0786 s/iter. Total: 0.3279 s/iter. ETA=0:22:01
[08/06 14:18:07 d2.evaluation.evaluator]: Inference done 20888/24904. Dataloading: 0.0029 s/iter. Inference: 0.2463 s/iter. Eval: 0.0786 s/iter. Total: 0.3279 s/iter. ETA=0:21:56
[08/06 14:18:12 d2.evaluation.evaluator]: Inference done 20904/24904. Dataloading: 0.0029 s/iter. Inference: 0.2463 s/iter. Eval: 0.0786 s/iter. Total: 0.3279 s/iter. ETA=0:21:51
[08/06 14:18:17 d2.evaluation.evaluator]: Inference done 20920/24904. Dataloading: 0.0029 s/iter. Inference: 0.2463 s/iter. Eval: 0.0786 s/iter. Total: 0.3279 s/iter. ETA=0:21:46
[08/06 14:18:22 d2.evaluation.evaluator]: Inference done 20936/24904. Dataloading: 0.0029 s/iter. Inference: 0.2463 s/iter. Eval: 0.0786 s/iter. Total: 0.3278 s/iter. ETA=0:21:40
[08/06 14:18:27 d2.evaluation.evaluator]: Inference done 20949/24904. Dataloading: 0.0029 s/iter. Inference: 0.2463 s/iter. Eval: 0.0786 s/iter. Total: 0.3278 s/iter. ETA=0:21:36
[08/06 14:18:33 d2.evaluation.evaluator]: Inference done 20965/24904. Dataloading: 0.0029 s/iter. Inference: 0.2463 s/iter. Eval: 0.0786 s/iter. Total: 0.3278 s/iter. ETA=0:21:31
[08/06 14:18:38 d2.evaluation.evaluator]: Inference done 20982/24904. Dataloading: 0.0029 s/iter. Inference: 0.2463 s/iter. Eval: 0.0786 s/iter. Total: 0.3278 s/iter. ETA=0:21:25
[08/06 14:18:43 d2.evaluation.evaluator]: Inference done 20998/24904. Dataloading: 0.0029 s/iter. Inference: 0.2463 s/iter. Eval: 0.0786 s/iter. Total: 0.3278 s/iter. ETA=0:21:20
[08/06 14:18:48 d2.evaluation.evaluator]: Inference done 21014/24904. Dataloading: 0.0029 s/iter. Inference: 0.2463 s/iter. Eval: 0.0786 s/iter. Total: 0.3278 s/iter. ETA=0:21:15
[08/06 14:18:53 d2.evaluation.evaluator]: Inference done 21030/24904. Dataloading: 0.0029 s/iter. Inference: 0.2463 s/iter. Eval: 0.0786 s/iter. Total: 0.3278 s/iter. ETA=0:21:09
[08/06 14:18:59 d2.evaluation.evaluator]: Inference done 21044/24904. Dataloading: 0.0029 s/iter. Inference: 0.2463 s/iter. Eval: 0.0786 s/iter. Total: 0.3278 s/iter. ETA=0:21:05
[08/06 14:19:04 d2.evaluation.evaluator]: Inference done 21060/24904. Dataloading: 0.0029 s/iter. Inference: 0.2463 s/iter. Eval: 0.0786 s/iter. Total: 0.3278 s/iter. ETA=0:21:00
[08/06 14:19:09 d2.evaluation.evaluator]: Inference done 21076/24904. Dataloading: 0.0029 s/iter. Inference: 0.2463 s/iter. Eval: 0.0786 s/iter. Total: 0.3278 s/iter. ETA=0:20:54
[08/06 14:19:14 d2.evaluation.evaluator]: Inference done 21092/24904. Dataloading: 0.0029 s/iter. Inference: 0.2463 s/iter. Eval: 0.0786 s/iter. Total: 0.3278 s/iter. ETA=0:20:49
[08/06 14:19:19 d2.evaluation.evaluator]: Inference done 21108/24904. Dataloading: 0.0029 s/iter. Inference: 0.2463 s/iter. Eval: 0.0786 s/iter. Total: 0.3278 s/iter. ETA=0:20:44
[08/06 14:19:25 d2.evaluation.evaluator]: Inference done 21124/24904. Dataloading: 0.0029 s/iter. Inference: 0.2463 s/iter. Eval: 0.0786 s/iter. Total: 0.3278 s/iter. ETA=0:20:39
[08/06 14:19:30 d2.evaluation.evaluator]: Inference done 21140/24904. Dataloading: 0.0029 s/iter. Inference: 0.2463 s/iter. Eval: 0.0786 s/iter. Total: 0.3278 s/iter. ETA=0:20:33
[08/06 14:19:35 d2.evaluation.evaluator]: Inference done 21154/24904. Dataloading: 0.0029 s/iter. Inference: 0.2463 s/iter. Eval: 0.0786 s/iter. Total: 0.3278 s/iter. ETA=0:20:29
[08/06 14:19:40 d2.evaluation.evaluator]: Inference done 21170/24904. Dataloading: 0.0029 s/iter. Inference: 0.2463 s/iter. Eval: 0.0786 s/iter. Total: 0.3278 s/iter. ETA=0:20:23
[08/06 14:19:45 d2.evaluation.evaluator]: Inference done 21186/24904. Dataloading: 0.0029 s/iter. Inference: 0.2463 s/iter. Eval: 0.0786 s/iter. Total: 0.3278 s/iter. ETA=0:20:18
[08/06 14:19:51 d2.evaluation.evaluator]: Inference done 21202/24904. Dataloading: 0.0029 s/iter. Inference: 0.2463 s/iter. Eval: 0.0786 s/iter. Total: 0.3278 s/iter. ETA=0:20:13
[08/06 14:19:56 d2.evaluation.evaluator]: Inference done 21218/24904. Dataloading: 0.0029 s/iter. Inference: 0.2463 s/iter. Eval: 0.0786 s/iter. Total: 0.3278 s/iter. ETA=0:20:08
[08/06 14:20:01 d2.evaluation.evaluator]: Inference done 21234/24904. Dataloading: 0.0029 s/iter. Inference: 0.2463 s/iter. Eval: 0.0786 s/iter. Total: 0.3278 s/iter. ETA=0:20:02
[08/06 14:20:06 d2.evaluation.evaluator]: Inference done 21248/24904. Dataloading: 0.0029 s/iter. Inference: 0.2463 s/iter. Eval: 0.0786 s/iter. Total: 0.3278 s/iter. ETA=0:19:58
[08/06 14:20:11 d2.evaluation.evaluator]: Inference done 21264/24904. Dataloading: 0.0029 s/iter. Inference: 0.2463 s/iter. Eval: 0.0786 s/iter. Total: 0.3278 s/iter. ETA=0:19:53
[08/06 14:20:16 d2.evaluation.evaluator]: Inference done 21280/24904. Dataloading: 0.0029 s/iter. Inference: 0.2463 s/iter. Eval: 0.0786 s/iter. Total: 0.3278 s/iter. ETA=0:19:47
[08/06 14:20:22 d2.evaluation.evaluator]: Inference done 21296/24904. Dataloading: 0.0029 s/iter. Inference: 0.2463 s/iter. Eval: 0.0786 s/iter. Total: 0.3278 s/iter. ETA=0:19:42
[08/06 14:20:27 d2.evaluation.evaluator]: Inference done 21312/24904. Dataloading: 0.0029 s/iter. Inference: 0.2463 s/iter. Eval: 0.0785 s/iter. Total: 0.3278 s/iter. ETA=0:19:37
[08/06 14:20:32 d2.evaluation.evaluator]: Inference done 21328/24904. Dataloading: 0.0029 s/iter. Inference: 0.2463 s/iter. Eval: 0.0785 s/iter. Total: 0.3278 s/iter. ETA=0:19:32
[08/06 14:20:37 d2.evaluation.evaluator]: Inference done 21344/24904. Dataloading: 0.0029 s/iter. Inference: 0.2463 s/iter. Eval: 0.0785 s/iter. Total: 0.3278 s/iter. ETA=0:19:26
[08/06 14:20:42 d2.evaluation.evaluator]: Inference done 21358/24904. Dataloading: 0.0029 s/iter. Inference: 0.2463 s/iter. Eval: 0.0785 s/iter. Total: 0.3278 s/iter. ETA=0:19:22
[08/06 14:20:47 d2.evaluation.evaluator]: Inference done 21374/24904. Dataloading: 0.0029 s/iter. Inference: 0.2463 s/iter. Eval: 0.0785 s/iter. Total: 0.3278 s/iter. ETA=0:19:16
[08/06 14:20:53 d2.evaluation.evaluator]: Inference done 21390/24904. Dataloading: 0.0029 s/iter. Inference: 0.2462 s/iter. Eval: 0.0785 s/iter. Total: 0.3277 s/iter. ETA=0:19:11
[08/06 14:20:58 d2.evaluation.evaluator]: Inference done 21406/24904. Dataloading: 0.0029 s/iter. Inference: 0.2462 s/iter. Eval: 0.0785 s/iter. Total: 0.3277 s/iter. ETA=0:19:06
[08/06 14:21:03 d2.evaluation.evaluator]: Inference done 21422/24904. Dataloading: 0.0029 s/iter. Inference: 0.2462 s/iter. Eval: 0.0785 s/iter. Total: 0.3277 s/iter. ETA=0:19:01
[08/06 14:21:08 d2.evaluation.evaluator]: Inference done 21438/24904. Dataloading: 0.0029 s/iter. Inference: 0.2462 s/iter. Eval: 0.0785 s/iter. Total: 0.3277 s/iter. ETA=0:18:55
[08/06 14:21:13 d2.evaluation.evaluator]: Inference done 21452/24904. Dataloading: 0.0029 s/iter. Inference: 0.2462 s/iter. Eval: 0.0785 s/iter. Total: 0.3277 s/iter. ETA=0:18:51
[08/06 14:21:18 d2.evaluation.evaluator]: Inference done 21468/24904. Dataloading: 0.0029 s/iter. Inference: 0.2462 s/iter. Eval: 0.0785 s/iter. Total: 0.3277 s/iter. ETA=0:18:46
[08/06 14:21:24 d2.evaluation.evaluator]: Inference done 21484/24904. Dataloading: 0.0029 s/iter. Inference: 0.2462 s/iter. Eval: 0.0785 s/iter. Total: 0.3277 s/iter. ETA=0:18:40
[08/06 14:21:29 d2.evaluation.evaluator]: Inference done 21500/24904. Dataloading: 0.0029 s/iter. Inference: 0.2462 s/iter. Eval: 0.0785 s/iter. Total: 0.3277 s/iter. ETA=0:18:35
[08/06 14:21:34 d2.evaluation.evaluator]: Inference done 21516/24904. Dataloading: 0.0029 s/iter. Inference: 0.2462 s/iter. Eval: 0.0785 s/iter. Total: 0.3277 s/iter. ETA=0:18:30
[08/06 14:21:39 d2.evaluation.evaluator]: Inference done 21532/24904. Dataloading: 0.0029 s/iter. Inference: 0.2462 s/iter. Eval: 0.0785 s/iter. Total: 0.3277 s/iter. ETA=0:18:25
[08/06 14:21:44 d2.evaluation.evaluator]: Inference done 21548/24904. Dataloading: 0.0029 s/iter. Inference: 0.2462 s/iter. Eval: 0.0785 s/iter. Total: 0.3277 s/iter. ETA=0:18:19
[08/06 14:21:49 d2.evaluation.evaluator]: Inference done 21562/24904. Dataloading: 0.0029 s/iter. Inference: 0.2462 s/iter. Eval: 0.0785 s/iter. Total: 0.3277 s/iter. ETA=0:18:15
[08/06 14:21:55 d2.evaluation.evaluator]: Inference done 21578/24904. Dataloading: 0.0029 s/iter. Inference: 0.2462 s/iter. Eval: 0.0785 s/iter. Total: 0.3277 s/iter. ETA=0:18:09
[08/06 14:22:00 d2.evaluation.evaluator]: Inference done 21594/24904. Dataloading: 0.0029 s/iter. Inference: 0.2462 s/iter. Eval: 0.0785 s/iter. Total: 0.3277 s/iter. ETA=0:18:04
[08/06 14:22:05 d2.evaluation.evaluator]: Inference done 21610/24904. Dataloading: 0.0029 s/iter. Inference: 0.2462 s/iter. Eval: 0.0785 s/iter. Total: 0.3277 s/iter. ETA=0:17:59
[08/06 14:22:10 d2.evaluation.evaluator]: Inference done 21626/24904. Dataloading: 0.0029 s/iter. Inference: 0.2462 s/iter. Eval: 0.0785 s/iter. Total: 0.3277 s/iter. ETA=0:17:54
[08/06 14:22:15 d2.evaluation.evaluator]: Inference done 21642/24904. Dataloading: 0.0029 s/iter. Inference: 0.2462 s/iter. Eval: 0.0785 s/iter. Total: 0.3277 s/iter. ETA=0:17:48
[08/06 14:22:21 d2.evaluation.evaluator]: Inference done 21656/24904. Dataloading: 0.0029 s/iter. Inference: 0.2462 s/iter. Eval: 0.0785 s/iter. Total: 0.3277 s/iter. ETA=0:17:44
[08/06 14:22:26 d2.evaluation.evaluator]: Inference done 21672/24904. Dataloading: 0.0029 s/iter. Inference: 0.2462 s/iter. Eval: 0.0785 s/iter. Total: 0.3277 s/iter. ETA=0:17:39
[08/06 14:22:31 d2.evaluation.evaluator]: Inference done 21688/24904. Dataloading: 0.0029 s/iter. Inference: 0.2462 s/iter. Eval: 0.0785 s/iter. Total: 0.3277 s/iter. ETA=0:17:33
[08/06 14:22:36 d2.evaluation.evaluator]: Inference done 21704/24904. Dataloading: 0.0029 s/iter. Inference: 0.2462 s/iter. Eval: 0.0785 s/iter. Total: 0.3277 s/iter. ETA=0:17:28
[08/06 14:22:41 d2.evaluation.evaluator]: Inference done 21720/24904. Dataloading: 0.0029 s/iter. Inference: 0.2462 s/iter. Eval: 0.0785 s/iter. Total: 0.3277 s/iter. ETA=0:17:23
[08/06 14:22:47 d2.evaluation.evaluator]: Inference done 21736/24904. Dataloading: 0.0029 s/iter. Inference: 0.2462 s/iter. Eval: 0.0785 s/iter. Total: 0.3277 s/iter. ETA=0:17:18
[08/06 14:22:52 d2.evaluation.evaluator]: Inference done 21752/24904. Dataloading: 0.0029 s/iter. Inference: 0.2462 s/iter. Eval: 0.0785 s/iter. Total: 0.3277 s/iter. ETA=0:17:12
[08/06 14:22:58 d2.evaluation.evaluator]: Inference done 21768/24904. Dataloading: 0.0029 s/iter. Inference: 0.2462 s/iter. Eval: 0.0785 s/iter. Total: 0.3277 s/iter. ETA=0:17:07
[08/06 14:23:03 d2.evaluation.evaluator]: Inference done 21784/24904. Dataloading: 0.0029 s/iter. Inference: 0.2462 s/iter. Eval: 0.0785 s/iter. Total: 0.3277 s/iter. ETA=0:17:02
[08/06 14:23:08 d2.evaluation.evaluator]: Inference done 21800/24904. Dataloading: 0.0029 s/iter. Inference: 0.2462 s/iter. Eval: 0.0785 s/iter. Total: 0.3277 s/iter. ETA=0:16:57
[08/06 14:23:13 d2.evaluation.evaluator]: Inference done 21816/24904. Dataloading: 0.0029 s/iter. Inference: 0.2462 s/iter. Eval: 0.0785 s/iter. Total: 0.3277 s/iter. ETA=0:16:51
[08/06 14:23:18 d2.evaluation.evaluator]: Inference done 21832/24904. Dataloading: 0.0029 s/iter. Inference: 0.2462 s/iter. Eval: 0.0785 s/iter. Total: 0.3277 s/iter. ETA=0:16:46
[08/06 14:23:24 d2.evaluation.evaluator]: Inference done 21848/24904. Dataloading: 0.0029 s/iter. Inference: 0.2462 s/iter. Eval: 0.0785 s/iter. Total: 0.3277 s/iter. ETA=0:16:41
[08/06 14:23:29 d2.evaluation.evaluator]: Inference done 21862/24904. Dataloading: 0.0029 s/iter. Inference: 0.2462 s/iter. Eval: 0.0785 s/iter. Total: 0.3277 s/iter. ETA=0:16:36
[08/06 14:23:34 d2.evaluation.evaluator]: Inference done 21878/24904. Dataloading: 0.0029 s/iter. Inference: 0.2462 s/iter. Eval: 0.0785 s/iter. Total: 0.3277 s/iter. ETA=0:16:31
[08/06 14:23:39 d2.evaluation.evaluator]: Inference done 21894/24904. Dataloading: 0.0029 s/iter. Inference: 0.2462 s/iter. Eval: 0.0785 s/iter. Total: 0.3276 s/iter. ETA=0:16:26
[08/06 14:23:44 d2.evaluation.evaluator]: Inference done 21910/24904. Dataloading: 0.0029 s/iter. Inference: 0.2462 s/iter. Eval: 0.0785 s/iter. Total: 0.3276 s/iter. ETA=0:16:20
[08/06 14:23:49 d2.evaluation.evaluator]: Inference done 21926/24904. Dataloading: 0.0029 s/iter. Inference: 0.2462 s/iter. Eval: 0.0785 s/iter. Total: 0.3276 s/iter. ETA=0:16:15
[08/06 14:23:55 d2.evaluation.evaluator]: Inference done 21942/24904. Dataloading: 0.0029 s/iter. Inference: 0.2462 s/iter. Eval: 0.0785 s/iter. Total: 0.3276 s/iter. ETA=0:16:10
[08/06 14:24:00 d2.evaluation.evaluator]: Inference done 21956/24904. Dataloading: 0.0029 s/iter. Inference: 0.2462 s/iter. Eval: 0.0785 s/iter. Total: 0.3276 s/iter. ETA=0:16:05
[08/06 14:24:05 d2.evaluation.evaluator]: Inference done 21972/24904. Dataloading: 0.0029 s/iter. Inference: 0.2462 s/iter. Eval: 0.0785 s/iter. Total: 0.3276 s/iter. ETA=0:16:00
[08/06 14:24:10 d2.evaluation.evaluator]: Inference done 21988/24904. Dataloading: 0.0029 s/iter. Inference: 0.2462 s/iter. Eval: 0.0785 s/iter. Total: 0.3276 s/iter. ETA=0:15:55
[08/06 14:24:16 d2.evaluation.evaluator]: Inference done 22004/24904. Dataloading: 0.0029 s/iter. Inference: 0.2462 s/iter. Eval: 0.0785 s/iter. Total: 0.3276 s/iter. ETA=0:15:50
[08/06 14:24:21 d2.evaluation.evaluator]: Inference done 22020/24904. Dataloading: 0.0029 s/iter. Inference: 0.2461 s/iter. Eval: 0.0785 s/iter. Total: 0.3276 s/iter. ETA=0:15:44
[08/06 14:24:26 d2.evaluation.evaluator]: Inference done 22036/24904. Dataloading: 0.0029 s/iter. Inference: 0.2461 s/iter. Eval: 0.0785 s/iter. Total: 0.3276 s/iter. ETA=0:15:39
[08/06 14:24:31 d2.evaluation.evaluator]: Inference done 22052/24904. Dataloading: 0.0029 s/iter. Inference: 0.2461 s/iter. Eval: 0.0785 s/iter. Total: 0.3276 s/iter. ETA=0:15:34
[08/06 14:24:36 d2.evaluation.evaluator]: Inference done 22065/24904. Dataloading: 0.0029 s/iter. Inference: 0.2461 s/iter. Eval: 0.0785 s/iter. Total: 0.3276 s/iter. ETA=0:15:30
[08/06 14:24:41 d2.evaluation.evaluator]: Inference done 22081/24904. Dataloading: 0.0029 s/iter. Inference: 0.2461 s/iter. Eval: 0.0785 s/iter. Total: 0.3276 s/iter. ETA=0:15:24
[08/06 14:24:46 d2.evaluation.evaluator]: Inference done 22097/24904. Dataloading: 0.0029 s/iter. Inference: 0.2461 s/iter. Eval: 0.0785 s/iter. Total: 0.3276 s/iter. ETA=0:15:19
[08/06 14:24:52 d2.evaluation.evaluator]: Inference done 22113/24904. Dataloading: 0.0029 s/iter. Inference: 0.2461 s/iter. Eval: 0.0785 s/iter. Total: 0.3276 s/iter. ETA=0:15:14
[08/06 14:24:57 d2.evaluation.evaluator]: Inference done 22129/24904. Dataloading: 0.0029 s/iter. Inference: 0.2461 s/iter. Eval: 0.0785 s/iter. Total: 0.3276 s/iter. ETA=0:15:09
[08/06 14:25:02 d2.evaluation.evaluator]: Inference done 22145/24904. Dataloading: 0.0029 s/iter. Inference: 0.2461 s/iter. Eval: 0.0785 s/iter. Total: 0.3276 s/iter. ETA=0:15:03
[08/06 14:25:07 d2.evaluation.evaluator]: Inference done 22158/24904. Dataloading: 0.0029 s/iter. Inference: 0.2461 s/iter. Eval: 0.0785 s/iter. Total: 0.3276 s/iter. ETA=0:14:59
[08/06 14:25:12 d2.evaluation.evaluator]: Inference done 22174/24904. Dataloading: 0.0029 s/iter. Inference: 0.2461 s/iter. Eval: 0.0785 s/iter. Total: 0.3276 s/iter. ETA=0:14:54
[08/06 14:25:17 d2.evaluation.evaluator]: Inference done 22190/24904. Dataloading: 0.0029 s/iter. Inference: 0.2461 s/iter. Eval: 0.0785 s/iter. Total: 0.3276 s/iter. ETA=0:14:49
[08/06 14:25:23 d2.evaluation.evaluator]: Inference done 22199/24904. Dataloading: 0.0030 s/iter. Inference: 0.2461 s/iter. Eval: 0.0785 s/iter. Total: 0.3277 s/iter. ETA=0:14:46
[08/06 14:25:28 d2.evaluation.evaluator]: Inference done 22207/24904. Dataloading: 0.0031 s/iter. Inference: 0.2461 s/iter. Eval: 0.0785 s/iter. Total: 0.3278 s/iter. ETA=0:14:44
[08/06 14:25:33 d2.evaluation.evaluator]: Inference done 22215/24904. Dataloading: 0.0033 s/iter. Inference: 0.2461 s/iter. Eval: 0.0785 s/iter. Total: 0.3279 s/iter. ETA=0:14:41
[08/06 14:25:39 d2.evaluation.evaluator]: Inference done 22224/24904. Dataloading: 0.0034 s/iter. Inference: 0.2461 s/iter. Eval: 0.0785 s/iter. Total: 0.3281 s/iter. ETA=0:14:39
[08/06 14:25:45 d2.evaluation.evaluator]: Inference done 22232/24904. Dataloading: 0.0035 s/iter. Inference: 0.2461 s/iter. Eval: 0.0785 s/iter. Total: 0.3282 s/iter. ETA=0:14:36
[08/06 14:25:50 d2.evaluation.evaluator]: Inference done 22240/24904. Dataloading: 0.0036 s/iter. Inference: 0.2461 s/iter. Eval: 0.0785 s/iter. Total: 0.3283 s/iter. ETA=0:14:34
[08/06 14:25:55 d2.evaluation.evaluator]: Inference done 22248/24904. Dataloading: 0.0037 s/iter. Inference: 0.2461 s/iter. Eval: 0.0785 s/iter. Total: 0.3284 s/iter. ETA=0:14:32
[08/06 14:26:01 d2.evaluation.evaluator]: Inference done 22255/24904. Dataloading: 0.0039 s/iter. Inference: 0.2461 s/iter. Eval: 0.0785 s/iter. Total: 0.3286 s/iter. ETA=0:14:30
[08/06 14:26:06 d2.evaluation.evaluator]: Inference done 22262/24904. Dataloading: 0.0040 s/iter. Inference: 0.2461 s/iter. Eval: 0.0785 s/iter. Total: 0.3287 s/iter. ETA=0:14:28
[08/06 14:26:11 d2.evaluation.evaluator]: Inference done 22270/24904. Dataloading: 0.0041 s/iter. Inference: 0.2461 s/iter. Eval: 0.0785 s/iter. Total: 0.3288 s/iter. ETA=0:14:26
[08/06 14:26:17 d2.evaluation.evaluator]: Inference done 22278/24904. Dataloading: 0.0042 s/iter. Inference: 0.2461 s/iter. Eval: 0.0785 s/iter. Total: 0.3289 s/iter. ETA=0:14:23
[08/06 14:26:22 d2.evaluation.evaluator]: Inference done 22286/24904. Dataloading: 0.0043 s/iter. Inference: 0.2461 s/iter. Eval: 0.0785 s/iter. Total: 0.3290 s/iter. ETA=0:14:21
[08/06 14:26:27 d2.evaluation.evaluator]: Inference done 22294/24904. Dataloading: 0.0044 s/iter. Inference: 0.2461 s/iter. Eval: 0.0785 s/iter. Total: 0.3291 s/iter. ETA=0:14:19
[08/06 14:26:32 d2.evaluation.evaluator]: Inference done 22302/24904. Dataloading: 0.0046 s/iter. Inference: 0.2461 s/iter. Eval: 0.0785 s/iter. Total: 0.3293 s/iter. ETA=0:14:16
[08/06 14:26:38 d2.evaluation.evaluator]: Inference done 22312/24904. Dataloading: 0.0047 s/iter. Inference: 0.2461 s/iter. Eval: 0.0785 s/iter. Total: 0.3293 s/iter. ETA=0:14:13
[08/06 14:26:44 d2.evaluation.evaluator]: Inference done 22322/24904. Dataloading: 0.0048 s/iter. Inference: 0.2461 s/iter. Eval: 0.0785 s/iter. Total: 0.3295 s/iter. ETA=0:14:10
[08/06 14:26:49 d2.evaluation.evaluator]: Inference done 22330/24904. Dataloading: 0.0049 s/iter. Inference: 0.2461 s/iter. Eval: 0.0785 s/iter. Total: 0.3296 s/iter. ETA=0:14:08
[08/06 14:26:54 d2.evaluation.evaluator]: Inference done 22340/24904. Dataloading: 0.0050 s/iter. Inference: 0.2461 s/iter. Eval: 0.0785 s/iter. Total: 0.3296 s/iter. ETA=0:14:05
[08/06 14:27:00 d2.evaluation.evaluator]: Inference done 22350/24904. Dataloading: 0.0051 s/iter. Inference: 0.2461 s/iter. Eval: 0.0785 s/iter. Total: 0.3298 s/iter. ETA=0:14:02
[08/06 14:27:06 d2.evaluation.evaluator]: Inference done 22362/24904. Dataloading: 0.0052 s/iter. Inference: 0.2461 s/iter. Eval: 0.0785 s/iter. Total: 0.3298 s/iter. ETA=0:13:58
[08/06 14:27:12 d2.evaluation.evaluator]: Inference done 22370/24904. Dataloading: 0.0053 s/iter. Inference: 0.2461 s/iter. Eval: 0.0785 s/iter. Total: 0.3300 s/iter. ETA=0:13:56
[08/06 14:27:17 d2.evaluation.evaluator]: Inference done 22379/24904. Dataloading: 0.0054 s/iter. Inference: 0.2461 s/iter. Eval: 0.0785 s/iter. Total: 0.3301 s/iter. ETA=0:13:53
[08/06 14:27:22 d2.evaluation.evaluator]: Inference done 22387/24904. Dataloading: 0.0055 s/iter. Inference: 0.2461 s/iter. Eval: 0.0785 s/iter. Total: 0.3302 s/iter. ETA=0:13:51
[08/06 14:27:27 d2.evaluation.evaluator]: Inference done 22396/24904. Dataloading: 0.0056 s/iter. Inference: 0.2461 s/iter. Eval: 0.0785 s/iter. Total: 0.3303 s/iter. ETA=0:13:48
[08/06 14:27:33 d2.evaluation.evaluator]: Inference done 22404/24904. Dataloading: 0.0057 s/iter. Inference: 0.2461 s/iter. Eval: 0.0785 s/iter. Total: 0.3304 s/iter. ETA=0:13:45
[08/06 14:27:38 d2.evaluation.evaluator]: Inference done 22420/24904. Dataloading: 0.0057 s/iter. Inference: 0.2461 s/iter. Eval: 0.0785 s/iter. Total: 0.3304 s/iter. ETA=0:13:40
[08/06 14:27:43 d2.evaluation.evaluator]: Inference done 22436/24904. Dataloading: 0.0057 s/iter. Inference: 0.2461 s/iter. Eval: 0.0785 s/iter. Total: 0.3304 s/iter. ETA=0:13:35
[08/06 14:27:48 d2.evaluation.evaluator]: Inference done 22452/24904. Dataloading: 0.0057 s/iter. Inference: 0.2461 s/iter. Eval: 0.0785 s/iter. Total: 0.3304 s/iter. ETA=0:13:30
[08/06 14:27:54 d2.evaluation.evaluator]: Inference done 22468/24904. Dataloading: 0.0057 s/iter. Inference: 0.2461 s/iter. Eval: 0.0785 s/iter. Total: 0.3304 s/iter. ETA=0:13:24
[08/06 14:27:59 d2.evaluation.evaluator]: Inference done 22484/24904. Dataloading: 0.0057 s/iter. Inference: 0.2461 s/iter. Eval: 0.0785 s/iter. Total: 0.3303 s/iter. ETA=0:13:19
[08/06 14:28:04 d2.evaluation.evaluator]: Inference done 22500/24904. Dataloading: 0.0057 s/iter. Inference: 0.2460 s/iter. Eval: 0.0785 s/iter. Total: 0.3303 s/iter. ETA=0:13:14
[08/06 14:28:09 d2.evaluation.evaluator]: Inference done 22516/24904. Dataloading: 0.0057 s/iter. Inference: 0.2460 s/iter. Eval: 0.0785 s/iter. Total: 0.3303 s/iter. ETA=0:13:08
[08/06 14:28:15 d2.evaluation.evaluator]: Inference done 22532/24904. Dataloading: 0.0057 s/iter. Inference: 0.2460 s/iter. Eval: 0.0785 s/iter. Total: 0.3303 s/iter. ETA=0:13:03
[08/06 14:28:20 d2.evaluation.evaluator]: Inference done 22548/24904. Dataloading: 0.0057 s/iter. Inference: 0.2460 s/iter. Eval: 0.0785 s/iter. Total: 0.3303 s/iter. ETA=0:12:58
[08/06 14:28:25 d2.evaluation.evaluator]: Inference done 22564/24904. Dataloading: 0.0057 s/iter. Inference: 0.2460 s/iter. Eval: 0.0785 s/iter. Total: 0.3303 s/iter. ETA=0:12:52
[08/06 14:28:30 d2.evaluation.evaluator]: Inference done 22578/24904. Dataloading: 0.0057 s/iter. Inference: 0.2460 s/iter. Eval: 0.0785 s/iter. Total: 0.3303 s/iter. ETA=0:12:48
[08/06 14:28:35 d2.evaluation.evaluator]: Inference done 22594/24904. Dataloading: 0.0057 s/iter. Inference: 0.2460 s/iter. Eval: 0.0785 s/iter. Total: 0.3303 s/iter. ETA=0:12:43
[08/06 14:28:41 d2.evaluation.evaluator]: Inference done 22610/24904. Dataloading: 0.0057 s/iter. Inference: 0.2460 s/iter. Eval: 0.0785 s/iter. Total: 0.3303 s/iter. ETA=0:12:37
[08/06 14:28:46 d2.evaluation.evaluator]: Inference done 22626/24904. Dataloading: 0.0057 s/iter. Inference: 0.2460 s/iter. Eval: 0.0785 s/iter. Total: 0.3303 s/iter. ETA=0:12:32
[08/06 14:28:51 d2.evaluation.evaluator]: Inference done 22642/24904. Dataloading: 0.0057 s/iter. Inference: 0.2460 s/iter. Eval: 0.0785 s/iter. Total: 0.3303 s/iter. ETA=0:12:27
[08/06 14:28:56 d2.evaluation.evaluator]: Inference done 22658/24904. Dataloading: 0.0057 s/iter. Inference: 0.2460 s/iter. Eval: 0.0785 s/iter. Total: 0.3303 s/iter. ETA=0:12:21
[08/06 14:29:01 d2.evaluation.evaluator]: Inference done 22672/24904. Dataloading: 0.0057 s/iter. Inference: 0.2460 s/iter. Eval: 0.0785 s/iter. Total: 0.3303 s/iter. ETA=0:12:17
[08/06 14:29:07 d2.evaluation.evaluator]: Inference done 22688/24904. Dataloading: 0.0057 s/iter. Inference: 0.2460 s/iter. Eval: 0.0785 s/iter. Total: 0.3303 s/iter. ETA=0:12:11
[08/06 14:29:12 d2.evaluation.evaluator]: Inference done 22704/24904. Dataloading: 0.0057 s/iter. Inference: 0.2460 s/iter. Eval: 0.0785 s/iter. Total: 0.3303 s/iter. ETA=0:12:06
[08/06 14:29:17 d2.evaluation.evaluator]: Inference done 22720/24904. Dataloading: 0.0057 s/iter. Inference: 0.2460 s/iter. Eval: 0.0785 s/iter. Total: 0.3303 s/iter. ETA=0:12:01
[08/06 14:29:22 d2.evaluation.evaluator]: Inference done 22736/24904. Dataloading: 0.0057 s/iter. Inference: 0.2460 s/iter. Eval: 0.0785 s/iter. Total: 0.3303 s/iter. ETA=0:11:56
[08/06 14:29:27 d2.evaluation.evaluator]: Inference done 22752/24904. Dataloading: 0.0057 s/iter. Inference: 0.2460 s/iter. Eval: 0.0785 s/iter. Total: 0.3303 s/iter. ETA=0:11:50
[08/06 14:29:32 d2.evaluation.evaluator]: Inference done 22768/24904. Dataloading: 0.0057 s/iter. Inference: 0.2460 s/iter. Eval: 0.0785 s/iter. Total: 0.3303 s/iter. ETA=0:11:45
[08/06 14:29:38 d2.evaluation.evaluator]: Inference done 22782/24904. Dataloading: 0.0057 s/iter. Inference: 0.2460 s/iter. Eval: 0.0785 s/iter. Total: 0.3303 s/iter. ETA=0:11:40
[08/06 14:29:43 d2.evaluation.evaluator]: Inference done 22798/24904. Dataloading: 0.0057 s/iter. Inference: 0.2460 s/iter. Eval: 0.0785 s/iter. Total: 0.3302 s/iter. ETA=0:11:35
[08/06 14:29:48 d2.evaluation.evaluator]: Inference done 22814/24904. Dataloading: 0.0057 s/iter. Inference: 0.2460 s/iter. Eval: 0.0785 s/iter. Total: 0.3302 s/iter. ETA=0:11:30
[08/06 14:29:53 d2.evaluation.evaluator]: Inference done 22830/24904. Dataloading: 0.0057 s/iter. Inference: 0.2460 s/iter. Eval: 0.0785 s/iter. Total: 0.3302 s/iter. ETA=0:11:24
[08/06 14:29:58 d2.evaluation.evaluator]: Inference done 22846/24904. Dataloading: 0.0057 s/iter. Inference: 0.2460 s/iter. Eval: 0.0785 s/iter. Total: 0.3302 s/iter. ETA=0:11:19
[08/06 14:30:03 d2.evaluation.evaluator]: Inference done 22862/24904. Dataloading: 0.0057 s/iter. Inference: 0.2460 s/iter. Eval: 0.0785 s/iter. Total: 0.3302 s/iter. ETA=0:11:14
[08/06 14:30:08 d2.evaluation.evaluator]: Inference done 22876/24904. Dataloading: 0.0056 s/iter. Inference: 0.2460 s/iter. Eval: 0.0785 s/iter. Total: 0.3302 s/iter. ETA=0:11:09
[08/06 14:30:14 d2.evaluation.evaluator]: Inference done 22892/24904. Dataloading: 0.0056 s/iter. Inference: 0.2460 s/iter. Eval: 0.0785 s/iter. Total: 0.3302 s/iter. ETA=0:11:04
[08/06 14:30:19 d2.evaluation.evaluator]: Inference done 22908/24904. Dataloading: 0.0056 s/iter. Inference: 0.2460 s/iter. Eval: 0.0785 s/iter. Total: 0.3302 s/iter. ETA=0:10:59
[08/06 14:30:24 d2.evaluation.evaluator]: Inference done 22924/24904. Dataloading: 0.0056 s/iter. Inference: 0.2460 s/iter. Eval: 0.0785 s/iter. Total: 0.3302 s/iter. ETA=0:10:53
[08/06 14:30:29 d2.evaluation.evaluator]: Inference done 22940/24904. Dataloading: 0.0056 s/iter. Inference: 0.2460 s/iter. Eval: 0.0785 s/iter. Total: 0.3302 s/iter. ETA=0:10:48
[08/06 14:30:34 d2.evaluation.evaluator]: Inference done 22956/24904. Dataloading: 0.0056 s/iter. Inference: 0.2460 s/iter. Eval: 0.0785 s/iter. Total: 0.3302 s/iter. ETA=0:10:43
[08/06 14:30:39 d2.evaluation.evaluator]: Inference done 22972/24904. Dataloading: 0.0056 s/iter. Inference: 0.2460 s/iter. Eval: 0.0785 s/iter. Total: 0.3302 s/iter. ETA=0:10:37
[08/06 14:30:44 d2.evaluation.evaluator]: Inference done 22985/24904. Dataloading: 0.0056 s/iter. Inference: 0.2460 s/iter. Eval: 0.0785 s/iter. Total: 0.3302 s/iter. ETA=0:10:33
[08/06 14:30:50 d2.evaluation.evaluator]: Inference done 23001/24904. Dataloading: 0.0056 s/iter. Inference: 0.2460 s/iter. Eval: 0.0785 s/iter. Total: 0.3302 s/iter. ETA=0:10:28
[08/06 14:30:55 d2.evaluation.evaluator]: Inference done 23017/24904. Dataloading: 0.0056 s/iter. Inference: 0.2459 s/iter. Eval: 0.0785 s/iter. Total: 0.3302 s/iter. ETA=0:10:23
[08/06 14:31:00 d2.evaluation.evaluator]: Inference done 23033/24904. Dataloading: 0.0056 s/iter. Inference: 0.2459 s/iter. Eval: 0.0785 s/iter. Total: 0.3302 s/iter. ETA=0:10:17
[08/06 14:31:05 d2.evaluation.evaluator]: Inference done 23049/24904. Dataloading: 0.0056 s/iter. Inference: 0.2459 s/iter. Eval: 0.0785 s/iter. Total: 0.3302 s/iter. ETA=0:10:12
[08/06 14:31:10 d2.evaluation.evaluator]: Inference done 23065/24904. Dataloading: 0.0056 s/iter. Inference: 0.2459 s/iter. Eval: 0.0785 s/iter. Total: 0.3301 s/iter. ETA=0:10:07
[08/06 14:31:15 d2.evaluation.evaluator]: Inference done 23078/24904. Dataloading: 0.0056 s/iter. Inference: 0.2459 s/iter. Eval: 0.0785 s/iter. Total: 0.3301 s/iter. ETA=0:10:02
[08/06 14:31:21 d2.evaluation.evaluator]: Inference done 23094/24904. Dataloading: 0.0056 s/iter. Inference: 0.2459 s/iter. Eval: 0.0785 s/iter. Total: 0.3301 s/iter. ETA=0:09:57
[08/06 14:31:26 d2.evaluation.evaluator]: Inference done 23110/24904. Dataloading: 0.0056 s/iter. Inference: 0.2459 s/iter. Eval: 0.0785 s/iter. Total: 0.3301 s/iter. ETA=0:09:52
[08/06 14:31:31 d2.evaluation.evaluator]: Inference done 23126/24904. Dataloading: 0.0056 s/iter. Inference: 0.2459 s/iter. Eval: 0.0785 s/iter. Total: 0.3301 s/iter. ETA=0:09:46
[08/06 14:31:36 d2.evaluation.evaluator]: Inference done 23142/24904. Dataloading: 0.0056 s/iter. Inference: 0.2459 s/iter. Eval: 0.0785 s/iter. Total: 0.3301 s/iter. ETA=0:09:41
[08/06 14:31:41 d2.evaluation.evaluator]: Inference done 23158/24904. Dataloading: 0.0056 s/iter. Inference: 0.2459 s/iter. Eval: 0.0785 s/iter. Total: 0.3301 s/iter. ETA=0:09:36
[08/06 14:31:46 d2.evaluation.evaluator]: Inference done 23174/24904. Dataloading: 0.0056 s/iter. Inference: 0.2459 s/iter. Eval: 0.0785 s/iter. Total: 0.3301 s/iter. ETA=0:09:31
[08/06 14:31:51 d2.evaluation.evaluator]: Inference done 23187/24904. Dataloading: 0.0056 s/iter. Inference: 0.2459 s/iter. Eval: 0.0785 s/iter. Total: 0.3301 s/iter. ETA=0:09:26
[08/06 14:31:56 d2.evaluation.evaluator]: Inference done 23203/24904. Dataloading: 0.0056 s/iter. Inference: 0.2459 s/iter. Eval: 0.0785 s/iter. Total: 0.3301 s/iter. ETA=0:09:21
[08/06 14:32:02 d2.evaluation.evaluator]: Inference done 23219/24904. Dataloading: 0.0056 s/iter. Inference: 0.2459 s/iter. Eval: 0.0785 s/iter. Total: 0.3301 s/iter. ETA=0:09:16
[08/06 14:32:07 d2.evaluation.evaluator]: Inference done 23236/24904. Dataloading: 0.0056 s/iter. Inference: 0.2459 s/iter. Eval: 0.0785 s/iter. Total: 0.3301 s/iter. ETA=0:09:10
[08/06 14:32:12 d2.evaluation.evaluator]: Inference done 23252/24904. Dataloading: 0.0056 s/iter. Inference: 0.2459 s/iter. Eval: 0.0785 s/iter. Total: 0.3301 s/iter. ETA=0:09:05
[08/06 14:32:17 d2.evaluation.evaluator]: Inference done 23268/24904. Dataloading: 0.0056 s/iter. Inference: 0.2459 s/iter. Eval: 0.0785 s/iter. Total: 0.3301 s/iter. ETA=0:08:59
[08/06 14:32:22 d2.evaluation.evaluator]: Inference done 23281/24904. Dataloading: 0.0056 s/iter. Inference: 0.2459 s/iter. Eval: 0.0785 s/iter. Total: 0.3301 s/iter. ETA=0:08:55
[08/06 14:32:27 d2.evaluation.evaluator]: Inference done 23297/24904. Dataloading: 0.0056 s/iter. Inference: 0.2459 s/iter. Eval: 0.0785 s/iter. Total: 0.3301 s/iter. ETA=0:08:50
[08/06 14:32:32 d2.evaluation.evaluator]: Inference done 23313/24904. Dataloading: 0.0056 s/iter. Inference: 0.2459 s/iter. Eval: 0.0785 s/iter. Total: 0.3301 s/iter. ETA=0:08:45
[08/06 14:32:38 d2.evaluation.evaluator]: Inference done 23329/24904. Dataloading: 0.0056 s/iter. Inference: 0.2459 s/iter. Eval: 0.0785 s/iter. Total: 0.3300 s/iter. ETA=0:08:39
[08/06 14:32:43 d2.evaluation.evaluator]: Inference done 23345/24904. Dataloading: 0.0056 s/iter. Inference: 0.2459 s/iter. Eval: 0.0785 s/iter. Total: 0.3300 s/iter. ETA=0:08:34
[08/06 14:32:48 d2.evaluation.evaluator]: Inference done 23361/24904. Dataloading: 0.0056 s/iter. Inference: 0.2459 s/iter. Eval: 0.0785 s/iter. Total: 0.3300 s/iter. ETA=0:08:29
[08/06 14:32:53 d2.evaluation.evaluator]: Inference done 23377/24904. Dataloading: 0.0056 s/iter. Inference: 0.2459 s/iter. Eval: 0.0785 s/iter. Total: 0.3300 s/iter. ETA=0:08:23
[08/06 14:32:58 d2.evaluation.evaluator]: Inference done 23390/24904. Dataloading: 0.0056 s/iter. Inference: 0.2459 s/iter. Eval: 0.0785 s/iter. Total: 0.3300 s/iter. ETA=0:08:19
[08/06 14:33:03 d2.evaluation.evaluator]: Inference done 23406/24904. Dataloading: 0.0056 s/iter. Inference: 0.2459 s/iter. Eval: 0.0785 s/iter. Total: 0.3300 s/iter. ETA=0:08:14
[08/06 14:33:08 d2.evaluation.evaluator]: Inference done 23422/24904. Dataloading: 0.0056 s/iter. Inference: 0.2459 s/iter. Eval: 0.0785 s/iter. Total: 0.3300 s/iter. ETA=0:08:09
[08/06 14:33:13 d2.evaluation.evaluator]: Inference done 23438/24904. Dataloading: 0.0056 s/iter. Inference: 0.2459 s/iter. Eval: 0.0785 s/iter. Total: 0.3300 s/iter. ETA=0:08:03
[08/06 14:33:19 d2.evaluation.evaluator]: Inference done 23454/24904. Dataloading: 0.0056 s/iter. Inference: 0.2459 s/iter. Eval: 0.0785 s/iter. Total: 0.3300 s/iter. ETA=0:07:58
[08/06 14:33:24 d2.evaluation.evaluator]: Inference done 23470/24904. Dataloading: 0.0056 s/iter. Inference: 0.2459 s/iter. Eval: 0.0785 s/iter. Total: 0.3300 s/iter. ETA=0:07:53
[08/06 14:33:30 d2.evaluation.evaluator]: Inference done 23485/24904. Dataloading: 0.0056 s/iter. Inference: 0.2459 s/iter. Eval: 0.0785 s/iter. Total: 0.3300 s/iter. ETA=0:07:48
[08/06 14:33:35 d2.evaluation.evaluator]: Inference done 23501/24904. Dataloading: 0.0056 s/iter. Inference: 0.2459 s/iter. Eval: 0.0785 s/iter. Total: 0.3300 s/iter. ETA=0:07:42
[08/06 14:33:40 d2.evaluation.evaluator]: Inference done 23517/24904. Dataloading: 0.0056 s/iter. Inference: 0.2459 s/iter. Eval: 0.0785 s/iter. Total: 0.3300 s/iter. ETA=0:07:37
[08/06 14:33:45 d2.evaluation.evaluator]: Inference done 23533/24904. Dataloading: 0.0056 s/iter. Inference: 0.2458 s/iter. Eval: 0.0785 s/iter. Total: 0.3300 s/iter. ETA=0:07:32
[08/06 14:33:50 d2.evaluation.evaluator]: Inference done 23549/24904. Dataloading: 0.0056 s/iter. Inference: 0.2458 s/iter. Eval: 0.0785 s/iter. Total: 0.3300 s/iter. ETA=0:07:27
[08/06 14:33:55 d2.evaluation.evaluator]: Inference done 23565/24904. Dataloading: 0.0056 s/iter. Inference: 0.2458 s/iter. Eval: 0.0785 s/iter. Total: 0.3300 s/iter. ETA=0:07:21
[08/06 14:34:01 d2.evaluation.evaluator]: Inference done 23581/24904. Dataloading: 0.0056 s/iter. Inference: 0.2458 s/iter. Eval: 0.0785 s/iter. Total: 0.3300 s/iter. ETA=0:07:16
[08/06 14:34:06 d2.evaluation.evaluator]: Inference done 23594/24904. Dataloading: 0.0056 s/iter. Inference: 0.2458 s/iter. Eval: 0.0785 s/iter. Total: 0.3300 s/iter. ETA=0:07:12
[08/06 14:34:11 d2.evaluation.evaluator]: Inference done 23610/24904. Dataloading: 0.0056 s/iter. Inference: 0.2458 s/iter. Eval: 0.0785 s/iter. Total: 0.3300 s/iter. ETA=0:07:06
[08/06 14:34:16 d2.evaluation.evaluator]: Inference done 23626/24904. Dataloading: 0.0056 s/iter. Inference: 0.2458 s/iter. Eval: 0.0785 s/iter. Total: 0.3299 s/iter. ETA=0:07:01
[08/06 14:34:21 d2.evaluation.evaluator]: Inference done 23642/24904. Dataloading: 0.0056 s/iter. Inference: 0.2458 s/iter. Eval: 0.0785 s/iter. Total: 0.3299 s/iter. ETA=0:06:56
[08/06 14:34:26 d2.evaluation.evaluator]: Inference done 23658/24904. Dataloading: 0.0056 s/iter. Inference: 0.2458 s/iter. Eval: 0.0785 s/iter. Total: 0.3299 s/iter. ETA=0:06:51
[08/06 14:34:31 d2.evaluation.evaluator]: Inference done 23674/24904. Dataloading: 0.0056 s/iter. Inference: 0.2458 s/iter. Eval: 0.0785 s/iter. Total: 0.3299 s/iter. ETA=0:06:45
[08/06 14:34:37 d2.evaluation.evaluator]: Inference done 23688/24904. Dataloading: 0.0056 s/iter. Inference: 0.2458 s/iter. Eval: 0.0785 s/iter. Total: 0.3299 s/iter. ETA=0:06:41
[08/06 14:34:42 d2.evaluation.evaluator]: Inference done 23704/24904. Dataloading: 0.0056 s/iter. Inference: 0.2458 s/iter. Eval: 0.0785 s/iter. Total: 0.3299 s/iter. ETA=0:06:35
[08/06 14:34:47 d2.evaluation.evaluator]: Inference done 23720/24904. Dataloading: 0.0055 s/iter. Inference: 0.2458 s/iter. Eval: 0.0785 s/iter. Total: 0.3299 s/iter. ETA=0:06:30
[08/06 14:34:52 d2.evaluation.evaluator]: Inference done 23736/24904. Dataloading: 0.0055 s/iter. Inference: 0.2458 s/iter. Eval: 0.0785 s/iter. Total: 0.3299 s/iter. ETA=0:06:25
[08/06 14:34:57 d2.evaluation.evaluator]: Inference done 23752/24904. Dataloading: 0.0055 s/iter. Inference: 0.2458 s/iter. Eval: 0.0785 s/iter. Total: 0.3299 s/iter. ETA=0:06:20
[08/06 14:35:02 d2.evaluation.evaluator]: Inference done 23768/24904. Dataloading: 0.0055 s/iter. Inference: 0.2458 s/iter. Eval: 0.0785 s/iter. Total: 0.3299 s/iter. ETA=0:06:14
[08/06 14:35:08 d2.evaluation.evaluator]: Inference done 23784/24904. Dataloading: 0.0055 s/iter. Inference: 0.2458 s/iter. Eval: 0.0785 s/iter. Total: 0.3299 s/iter. ETA=0:06:09
[08/06 14:35:13 d2.evaluation.evaluator]: Inference done 23797/24904. Dataloading: 0.0055 s/iter. Inference: 0.2458 s/iter. Eval: 0.0785 s/iter. Total: 0.3299 s/iter. ETA=0:06:05
[08/06 14:35:18 d2.evaluation.evaluator]: Inference done 23812/24904. Dataloading: 0.0055 s/iter. Inference: 0.2458 s/iter. Eval: 0.0785 s/iter. Total: 0.3299 s/iter. ETA=0:06:00
[08/06 14:35:23 d2.evaluation.evaluator]: Inference done 23829/24904. Dataloading: 0.0055 s/iter. Inference: 0.2458 s/iter. Eval: 0.0785 s/iter. Total: 0.3299 s/iter. ETA=0:05:54
[08/06 14:35:28 d2.evaluation.evaluator]: Inference done 23845/24904. Dataloading: 0.0055 s/iter. Inference: 0.2458 s/iter. Eval: 0.0785 s/iter. Total: 0.3299 s/iter. ETA=0:05:49
[08/06 14:35:33 d2.evaluation.evaluator]: Inference done 23861/24904. Dataloading: 0.0055 s/iter. Inference: 0.2458 s/iter. Eval: 0.0785 s/iter. Total: 0.3299 s/iter. ETA=0:05:44
[08/06 14:35:39 d2.evaluation.evaluator]: Inference done 23877/24904. Dataloading: 0.0055 s/iter. Inference: 0.2458 s/iter. Eval: 0.0785 s/iter. Total: 0.3299 s/iter. ETA=0:05:38
[08/06 14:35:44 d2.evaluation.evaluator]: Inference done 23891/24904. Dataloading: 0.0055 s/iter. Inference: 0.2458 s/iter. Eval: 0.0785 s/iter. Total: 0.3299 s/iter. ETA=0:05:34
[08/06 14:35:49 d2.evaluation.evaluator]: Inference done 23907/24904. Dataloading: 0.0055 s/iter. Inference: 0.2458 s/iter. Eval: 0.0785 s/iter. Total: 0.3299 s/iter. ETA=0:05:28
[08/06 14:35:55 d2.evaluation.evaluator]: Inference done 23924/24904. Dataloading: 0.0055 s/iter. Inference: 0.2458 s/iter. Eval: 0.0785 s/iter. Total: 0.3298 s/iter. ETA=0:05:23
[08/06 14:36:00 d2.evaluation.evaluator]: Inference done 23941/24904. Dataloading: 0.0055 s/iter. Inference: 0.2458 s/iter. Eval: 0.0785 s/iter. Total: 0.3298 s/iter. ETA=0:05:17
[08/06 14:36:05 d2.evaluation.evaluator]: Inference done 23957/24904. Dataloading: 0.0055 s/iter. Inference: 0.2458 s/iter. Eval: 0.0785 s/iter. Total: 0.3298 s/iter. ETA=0:05:12
[08/06 14:36:10 d2.evaluation.evaluator]: Inference done 23973/24904. Dataloading: 0.0055 s/iter. Inference: 0.2458 s/iter. Eval: 0.0785 s/iter. Total: 0.3298 s/iter. ETA=0:05:07
[08/06 14:36:15 d2.evaluation.evaluator]: Inference done 23989/24904. Dataloading: 0.0055 s/iter. Inference: 0.2458 s/iter. Eval: 0.0785 s/iter. Total: 0.3298 s/iter. ETA=0:05:01
[08/06 14:36:21 d2.evaluation.evaluator]: Inference done 24002/24904. Dataloading: 0.0055 s/iter. Inference: 0.2458 s/iter. Eval: 0.0785 s/iter. Total: 0.3298 s/iter. ETA=0:04:57
[08/06 14:36:26 d2.evaluation.evaluator]: Inference done 24018/24904. Dataloading: 0.0055 s/iter. Inference: 0.2458 s/iter. Eval: 0.0785 s/iter. Total: 0.3298 s/iter. ETA=0:04:52
[08/06 14:36:31 d2.evaluation.evaluator]: Inference done 24034/24904. Dataloading: 0.0055 s/iter. Inference: 0.2458 s/iter. Eval: 0.0785 s/iter. Total: 0.3298 s/iter. ETA=0:04:46
[08/06 14:36:36 d2.evaluation.evaluator]: Inference done 24050/24904. Dataloading: 0.0055 s/iter. Inference: 0.2458 s/iter. Eval: 0.0785 s/iter. Total: 0.3298 s/iter. ETA=0:04:41
[08/06 14:36:41 d2.evaluation.evaluator]: Inference done 24066/24904. Dataloading: 0.0055 s/iter. Inference: 0.2457 s/iter. Eval: 0.0785 s/iter. Total: 0.3298 s/iter. ETA=0:04:36
[08/06 14:36:46 d2.evaluation.evaluator]: Inference done 24082/24904. Dataloading: 0.0055 s/iter. Inference: 0.2457 s/iter. Eval: 0.0785 s/iter. Total: 0.3298 s/iter. ETA=0:04:31
[08/06 14:36:51 d2.evaluation.evaluator]: Inference done 24095/24904. Dataloading: 0.0055 s/iter. Inference: 0.2457 s/iter. Eval: 0.0785 s/iter. Total: 0.3298 s/iter. ETA=0:04:26
[08/06 14:36:57 d2.evaluation.evaluator]: Inference done 24111/24904. Dataloading: 0.0055 s/iter. Inference: 0.2457 s/iter. Eval: 0.0785 s/iter. Total: 0.3298 s/iter. ETA=0:04:21
[08/06 14:37:02 d2.evaluation.evaluator]: Inference done 24127/24904. Dataloading: 0.0055 s/iter. Inference: 0.2457 s/iter. Eval: 0.0785 s/iter. Total: 0.3298 s/iter. ETA=0:04:16
[08/06 14:37:07 d2.evaluation.evaluator]: Inference done 24143/24904. Dataloading: 0.0055 s/iter. Inference: 0.2457 s/iter. Eval: 0.0785 s/iter. Total: 0.3298 s/iter. ETA=0:04:10
[08/06 14:37:12 d2.evaluation.evaluator]: Inference done 24159/24904. Dataloading: 0.0055 s/iter. Inference: 0.2457 s/iter. Eval: 0.0785 s/iter. Total: 0.3298 s/iter. ETA=0:04:05
[08/06 14:37:17 d2.evaluation.evaluator]: Inference done 24175/24904. Dataloading: 0.0055 s/iter. Inference: 0.2457 s/iter. Eval: 0.0785 s/iter. Total: 0.3298 s/iter. ETA=0:04:00
[08/06 14:37:22 d2.evaluation.evaluator]: Inference done 24191/24904. Dataloading: 0.0055 s/iter. Inference: 0.2457 s/iter. Eval: 0.0785 s/iter. Total: 0.3297 s/iter. ETA=0:03:55
[08/06 14:37:27 d2.evaluation.evaluator]: Inference done 24204/24904. Dataloading: 0.0055 s/iter. Inference: 0.2457 s/iter. Eval: 0.0785 s/iter. Total: 0.3297 s/iter. ETA=0:03:50
[08/06 14:37:32 d2.evaluation.evaluator]: Inference done 24220/24904. Dataloading: 0.0055 s/iter. Inference: 0.2457 s/iter. Eval: 0.0785 s/iter. Total: 0.3297 s/iter. ETA=0:03:45
[08/06 14:37:37 d2.evaluation.evaluator]: Inference done 24236/24904. Dataloading: 0.0055 s/iter. Inference: 0.2457 s/iter. Eval: 0.0785 s/iter. Total: 0.3297 s/iter. ETA=0:03:40
[08/06 14:37:43 d2.evaluation.evaluator]: Inference done 24252/24904. Dataloading: 0.0055 s/iter. Inference: 0.2457 s/iter. Eval: 0.0785 s/iter. Total: 0.3297 s/iter. ETA=0:03:34
[08/06 14:37:48 d2.evaluation.evaluator]: Inference done 24268/24904. Dataloading: 0.0055 s/iter. Inference: 0.2457 s/iter. Eval: 0.0785 s/iter. Total: 0.3297 s/iter. ETA=0:03:29
[08/06 14:37:53 d2.evaluation.evaluator]: Inference done 24284/24904. Dataloading: 0.0055 s/iter. Inference: 0.2457 s/iter. Eval: 0.0785 s/iter. Total: 0.3297 s/iter. ETA=0:03:24
[08/06 14:37:58 d2.evaluation.evaluator]: Inference done 24300/24904. Dataloading: 0.0055 s/iter. Inference: 0.2457 s/iter. Eval: 0.0785 s/iter. Total: 0.3297 s/iter. ETA=0:03:19
[08/06 14:38:03 d2.evaluation.evaluator]: Inference done 24313/24904. Dataloading: 0.0055 s/iter. Inference: 0.2457 s/iter. Eval: 0.0785 s/iter. Total: 0.3297 s/iter. ETA=0:03:14
[08/06 14:38:08 d2.evaluation.evaluator]: Inference done 24329/24904. Dataloading: 0.0055 s/iter. Inference: 0.2457 s/iter. Eval: 0.0784 s/iter. Total: 0.3297 s/iter. ETA=0:03:09
[08/06 14:38:13 d2.evaluation.evaluator]: Inference done 24345/24904. Dataloading: 0.0055 s/iter. Inference: 0.2457 s/iter. Eval: 0.0784 s/iter. Total: 0.3297 s/iter. ETA=0:03:04
[08/06 14:38:18 d2.evaluation.evaluator]: Inference done 24361/24904. Dataloading: 0.0055 s/iter. Inference: 0.2457 s/iter. Eval: 0.0784 s/iter. Total: 0.3297 s/iter. ETA=0:02:59
[08/06 14:38:23 d2.evaluation.evaluator]: Inference done 24377/24904. Dataloading: 0.0055 s/iter. Inference: 0.2457 s/iter. Eval: 0.0784 s/iter. Total: 0.3297 s/iter. ETA=0:02:53
[08/06 14:38:29 d2.evaluation.evaluator]: Inference done 24393/24904. Dataloading: 0.0055 s/iter. Inference: 0.2457 s/iter. Eval: 0.0784 s/iter. Total: 0.3297 s/iter. ETA=0:02:48
[08/06 14:38:34 d2.evaluation.evaluator]: Inference done 24407/24904. Dataloading: 0.0055 s/iter. Inference: 0.2457 s/iter. Eval: 0.0784 s/iter. Total: 0.3297 s/iter. ETA=0:02:43
[08/06 14:38:39 d2.evaluation.evaluator]: Inference done 24423/24904. Dataloading: 0.0055 s/iter. Inference: 0.2457 s/iter. Eval: 0.0784 s/iter. Total: 0.3297 s/iter. ETA=0:02:38
[08/06 14:38:44 d2.evaluation.evaluator]: Inference done 24439/24904. Dataloading: 0.0055 s/iter. Inference: 0.2457 s/iter. Eval: 0.0784 s/iter. Total: 0.3296 s/iter. ETA=0:02:33
[08/06 14:38:49 d2.evaluation.evaluator]: Inference done 24455/24904. Dataloading: 0.0055 s/iter. Inference: 0.2457 s/iter. Eval: 0.0784 s/iter. Total: 0.3296 s/iter. ETA=0:02:28
[08/06 14:38:54 d2.evaluation.evaluator]: Inference done 24471/24904. Dataloading: 0.0055 s/iter. Inference: 0.2457 s/iter. Eval: 0.0784 s/iter. Total: 0.3296 s/iter. ETA=0:02:22
[08/06 14:38:59 d2.evaluation.evaluator]: Inference done 24487/24904. Dataloading: 0.0055 s/iter. Inference: 0.2457 s/iter. Eval: 0.0784 s/iter. Total: 0.3296 s/iter. ETA=0:02:17
[08/06 14:39:04 d2.evaluation.evaluator]: Inference done 24503/24904. Dataloading: 0.0055 s/iter. Inference: 0.2457 s/iter. Eval: 0.0784 s/iter. Total: 0.3296 s/iter. ETA=0:02:12
[08/06 14:39:09 d2.evaluation.evaluator]: Inference done 24516/24904. Dataloading: 0.0055 s/iter. Inference: 0.2457 s/iter. Eval: 0.0784 s/iter. Total: 0.3296 s/iter. ETA=0:02:07
[08/06 14:39:15 d2.evaluation.evaluator]: Inference done 24532/24904. Dataloading: 0.0055 s/iter. Inference: 0.2457 s/iter. Eval: 0.0784 s/iter. Total: 0.3296 s/iter. ETA=0:02:02
[08/06 14:39:20 d2.evaluation.evaluator]: Inference done 24548/24904. Dataloading: 0.0055 s/iter. Inference: 0.2457 s/iter. Eval: 0.0784 s/iter. Total: 0.3296 s/iter. ETA=0:01:57
[08/06 14:39:25 d2.evaluation.evaluator]: Inference done 24564/24904. Dataloading: 0.0055 s/iter. Inference: 0.2457 s/iter. Eval: 0.0784 s/iter. Total: 0.3296 s/iter. ETA=0:01:52
[08/06 14:39:30 d2.evaluation.evaluator]: Inference done 24580/24904. Dataloading: 0.0055 s/iter. Inference: 0.2457 s/iter. Eval: 0.0784 s/iter. Total: 0.3296 s/iter. ETA=0:01:46
[08/06 14:39:35 d2.evaluation.evaluator]: Inference done 24596/24904. Dataloading: 0.0055 s/iter. Inference: 0.2456 s/iter. Eval: 0.0784 s/iter. Total: 0.3296 s/iter. ETA=0:01:41
[08/06 14:39:40 d2.evaluation.evaluator]: Inference done 24609/24904. Dataloading: 0.0055 s/iter. Inference: 0.2456 s/iter. Eval: 0.0784 s/iter. Total: 0.3296 s/iter. ETA=0:01:37
[08/06 14:39:45 d2.evaluation.evaluator]: Inference done 24625/24904. Dataloading: 0.0055 s/iter. Inference: 0.2456 s/iter. Eval: 0.0784 s/iter. Total: 0.3296 s/iter. ETA=0:01:31
[08/06 14:39:50 d2.evaluation.evaluator]: Inference done 24641/24904. Dataloading: 0.0054 s/iter. Inference: 0.2456 s/iter. Eval: 0.0784 s/iter. Total: 0.3296 s/iter. ETA=0:01:26
[08/06 14:39:56 d2.evaluation.evaluator]: Inference done 24657/24904. Dataloading: 0.0054 s/iter. Inference: 0.2456 s/iter. Eval: 0.0784 s/iter. Total: 0.3296 s/iter. ETA=0:01:21
[08/06 14:40:01 d2.evaluation.evaluator]: Inference done 24673/24904. Dataloading: 0.0054 s/iter. Inference: 0.2456 s/iter. Eval: 0.0784 s/iter. Total: 0.3296 s/iter. ETA=0:01:16
[08/06 14:40:06 d2.evaluation.evaluator]: Inference done 24689/24904. Dataloading: 0.0054 s/iter. Inference: 0.2456 s/iter. Eval: 0.0784 s/iter. Total: 0.3296 s/iter. ETA=0:01:10
[08/06 14:40:11 d2.evaluation.evaluator]: Inference done 24705/24904. Dataloading: 0.0054 s/iter. Inference: 0.2456 s/iter. Eval: 0.0784 s/iter. Total: 0.3295 s/iter. ETA=0:01:05
[08/06 14:40:16 d2.evaluation.evaluator]: Inference done 24718/24904. Dataloading: 0.0054 s/iter. Inference: 0.2456 s/iter. Eval: 0.0784 s/iter. Total: 0.3295 s/iter. ETA=0:01:01
[08/06 14:40:21 d2.evaluation.evaluator]: Inference done 24734/24904. Dataloading: 0.0054 s/iter. Inference: 0.2456 s/iter. Eval: 0.0784 s/iter. Total: 0.3295 s/iter. ETA=0:00:56
[08/06 14:40:26 d2.evaluation.evaluator]: Inference done 24750/24904. Dataloading: 0.0054 s/iter. Inference: 0.2456 s/iter. Eval: 0.0784 s/iter. Total: 0.3295 s/iter. ETA=0:00:50
[08/06 14:40:32 d2.evaluation.evaluator]: Inference done 24766/24904. Dataloading: 0.0054 s/iter. Inference: 0.2456 s/iter. Eval: 0.0784 s/iter. Total: 0.3295 s/iter. ETA=0:00:45
[08/06 14:40:37 d2.evaluation.evaluator]: Inference done 24782/24904. Dataloading: 0.0054 s/iter. Inference: 0.2456 s/iter. Eval: 0.0784 s/iter. Total: 0.3295 s/iter. ETA=0:00:40
[08/06 14:40:42 d2.evaluation.evaluator]: Inference done 24798/24904. Dataloading: 0.0054 s/iter. Inference: 0.2456 s/iter. Eval: 0.0784 s/iter. Total: 0.3295 s/iter. ETA=0:00:34
[08/06 14:40:47 d2.evaluation.evaluator]: Inference done 24812/24904. Dataloading: 0.0054 s/iter. Inference: 0.2456 s/iter. Eval: 0.0784 s/iter. Total: 0.3295 s/iter. ETA=0:00:30
[08/06 14:40:52 d2.evaluation.evaluator]: Inference done 24828/24904. Dataloading: 0.0054 s/iter. Inference: 0.2456 s/iter. Eval: 0.0784 s/iter. Total: 0.3295 s/iter. ETA=0:00:25
[08/06 14:40:57 d2.evaluation.evaluator]: Inference done 24844/24904. Dataloading: 0.0054 s/iter. Inference: 0.2456 s/iter. Eval: 0.0784 s/iter. Total: 0.3295 s/iter. ETA=0:00:19
[08/06 14:41:02 d2.evaluation.evaluator]: Inference done 24860/24904. Dataloading: 0.0054 s/iter. Inference: 0.2456 s/iter. Eval: 0.0784 s/iter. Total: 0.3295 s/iter. ETA=0:00:14
[08/06 14:41:08 d2.evaluation.evaluator]: Inference done 24876/24904. Dataloading: 0.0054 s/iter. Inference: 0.2456 s/iter. Eval: 0.0784 s/iter. Total: 0.3295 s/iter. ETA=0:00:09
[08/06 14:41:13 d2.evaluation.evaluator]: Inference done 24892/24904. Dataloading: 0.0054 s/iter. Inference: 0.2456 s/iter. Eval: 0.0784 s/iter. Total: 0.3295 s/iter. ETA=0:00:03
[08/06 14:41:17 d2.evaluation.evaluator]: Total inference time: 2:16:43.661884 (0.329478 s / iter per device, on 1 devices)
[08/06 14:41:17 d2.evaluation.evaluator]: Total inference pure compute time: 1:41:55 (0.245599 s / iter per device, on 1 devices)
[08/06 14:41:30 d2.evaluation.sem_seg_evaluation]: OrderedDict([('sem_seg', {'mIoU': 58.17697554665956, 'fwIoU': 77.65038871069916, 'IoU-road': 82.63005735908723, 'BoundaryIoU-road': 84.8079510654824, 'min(IoU, B-Iou)-road': 82.63005735908723, 'IoU-sidewalk': 38.63039572568628, 'BoundaryIoU-sidewalk': 24.1401042384803, 'min(IoU, B-Iou)-sidewalk': 24.1401042384803, 'IoU-building': 84.63114842052171, 'BoundaryIoU-building': 56.46153830251838, 'min(IoU, B-Iou)-building': 56.46153830251838, 'IoU-wall': 47.36637815518058, 'BoundaryIoU-wall': 20.11907965042098, 'min(IoU, B-Iou)-wall': 20.11907965042098, 'IoU-fence': 45.38099224779583, 'BoundaryIoU-fence': 18.63361714868583, 'min(IoU, B-Iou)-fence': 18.63361714868583, 'IoU-pole': 57.8392729560929, 'BoundaryIoU-pole': 47.21607550200122, 'min(IoU, B-Iou)-pole': 47.21607550200122, 'IoU-traffic light': 66.10090525406682, 'BoundaryIoU-traffic light': 55.44525496266355, 'min(IoU, B-Iou)-traffic light': 55.44525496266355, 'IoU-traffic sign': 39.76808686756135, 'BoundaryIoU-traffic sign': 15.695763334756526, 'min(IoU, B-Iou)-traffic sign': 15.695763334756526, 'IoU-vegetation': 79.48610002571674, 'BoundaryIoU-vegetation': 58.7720367560809, 'min(IoU, B-Iou)-vegetation': 58.7720367560809, 'IoU-terrain': 43.49766418793217, 'BoundaryIoU-terrain': 29.31847607332706, 'min(IoU, B-Iou)-terrain': 29.31847607332706, 'IoU-sky': 93.0382977878859, 'BoundaryIoU-sky': 84.190816460305, 'min(IoU, B-Iou)-sky': 84.190816460305, 'IoU-person': 80.76683861216725, 'BoundaryIoU-person': 43.43514721937907, 'min(IoU, B-Iou)-person': 43.43514721937907, 'IoU-rider': 59.146276551172946, 'BoundaryIoU-rider': 34.31409100394027, 'min(IoU, B-Iou)-rider': 34.31409100394027, 'IoU-car': 88.10720715390504, 'BoundaryIoU-car': 0.0, 'min(IoU, B-Iou)-car': 0.0, 'IoU-truck': 71.446182863509, 'BoundaryIoU-truck': 0.0, 'min(IoU, B-Iou)-truck': 0.0, 'IoU-bus': 33.35033837489012, 'BoundaryIoU-bus': 0.0, 'min(IoU, B-Iou)-bus': 0.0, 'IoU-train': 11.524139760619825, 'BoundaryIoU-train': 0.0, 'min(IoU, B-Iou)-train': 0.0, 'IoU-motorcycle': 63.994790164169125, 'BoundaryIoU-motorcycle': 0.0, 'min(IoU, B-Iou)-motorcycle': 0.0, 'IoU-bicycle': 18.65746291857085, 'BoundaryIoU-bicycle': 0.0, 'min(IoU, B-Iou)-bicycle': 0.0, 'mACC': 76.25372274547706, 'pACC': 86.77473914648591, 'ACC-road': 93.66947543401103, 'ACC-sidewalk': 45.985359514782814, 'ACC-building': 93.83796220154167, 'ACC-wall': 63.85581109809441, 'ACC-fence': 63.16564149128556, 'ACC-pole': 76.04035310117011, 'ACC-traffic light': 79.26473193007337, 'ACC-traffic sign': 74.47841932963436, 'ACC-vegetation': 87.43751062598608, 'ACC-terrain': 60.40349952240881, 'ACC-sky': 95.42676227457375, 'ACC-person': 89.04235643891553, 'ACC-rider': 89.60746737325502, 'ACC-car': 95.60966598991521, 'ACC-truck': 87.45852853885447, 'ACC-bus': 35.97825624592464, 'ACC-train': 47.743291762427184, 'ACC-motorcycle': 79.11672431110742, 'ACC-bicycle': 90.69891498010263})])
[08/06 14:41:30 d2.engine.defaults]: Evaluation results for gta5_sem_seg_val in csv format:
[08/06 14:41:30 d2.evaluation.testing]: copypaste: Task: sem_seg
[08/06 14:41:30 d2.evaluation.testing]: copypaste: mIoU,fwIoU,mACC,pACC
[08/06 14:41:30 d2.evaluation.testing]: copypaste: 58.1770,77.6504,76.2537,86.7747
